Rebalance date,Model,Frobenius loss,Portfolio-risk loss
2017-01-31,Original TV-MVP,0.0035893466477325757,7.787429308774645e-06
2017-01-31,Dynamic SigmaF TV-MVP,0.0031138138532554377,6.587847378563375e-06
2017-01-31,Dynamic-factor CVaR,0.0036370044491021002,1.2701188859068869e-05
2017-02-28,Original TV-MVP,0.002379824191921316,1.7576250400361344e-05
2017-02-28,Dynamic SigmaF TV-MVP,0.0024660534083746155,2.018647040081134e-05
2017-02-28,Dynamic-factor CVaR,0.0025092180742050762,1.1073608783234599e-05
2017-03-31,Original TV-MVP,0.002247583135398861,1.5495863097299976e-05
2017-03-31,Dynamic SigmaF TV-MVP,0.0020914553038854436,1.4424569399122683e-05
2017-03-31,Dynamic-factor CVaR,0.002350008764605361,1.720031736659535e-06
2017-04-28,Original TV-MVP,0.0031368082505768124,1.3329997461338802e-05
2017-04-28,Dynamic SigmaF TV-MVP,0.0031348114393217824,1.343585472697184e-05
2017-04-28,Dynamic-factor CVaR,0.0031841088037232383,1.2440931770155786e-05
2017-05-31,Original TV-MVP,0.002884955401682164,2.907475157075071e-06
2017-05-31,Dynamic SigmaF TV-MVP,0.0037625500666680035,2.9846497120769607e-06
2017-05-31,Dynamic-factor CVaR,0.0030355973743142694,1.7121381309622584e-06
2017-06-30,Original TV-MVP,0.0026929625430256203,1.7068764871618332e-05
2017-06-30,Dynamic SigmaF TV-MVP,0.0025776806806836524,1.6831858130969477e-05
2017-06-30,Dynamic-factor CVaR,0.0027402250253904608,1.7156329185803114e-05
2017-07-31,Original TV-MVP,0.0036169832684357192,2.3258816118060576e-05
2017-07-31,Dynamic SigmaF TV-MVP,0.0036425645931663047,2.513619414008261e-05
2017-07-31,Dynamic-factor CVaR,0.0036105335394774414,3.677977320653553e-05
2017-08-31,Original TV-MVP,0.002299204176756827,1.9539651200684776e-05
2017-08-31,Dynamic SigmaF TV-MVP,0.002545874826850196,1.9135650028327672e-05
2017-08-31,Dynamic-factor CVaR,0.002295582367365646,1.3730340428272007e-05
2017-09-29,Original TV-MVP,0.007150244029193807,1.9938056431522877e-06
2017-09-29,Dynamic SigmaF TV-MVP,0.007310138158714299,1.910569147393037e-06
2017-09-29,Dynamic-factor CVaR,0.00711145157580624,6.453310238993889e-06
2017-10-31,Original TV-MVP,0.003930633445128322,9.432270340102687e-08
2017-10-31,Dynamic SigmaF TV-MVP,0.007326161061113854,2.575752677734282e-06
2017-10-31,Dynamic-factor CVaR,0.003910880648444972,7.639376130462984e-07
2017-11-30,Original TV-MVP,0.0035813998195747157,2.76780376729838e-05
2017-11-30,Dynamic SigmaF TV-MVP,0.003431509601237443,2.803321872576033e-05
2017-11-30,Dynamic-factor CVaR,0.0033238522762963625,3.5071047832032785e-05
2017-12-29,Original TV-MVP,0.003063385650473161,1.2471470110065784e-05
2017-12-29,Dynamic SigmaF TV-MVP,0.002467830809609865,1.2138854405589254e-05
2017-12-29,Dynamic-factor CVaR,0.0029579536292083856,1.1128784334912855e-05
2018-01-31,Original TV-MVP,0.0037980872608651397,5.00447135630973e-05
2018-01-31,Dynamic SigmaF TV-MVP,0.003916987844717103,5.148004700508823e-05
2018-01-31,Dynamic-factor CVaR,0.0038535849632881825,4.359166152920521e-05
2018-02-28,Original TV-MVP,0.0028492062062312616,1.8461364123456696e-05
2018-02-28,Dynamic SigmaF TV-MVP,0.002950219867402314,1.7284841214069776e-05
2018-02-28,Dynamic-factor CVaR,0.002790230134262577,2.5247716300821484e-05
2018-03-28,Original TV-MVP,0.0033413102802859404,4.006750707087561e-05
2018-03-28,Dynamic SigmaF TV-MVP,0.0034847702552137454,4.353969028495335e-05
2018-03-28,Dynamic-factor CVaR,0.0034528400054859285,5.128131074693358e-06
2018-04-30,Original TV-MVP,0.003057470816003489,9.738244641921237e-06
2018-04-30,Dynamic SigmaF TV-MVP,0.003402434499701699,1.123764000959126e-05
2018-04-30,Dynamic-factor CVaR,0.0029066080041428616,8.676422356034108e-06
2018-05-31,Original TV-MVP,0.0029959259405638525,3.9888294667411045e-05
2018-05-31,Dynamic SigmaF TV-MVP,0.0030062458564999277,3.9835182455464976e-05
2018-05-31,Dynamic-factor CVaR,0.0031932425977007264,2.670307036575853e-05
2018-06-29,Original TV-MVP,0.0037150508780465006,8.773406992524188e-07
2018-06-29,Dynamic SigmaF TV-MVP,0.003685428416255385,3.3760743875025693e-07
2018-06-29,Dynamic-factor CVaR,0.0037289421973411836,4.3545138664670435e-06
2018-07-31,Original TV-MVP,0.0033129204646358025,7.19510149965535e-06
2018-07-31,Dynamic SigmaF TV-MVP,0.0038447292438861945,7.411013961555515e-06
2018-07-31,Dynamic-factor CVaR,0.0032669200196852365,7.113149404185554e-06
2018-08-31,Original TV-MVP,0.004643733641600764,6.353794908652504e-05
2018-08-31,Dynamic SigmaF TV-MVP,0.004895972102058985,6.501471884488023e-05
2018-08-31,Dynamic-factor CVaR,0.004636932083692418,5.19300974620194e-05
2018-09-28,Original TV-MVP,0.009282493212930053,0.00013105369259227228
2018-09-28,Dynamic SigmaF TV-MVP,0.008835122620017299,0.00013164501160179304
2018-09-28,Dynamic-factor CVaR,0.009489814006926257,0.00013354240220678367
2018-10-31,Original TV-MVP,0.005471432038916002,2.5284835800116027e-05
2018-10-31,Dynamic SigmaF TV-MVP,0.007856266445612685,2.7619978733373123e-05
2018-10-31,Dynamic-factor CVaR,0.00484882014690031,3.1941091003396196e-06
2018-11-30,Original TV-MVP,0.003841842559097959,4.1405799833965404e-05
2018-11-30,Dynamic SigmaF TV-MVP,0.0037005155313181845,4.4802083617746295e-05
2018-11-30,Dynamic-factor CVaR,0.004053259409415334,2.8585119645888437e-05
2018-12-31,Original TV-MVP,0.0039981372000914344,3.923135685644025e-06
2018-12-31,Dynamic SigmaF TV-MVP,0.0032579448068030046,3.983975826613923e-06
2018-12-31,Dynamic-factor CVaR,0.003798872473049652,8.235599317002565e-06
2019-01-31,Original TV-MVP,0.0037753871219202307,6.513518774112005e-05
2019-01-31,Dynamic SigmaF TV-MVP,0.004299445883172734,7.016136476922292e-05
2019-01-31,Dynamic-factor CVaR,0.0038109290574310055,3.1543308751116144e-05
2019-02-28,Original TV-MVP,0.0032329120350179535,1.0682305239997226e-05
2019-02-28,Dynamic SigmaF TV-MVP,0.003121829631170727,1.0800309706286971e-05
2019-02-28,Dynamic-factor CVaR,0.003318985999966508,1.324969319228807e-05
2019-03-28,Original TV-MVP,0.0028210138988804738,1.5780642170592325e-06
2019-03-28,Dynamic SigmaF TV-MVP,0.002688000259638665,1.3344148958473851e-06
2019-03-28,Dynamic-factor CVaR,0.0032442209419053817,1.225655128025376e-05
2019-04-30,Original TV-MVP,0.005114309541097652,2.003845844933707e-05
2019-04-30,Dynamic SigmaF TV-MVP,0.005391347988784644,2.2717396276671013e-05
2019-04-30,Dynamic-factor CVaR,0.005298157689522969,3.2186078290226264e-05
2019-05-31,Original TV-MVP,0.00321526579471908,5.0341694714305476e-05
2019-05-31,Dynamic SigmaF TV-MVP,0.004472990853308158,5.099577861476592e-05
2019-05-31,Dynamic-factor CVaR,0.0032805496026715067,3.113112418080359e-05
2019-06-28,Original TV-MVP,0.004162609492401193,3.3589365087549114e-05
2019-06-28,Dynamic SigmaF TV-MVP,0.004112591897664575,3.264514339640645e-05
2019-06-28,Dynamic-factor CVaR,0.004190455892008609,2.8634386377244717e-05
2019-07-31,Original TV-MVP,0.004693716215951408,3.626042887840469e-05
2019-07-31,Dynamic SigmaF TV-MVP,0.004782657451908806,3.784486911236661e-05
2019-07-31,Dynamic-factor CVaR,0.004695410937028284,2.9058978351204038e-05
2019-08-30,Original TV-MVP,0.013421140782938792,5.168321831029214e-05
2019-08-30,Dynamic SigmaF TV-MVP,0.013139887405828799,5.1424816942174324e-05
2019-08-30,Dynamic-factor CVaR,0.013129532338575948,7.719000566349362e-05
2019-09-30,Original TV-MVP,0.00785705530270882,1.5974805364762045e-05
2019-09-30,Dynamic SigmaF TV-MVP,0.013514138907909238,1.6255839613903244e-05
2019-09-30,Dynamic-factor CVaR,0.008900163171270941,2.6304913749492945e-05
2019-10-31,Original TV-MVP,0.00794274617908846,2.7786499609481967e-05
2019-10-31,Dynamic SigmaF TV-MVP,0.00647532037046008,2.701078436834787e-05
2019-10-31,Dynamic-factor CVaR,0.007564555334905724,5.615806082706565e-06
2019-11-29,Original TV-MVP,0.004827068917716139,1.828972787816713e-05
2019-11-29,Dynamic SigmaF TV-MVP,0.002805894874192918,1.669186385245055e-05
2019-11-29,Dynamic-factor CVaR,0.004781698001820781,1.5254594921889628e-05
2019-12-31,Original TV-MVP,0.002792002034954694,2.1084189030764962e-05
2019-12-31,Dynamic SigmaF TV-MVP,0.002961090741460466,3.331478433212453e-05
2019-12-31,Dynamic-factor CVaR,0.002835355555063971,1.149258226935915e-05
2020-01-31,Original TV-MVP,0.00689274881281205,8.533655670114483e-05
2020-01-31,Dynamic SigmaF TV-MVP,0.006697843220903871,8.448532347710277e-05
2020-01-31,Dynamic-factor CVaR,0.006947974718827403,9.828758232502757e-05
2020-02-28,Original TV-MVP,0.08594007848431759,0.0018645712149408565
2020-02-28,Dynamic SigmaF TV-MVP,0.08341832674210214,0.0018558093246351859
2020-02-28,Dynamic-factor CVaR,0.08597612303136182,0.0020304964872238
2020-03-31,Original TV-MVP,0.025785707265621023,0.0004803053475962252
2020-03-31,Dynamic SigmaF TV-MVP,0.05702582883263037,0.0005288840825694468
2020-03-31,Dynamic-factor CVaR,0.02397265362795788,7.392886869745237e-05
2020-04-30,Original TV-MVP,0.032043794631530786,0.00020666219406691576
2020-04-30,Dynamic SigmaF TV-MVP,0.03878062368693683,0.000213248965682583
2020-04-30,Dynamic-factor CVaR,0.0320998986162318,0.00038676625136495964
2020-05-29,Original TV-MVP,0.0320257183777011,0.00010050143392933698
2020-05-29,Dynamic SigmaF TV-MVP,0.01945902475860184,7.234922117235771e-05
2020-05-29,Dynamic-factor CVaR,0.027309105844603446,0.0003244626574908501
2020-06-30,Original TV-MVP,0.013214168516513214,4.036121701112816e-05
2020-06-30,Dynamic SigmaF TV-MVP,0.005717038021827666,3.147922500414448e-05
2020-06-30,Dynamic-factor CVaR,0.010730878949208338,9.419835437648146e-05
2020-07-31,Original TV-MVP,0.005382521797681066,1.929534924119639e-05
2020-07-31,Dynamic SigmaF TV-MVP,0.003983171791244513,2.5042478850482166e-05
2020-07-31,Dynamic-factor CVaR,0.005274199732976886,2.892511000427004e-05
2020-08-31,Original TV-MVP,0.006571391100916415,0.00011012691587553001
2020-08-31,Dynamic SigmaF TV-MVP,0.006449372170449082,0.00010679093084224058
2020-08-31,Dynamic-factor CVaR,0.0067213530380653645,0.00010195275665546882
2020-09-30,Original TV-MVP,0.004588015052973502,3.45782657042055e-05
2020-09-30,Dynamic SigmaF TV-MVP,0.007519587820752259,3.481450945821872e-05
2020-09-30,Dynamic-factor CVaR,0.004826878652135179,2.1685576865686844e-05
2020-10-30,Original TV-MVP,0.005143923571758286,3.66299098634659e-05
2020-10-30,Dynamic SigmaF TV-MVP,0.005049541371447976,3.9904353498624805e-05
2020-10-30,Dynamic-factor CVaR,0.005285193487243254,3.4054349728478866e-07
2020-11-27,Original TV-MVP,0.004358916117060296,6.04157801962985e-05
2020-11-27,Dynamic SigmaF TV-MVP,0.004699242780339115,7.343909728897688e-05
2020-11-27,Dynamic-factor CVaR,0.004530625679847977,3.170905130445522e-05
2020-12-31,Original TV-MVP,0.004451382889163582,9.462055995500764e-05
2020-12-31,Dynamic SigmaF TV-MVP,0.004224784770980502,9.134599949625648e-05
2020-12-31,Dynamic-factor CVaR,0.004705866020734022,4.2919731180606296e-05
2021-01-29,Original TV-MVP,0.008890820209340433,0.00030042027192585474
2021-01-29,Dynamic SigmaF TV-MVP,0.008773906882243302,0.00033330662677984017
2021-01-29,Dynamic-factor CVaR,0.008866949440276186,0.00014856638341006546
2021-02-26,Original TV-MVP,0.004628781092327825,0.0001370828074008439
2021-02-26,Dynamic SigmaF TV-MVP,0.0067690498382464905,0.00014337278292649372
2021-02-26,Dynamic-factor CVaR,0.005632601754138309,4.750040079843574e-05
2021-03-31,Original TV-MVP,0.006294911824677371,1.7162706658285933e-05
2021-03-31,Dynamic SigmaF TV-MVP,0.006636905774392625,2.160955782381748e-05
2021-03-31,Dynamic-factor CVaR,0.006393156292017179,4.2991256610087e-05
2021-04-30,Original TV-MVP,0.005750164418845176,7.930197930120299e-06
2021-04-30,Dynamic SigmaF TV-MVP,0.006278109865169035,6.65452057289111e-06
2021-04-30,Dynamic-factor CVaR,0.004528937424766613,1.9771110666752215e-05
2021-05-31,Original TV-MVP,0.004885062358603821,1.9677609773391965e-05
2021-05-31,Dynamic SigmaF TV-MVP,0.0035262621996413183,1.5737054178968822e-05
2021-05-31,Dynamic-factor CVaR,0.0040185708852817316,3.479989616983051e-05
2021-06-30,Original TV-MVP,0.0034106565692209115,2.676814341045752e-05
2021-06-30,Dynamic SigmaF TV-MVP,0.003162810794135751,1.9154410685078196e-05
2021-06-30,Dynamic-factor CVaR,0.0033850343637935997,1.7627001962835912e-06
2021-07-30,Original TV-MVP,0.0031435999911311368,2.5734918000602382e-05
2021-07-30,Dynamic SigmaF TV-MVP,0.0037573024440911425,2.614112193363864e-05
2021-07-30,Dynamic-factor CVaR,0.0032030103234388877,2.7964140130985607e-05
2021-08-31,Original TV-MVP,0.0029568441042882297,5.0197716130362395e-06
2021-08-31,Dynamic SigmaF TV-MVP,0.003200876448761027,2.997306270828711e-06
2021-08-31,Dynamic-factor CVaR,0.0034761972489224303,4.576171454907643e-06
2021-09-30,Original TV-MVP,0.004581682413031471,3.943436414628073e-05
2021-09-30,Dynamic SigmaF TV-MVP,0.00474189102032727,3.73582781852271e-05
2021-09-30,Dynamic-factor CVaR,0.004663103409125592,5.495857243497175e-05
2021-10-29,Original TV-MVP,0.004225443515849448,3.820325223463124e-05
2021-10-29,Dynamic SigmaF TV-MVP,0.004212838211286501,3.56074171624227e-05
2021-10-29,Dynamic-factor CVaR,0.004574185567389802,2.732194850789014e-05
2021-11-30,Original TV-MVP,0.00315191146004585,4.851619321369098e-05
2021-11-30,Dynamic SigmaF TV-MVP,0.0033598645261952937,4.5786671035125766e-05
2021-11-30,Dynamic-factor CVaR,0.0032816062903446987,4.405729212492114e-05
2021-12-31,Original TV-MVP,0.0034111894212795943,1.971667909491718e-05
2021-12-31,Dynamic SigmaF TV-MVP,0.003462721580491506,2.038474318725446e-05
2021-12-31,Dynamic-factor CVaR,0.0033465791505350264,2.0478693750586942e-05
2022-01-31,Original TV-MVP,0.009302575013497264,8.169103751058772e-05
2022-01-31,Dynamic SigmaF TV-MVP,0.008542935785093405,7.08888339518568e-05
2022-01-31,Dynamic-factor CVaR,0.009571114652957612,0.0001223331798306673
2022-02-28,Original TV-MVP,0.00768555282171338,1.7523536002238526e-05
2022-02-28,Dynamic SigmaF TV-MVP,0.011651994167414656,2.621321854579395e-05
2022-02-28,Dynamic-factor CVaR,0.007635259917663832,2.717140049610898e-05
2022-03-31,Original TV-MVP,0.005199096224562435,8.482922920857928e-05
2022-03-31,Dynamic SigmaF TV-MVP,0.005749520899423272,8.335774303012234e-05
2022-03-31,Dynamic-factor CVaR,0.00528014823091971,4.1585044592173855e-05
2022-04-29,Original TV-MVP,0.006545793636868091,7.661356597142243e-05
2022-04-29,Dynamic SigmaF TV-MVP,0.0069592349876419594,8.223933543863563e-05
2022-04-29,Dynamic-factor CVaR,0.006281147338575584,1.577073841716954e-05
2022-05-31,Original TV-MVP,0.00395612327732057,6.142531533028318e-05
2022-05-31,Dynamic SigmaF TV-MVP,0.004754599621911865,5.29801638869236e-05
2022-05-31,Dynamic-factor CVaR,0.003963448113009996,2.8732909306466775e-07
2022-06-30,Original TV-MVP,0.005573632733410066,1.2140486781897162e-05
2022-06-30,Dynamic SigmaF TV-MVP,0.005756227867544818,1.2641702054620849e-05
2022-06-30,Dynamic-factor CVaR,0.005257922732435736,3.861509864800442e-05
2022-07-29,Original TV-MVP,0.003804155329815867,1.5707656895275253e-05
2022-07-29,Dynamic SigmaF TV-MVP,0.003060440770486052,1.7969263848701632e-05
2022-07-29,Dynamic-factor CVaR,0.003596455606374237,1.010771768245874e-08
2022-08-30,Original TV-MVP,0.0029174236028488426,2.7741678922512316e-05
2022-08-30,Dynamic SigmaF TV-MVP,0.0029679159535798256,2.793360942824476e-05
2022-08-30,Dynamic-factor CVaR,0.0030384556846332978,3.7324834310757115e-05
2022-09-30,Original TV-MVP,0.002933501025290627,3.476497519082784e-05
2022-09-30,Dynamic SigmaF TV-MVP,0.0033773836188238445,3.3268411782573406e-05
2022-09-30,Dynamic-factor CVaR,0.002912777519083214,1.3833875107069208e-05
2022-10-31,Original TV-MVP,0.003027501605155921,8.689686229511418e-06
2022-10-31,Dynamic SigmaF TV-MVP,0.002801517365355307,9.217401816086355e-06
2022-10-31,Dynamic-factor CVaR,0.0030672329116555024,2.0498189893351815e-05
2022-11-30,Original TV-MVP,0.0019409281352477958,7.4659205929618035e-06
2022-11-30,Dynamic SigmaF TV-MVP,0.0022325608422080717,7.1093428955440875e-06
2022-11-30,Dynamic-factor CVaR,0.0020571146286020316,1.1393508188221353e-05
2022-12-30,Original TV-MVP,0.002758016307578849,8.42040193238136e-06
2022-12-30,Dynamic SigmaF TV-MVP,0.0029015104985965793,1.2400438530723131e-05
2022-12-30,Dynamic-factor CVaR,0.0027474495288365474,8.559175643439813e-07
2023-01-31,Original TV-MVP,0.004198352199838903,2.3352838944022467e-05
2023-01-31,Dynamic SigmaF TV-MVP,0.004019062623227518,2.1409649940119442e-05
2023-01-31,Dynamic-factor CVaR,0.004147477997452657,1.7048253370622517e-05
2023-02-28,Original TV-MVP,0.002640650154627871,1.852947477324881e-05
2023-02-28,Dynamic SigmaF TV-MVP,0.0032623837763477714,1.9029153189719126e-05
2023-02-28,Dynamic-factor CVaR,0.0029241042942293786,4.011188551677072e-06
2023-03-31,Original TV-MVP,0.0035401345934414903,1.2265674053769064e-06
2023-03-31,Dynamic SigmaF TV-MVP,0.003356867935281867,9.756589451853972e-07
2023-03-31,Dynamic-factor CVaR,0.003563208849388514,5.5041536939703315e-06
2023-04-28,Original TV-MVP,0.002071645802014612,8.465849472199984e-07
2023-04-28,Dynamic SigmaF TV-MVP,0.0016060844026392145,2.0364254113539544e-06
2023-04-28,Dynamic-factor CVaR,0.0021474983023213492,5.933085254181636e-06
2023-05-31,Original TV-MVP,0.0015359055940274856,1.2642481338819253e-05
2023-05-31,Dynamic SigmaF TV-MVP,0.0014466351198282208,1.2408745257894522e-05
2023-05-31,Dynamic-factor CVaR,0.0016151797584101294,1.1275551065860725e-05
2023-06-30,Original TV-MVP,0.00205071961280597,4.072584960299055e-06
2023-06-30,Dynamic SigmaF TV-MVP,0.0020309480311349313,3.93678531862824e-06
2023-06-30,Dynamic-factor CVaR,0.002078275551675125,1.3603131326467115e-06
2023-07-31,Original TV-MVP,0.0015406382253490114,9.860111333052692e-06
2023-07-31,Dynamic SigmaF TV-MVP,0.0019649220370565944,1.0052815857481235e-05
2023-07-31,Dynamic-factor CVaR,0.0015042074780537863,7.68907322562203e-06
2023-08-31,Original TV-MVP,0.002038303292060029,1.572168962899244e-05
2023-08-31,Dynamic SigmaF TV-MVP,0.0020255311914065535,1.6153100890154598e-05
2023-08-31,Dynamic-factor CVaR,0.0020829937938945,5.661031141267813e-06
2023-09-29,Original TV-MVP,0.0018475480854622962,4.6097653367769667e-05
2023-09-29,Dynamic SigmaF TV-MVP,0.001879232112705101,4.6941702096611355e-05
2023-09-29,Dynamic-factor CVaR,0.0019109975001640326,3.430965451758399e-05
2023-10-31,Original TV-MVP,0.0017421044285527995,1.1463922931244872e-06
2023-10-31,Dynamic SigmaF TV-MVP,0.0020109066393375406,4.102790650375207e-06
2023-10-31,Dynamic-factor CVaR,0.00173780626337825,5.493543620702618e-06
2023-11-30,Original TV-MVP,0.0027279084551884076,1.0925360660394275e-05
2023-11-30,Dynamic SigmaF TV-MVP,0.0028794413853013064,1.7516387354055955e-05
2023-11-30,Dynamic-factor CVaR,0.002763999709225956,1.4086870187263284e-05
2023-12-29,Original TV-MVP,0.0033805879264048517,3.611782145818382e-05
2023-12-29,Dynamic SigmaF TV-MVP,0.003389135397292286,3.619923663121993e-05
2023-12-29,Dynamic-factor CVaR,0.0033816929995233017,4.857677565474465e-05
2024-01-31,Original TV-MVP,0.0029165883430358483,6.974161991376088e-05
2024-01-31,Dynamic SigmaF TV-MVP,0.003713884391485097,7.662706225433115e-05
2024-01-31,Dynamic-factor CVaR,0.002785352177900446,1.4338831589660557e-05
2024-02-29,Original TV-MVP,0.0035704225059710283,2.9740183200494983e-05
2024-02-29,Dynamic SigmaF TV-MVP,0.0035686536128533555,2.9517267081972914e-05
2024-02-29,Dynamic-factor CVaR,0.0037284720004090565,2.7673211672154977e-05
2024-03-28,Original TV-MVP,0.003349052318712597,2.2301561062090697e-05
2024-03-28,Dynamic SigmaF TV-MVP,0.003675708338936412,2.3715634139996684e-05
2024-03-28,Dynamic-factor CVaR,0.003503332043537401,4.611304892089928e-06
2024-04-30,Original TV-MVP,0.0023395681841403447,2.3902008794653657e-05
2024-04-30,Dynamic SigmaF TV-MVP,0.002766392148918854,2.1949498786559598e-05
2024-04-30,Dynamic-factor CVaR,0.002399104442603919,1.2101595256808713e-05
2024-05-31,Original TV-MVP,0.01961219191921855,9.30062302223575e-05
2024-05-31,Dynamic SigmaF TV-MVP,0.019653365620896694,9.370275688456734e-05
2024-05-31,Dynamic-factor CVaR,0.019853663741163256,0.00012234107511364898
2024-06-28,Original TV-MVP,0.008192132791399846,3.9233300785954746e-08
2024-06-28,Dynamic SigmaF TV-MVP,0.01008907877355636,5.188813376941644e-07
2024-06-28,Dynamic-factor CVaR,0.007285405960899193,5.496301613084148e-06
2024-07-31,Original TV-MVP,0.004205219434581226,2.4049619860879676e-05
2024-07-31,Dynamic SigmaF TV-MVP,0.0030520000840917718,2.7084322950643333e-05
2024-07-31,Dynamic-factor CVaR,0.003640674076315517,1.03771877323741e-05
2024-08-30,Original TV-MVP,0.0030176327675900958,3.394572507822266e-05
2024-08-30,Dynamic SigmaF TV-MVP,0.0017947324683778476,3.216286160545784e-05
2024-08-30,Dynamic-factor CVaR,0.0025252390989256163,8.885844520972292e-06
2024-09-30,Original TV-MVP,0.002781311328134286,9.125938887194619e-06
2024-09-30,Dynamic SigmaF TV-MVP,0.0025825195243920833,8.008624940831986e-06
2024-09-30,Dynamic-factor CVaR,0.002805215614599177,1.6057443460540247e-05
2024-10-31,Original TV-MVP,0.0036530563508075584,7.807922093399482e-05
2024-10-31,Dynamic SigmaF TV-MVP,0.004099257650701031,7.661768904315119e-05
2024-10-31,Dynamic-factor CVaR,0.0036744318344808877,7.144821071257182e-05
2024-11-29,Original TV-MVP,0.0020273940534381437,4.9745034734251315e-06
2024-11-29,Dynamic SigmaF TV-MVP,0.0030101545814575645,6.927580145156676e-06
2024-11-29,Dynamic-factor CVaR,0.002469784891183606,2.5638763098208105e-05
2024-12-31,Original TV-MVP,0.0034484072985208015,4.666596093712861e-05
2024-12-31,Dynamic SigmaF TV-MVP,0.003562861353751661,4.774459460334231e-05
2024-12-31,Dynamic-factor CVaR,0.003532808954929198,1.0473415633628595e-05
2025-01-31,Original TV-MVP,0.002716677516207901,3.24722213250589e-05
2025-01-31,Dynamic SigmaF TV-MVP,0.003154090072506541,3.3731582585054925e-05
2025-01-31,Dynamic-factor CVaR,0.002634342100094491,7.535647317267796e-06
2025-02-28,Original TV-MVP,0.0025390777325902383,3.56860675147138e-05
2025-02-28,Dynamic SigmaF TV-MVP,0.0027648853754900704,3.823605531168696e-05
2025-02-28,Dynamic-factor CVaR,0.002742517052965952,3.0003796539661206e-06
2025-03-28,Original TV-MVP,0.006782206286195339,0.00011005163300644803
2025-03-28,Dynamic SigmaF TV-MVP,0.0067938774681438495,0.00010970364181335062
2025-03-28,Dynamic-factor CVaR,0.007055656294909323,0.00012116688961751778
2025-04-30,Original TV-MVP,0.0034340867904334806,8.946904017867238e-05
2025-04-30,Dynamic SigmaF TV-MVP,0.003939920748785823,8.992569790286418e-05
2025-04-30,Dynamic-factor CVaR,0.003429949270716947,4.8112214012447246e-05
2025-05-30,Original TV-MVP,0.0041303346311862745,6.375198629363024e-06
2025-05-30,Dynamic SigmaF TV-MVP,0.003774869031323344,4.412447316458618e-06
2025-05-30,Dynamic-factor CVaR,0.004315990872072577,2.782851870766381e-05
2025-06-30,Original TV-MVP,0.0031830836021046797,5.955538021598078e-07
2025-06-30,Dynamic SigmaF TV-MVP,0.0019736287947182533,2.3271490615136375e-06
2025-06-30,Dynamic-factor CVaR,0.0027493887069211906,2.8915985802246315e-05
2025-07-31,Original TV-MVP,0.002023161118232297,1.9341735120856213e-05
2025-07-31,Dynamic SigmaF TV-MVP,0.0023777473789298193,2.8661576623743147e-05
2025-07-31,Dynamic-factor CVaR,0.0021414068494648945,2.1235027471776213e-05
2025-08-29,Original TV-MVP,0.0015167457950219906,1.7706631876763518e-06
2025-08-29,Dynamic SigmaF TV-MVP,0.001756662429612066,1.2157346069869073e-06
2025-08-29,Dynamic-factor CVaR,0.0015462782852270272,1.3004644777017645e-06
2025-09-30,Original TV-MVP,0.0016474164019570805,1.738895338650086e-05
2025-09-30,Dynamic SigmaF TV-MVP,0.0016216203960989237,1.8381667606892097e-05
2025-09-30,Dynamic-factor CVaR,0.0016744690413135303,1.5419676772984258e-05
2025-10-31,Original TV-MVP,0.001637025478973717,1.5816743844835545e-05
2025-10-31,Dynamic SigmaF TV-MVP,0.0016354868860040453,1.7256659151545024e-05
2025-10-31,Dynamic-factor CVaR,0.0016482681662167804,1.0372624126815471e-07
2025-11-28,Original TV-MVP,0.001391495458484118,7.880110951638689e-06
2025-11-28,Dynamic SigmaF TV-MVP,0.001381157135672226,6.236465721054819e-06
2025-11-28,Dynamic-factor CVaR,0.0014472732153379179,2.1088719228078524e-06
2025-12-31,Original TV-MVP,0.00312882358510704,4.156466592594122e-05
2025-12-31,Dynamic SigmaF TV-MVP,0.003095651928893545,3.988887663449498e-05
2025-12-31,Dynamic-factor CVaR,0.0031606834466300377,3.271480793579751e-05
2026-01-30,Original TV-MVP,0.0033562595988886204,6.559559779076278e-05
2026-01-30,Dynamic SigmaF TV-MVP,0.0036606560055378757,6.350569287855631e-05
2026-01-30,Dynamic-factor CVaR,0.003437086298739841,6.267622292031977e-05
2026-02-27,Original TV-MVP,0.010038681616233135,0.00017156856464370837
2026-02-27,Dynamic SigmaF TV-MVP,0.009583090209470315,0.00016226918527251121
2026-02-27,Dynamic-factor CVaR,0.010099278240050445,0.00015603731330034084
2026-03-30,Original TV-MVP,0.004329256721307785,3.957741526539856e-05
2026-03-30,Dynamic SigmaF TV-MVP,0.007263334371020854,4.585486965535024e-05
2026-03-30,Dynamic-factor CVaR,0.004210176942828644,2.081087591702334e-05
2026-04-30,Original TV-MVP,0.005090835111988763,1.578594662444659e-05
2026-04-30,Dynamic SigmaF TV-MVP,0.005507522513216635,1.5686759046283793e-05
2026-04-30,Dynamic-factor CVaR,0.00649441024181809,4.767321476889819e-05
2026-05-29,Original TV-MVP,0.0045304415052535045,1.1798156100260757e-05
2026-05-29,Dynamic SigmaF TV-MVP,0.0033070063206722625,1.1067085032604487e-05
2026-05-29,Dynamic-factor CVaR,0.0045806886764864895,1.774489696694626e-05
2026-06-30,Original TV-MVP,0.0023224336653361005,1.725965621522157e-05
2026-06-30,Dynamic SigmaF TV-MVP,0.0019407124101141358,1.8140144807299766e-05
2026-06-30,Dynamic-factor CVaR,0.002391773199732481,9.794820027520708e-06
2026-07-31,Original TV-MVP,0.0023026041118285757,6.544108499895346e-06
2026-07-31,Dynamic SigmaF TV-MVP,0.002055385813331614,7.438155531631657e-06
2026-07-31,Dynamic-factor CVaR,0.002231652637874772,1.0397985317519611e-05
