Year,Model,Return,Annualised volatility,Sharpe ratio,Annualised ES 95%
2021,Equal weight,0.4199182341380343,0.15516232294968157,2.3750475901148183,0.3464227218994193
2021,Original TV-MVP,0.22780746026247156,0.15170934181193446,1.4506168897393037,0.33242686924876896
2021,Dynamic SigmaF TV-MVP,0.2373086225239298,0.15373260885268286,1.484481943541362,0.33421130476576794
2021,Dynamic-factor CVaR,0.24044741221920063,0.1362850428172996,1.6750680128586721,0.2909227158998888
2022,Equal weight,0.10332856250132894,0.16662698414188798,0.6829754354953234,0.38478889675963307
2022,Original TV-MVP,0.14382532971499518,0.1390569045354147,1.0514715276320463,0.29330279550062954
2022,Dynamic SigmaF TV-MVP,0.12304873841115849,0.13883290870646495,0.9186858324590597,0.2866588095417608
2022,Dynamic-factor CVaR,0.03412751468756858,0.13928555974222,0.3143389801644437,0.31066374157758575
2023,Equal weight,0.3293605911437061,0.09530831313306035,3.12171542109882,0.19005732542750248
2023,Original TV-MVP,0.3105239865247249,0.08654254732890075,3.258929599241377,0.17231578620322968
2023,Dynamic SigmaF TV-MVP,0.31279236177726943,0.08693732674258019,3.265012154722847,0.1752535170570145
2023,Dynamic-factor CVaR,0.30750804608112103,0.08708015576714662,3.212078429661799,0.17590346312077335
2024,Equal weight,0.15708721412983273,0.1437906182768225,1.1117407276856834,0.32015734838121473
2024,Original TV-MVP,0.1871598104542187,0.11914980461477435,1.5347397624817147,0.24176032502188521
2024,Dynamic SigmaF TV-MVP,0.1936332655583819,0.11945458632500837,1.577790582863722,0.2417833712187856
2024,Dynamic-factor CVaR,0.10199529934640283,0.12336188071592173,0.8679929075998051,0.2583818227997725
2025,Equal weight,0.14528366081549926,0.12206662965226799,1.1856844356903333,0.2541523133207346
2025,Original TV-MVP,0.028159914791441087,0.114821752019952,0.30188833508540797,0.2475603452836192
2025,Dynamic SigmaF TV-MVP,0.019569386953109946,0.11477305967422671,0.22796826189552866,0.24641494171320621
2025,Dynamic-factor CVaR,0.03459236398944232,0.11007162963397887,0.36747536607428116,0.23342342266483962
2026,Equal weight,0.00039626559967120834,0.13667781481738187,0.07252226195710103,0.31656571327934435
2026,Original TV-MVP,-0.1716569722249175,0.12777363469514535,-2.213689822537966,0.3010499520591996
2026,Dynamic SigmaF TV-MVP,-0.1773951907139758,0.12669198918724633,-2.3183996840219807,0.30202300274944366
2026,Dynamic-factor CVaR,-0.10489835596738895,0.1236506255130977,-1.3234741112775432,0.29189126587581793
