Asset,Mean weight,Weight std,Maximum weight,Cap frequency,Zero frequency
HINDUNILVR.NS,0.07082173746366444,0.03784119177842838,0.1,0.5074626865671642,0.08955223880597014
NESTLEIND.NS,0.06356118408906901,0.039964508360259304,0.1,0.43283582089552236,0.16417910447761194
ICICIBANK.NS,0.05475265406583142,0.04225395600927933,0.1,0.29850746268656714,0.29850746268656714
ITC.NS,0.04961482486189645,0.042951026224004304,0.1,0.2835820895522388,0.26865671641791045
DRREDDY.NS,0.04863129435377286,0.04356727646514091,0.1,0.29850746268656714,0.31343283582089554
CIPLA.NS,0.04774427251641128,0.044363403704502216,0.1,0.29850746268656714,0.3283582089552239
HDFCBANK.NS,0.04636725243882949,0.04329372916833027,0.1,0.26865671641791045,0.34328358208955223
SUNPHARMA.NS,0.04607161836858579,0.04604010031860452,0.1,0.31343283582089554,0.43283582089552236
TCS.NS,0.04389281494945598,0.04457685202067836,0.1,0.2835820895522388,0.40298507462686567
BHARTIARTL.NS,0.04062247588989066,0.0407064621846991,0.1,0.19402985074626866,0.3283582089552239
ASIANPAINT.NS,0.033807917394092446,0.04162669959965179,0.1,0.14925373134328357,0.4925373134328358
POWERGRID.NS,0.03293002300898088,0.03983086613217272,0.1,0.16417910447761194,0.47761194029850745
APOLLOHOSP.NS,0.03111238947935907,0.03562127587005462,0.1,0.08955223880597014,0.417910447761194
BAJAJ-AUTO.NS,0.030795713057132197,0.03665692361364539,0.1,0.1044776119402985,0.3880597014925373
MARUTI.NS,0.029622248574616605,0.0378713079384214,0.1,0.11940298507462686,0.5074626865671642
INFY.NS,0.029206494946560874,0.039474830665110365,0.1,0.16417910447761194,0.5223880597014925
HCLTECH.NS,0.02677691420700831,0.03503264020446373,0.1,0.014925373134328358,0.5522388059701493
ONGC.NS,0.02641143456330196,0.04046476179021762,0.1,0.16417910447761194,0.582089552238806
COALINDIA.NS,0.02211272923464269,0.03575034479395266,0.1,0.08955223880597014,0.6567164179104478
KOTAKBANK.NS,0.021257347436478564,0.03633576088525985,0.1,0.08955223880597014,0.6567164179104478
LT.NS,0.020493442349065274,0.035081373319547,0.1,0.11940298507462686,0.6567164179104478
TITAN.NS,0.02022271393057918,0.03175539900205314,0.1,0.04477611940298507,0.6119402985074627
AXISBANK.NS,0.020045607444455955,0.03264003487890596,0.1,0.07462686567164178,0.5522388059701493
NTPC.NS,0.017990318091713146,0.03153873076307844,0.1,0.07462686567164178,0.6567164179104478
ULTRACEMCO.NS,0.01679335177686359,0.029429687528917677,0.1,0.05970149253731343,0.6567164179104478
RELIANCE.NS,0.016082513046492233,0.02980820424450545,0.1,0.05970149253731343,0.6567164179104478
EICHERMOT.NS,0.01566975906902716,0.02642347310107352,0.1,0.014925373134328358,0.6417910447761194
SBIN.NS,0.011506905971648213,0.024185996771987555,0.1,0.029850746268656716,0.7164179104477612
BAJAJFINSV.NS,0.0096801756024825,0.022739056837822083,0.1,0.014925373134328358,0.7910447761194029
GRASIM.NS,0.009235209224863346,0.023570503905355145,0.09077589066291313,0.0,0.8507462686567164
BAJFINANCE.NS,0.008656622750147818,0.019910428447243774,0.1,0.014925373134328358,0.7164179104477612
TECHM.NS,0.008350598461013811,0.020163848722748425,0.08764581908282164,0.0,0.7611940298507462
BEL.NS,0.008061010643118732,0.021115035079233277,0.1,0.029850746268656716,0.7313432835820896
JSWSTEEL.NS,0.0063863480887821214,0.015729866779767877,0.0852442785887728,0.0,0.7910447761194029
HINDALCO.NS,0.006336181813162713,0.01880769629323563,0.1,0.014925373134328358,0.835820895522388
WIPRO.NS,0.0028529010597690254,0.008654907695027317,0.042035408423906594,0.0,0.8507462686567164
M&M.NS,0.0027712824583174442,0.00881748062586646,0.04501468134239195,0.0,0.8955223880597015
ADANIPORTS.NS,0.0016321436688217343,0.007236324854561048,0.04024984310156946,0.0,0.9402985074626866
TATASTEEL.NS,0.0011195736497815584,0.0070425226796084015,0.05399864705192902,0.0,0.9701492537313433
