Rebalance date,Variance explained,Maximum principal angle (degrees),Residual-correlation sparsity,Mean factor excess kurtosis,Median residual excess kurtosis,Residual covariance eigenvalues clipped,Factor covariance eigenvalues clipped (original),Factor covariance eigenvalues clipped (dynamic),EWMA effective observations
2017-01-31,0.4831619468290313,,0.1632928475033738,2.650387333711692,1.8874120987037752,0,0,0,32.33333333333145
2017-02-28,0.42473512246314726,76.90530299707774,0.16194331983805668,2.9085796493548375,2.0286387714938137,0,0,0,32.33333333333145
2017-03-31,0.3973024579323901,34.66112777629974,0.15519568151147098,2.430688264077613,1.7654596007069552,0,0,0,32.33333333333145
2017-04-28,0.37350899265064774,44.34295251734002,0.1484480431848853,2.352781085377207,1.934870902255418,0,0,0,32.33333333333145
2017-05-31,0.3915439589422236,71.47149163722429,0.15789473684210525,2.717806930786587,2.040778465978782,0,0,0,32.33333333333145
2017-06-30,0.3901532906584267,61.77473404459927,0.1632928475033738,3.2607651999986254,1.7616834474244607,0,0,0,32.33333333333145
2017-07-31,0.3538279351317531,41.92647646975412,0.145748987854251,2.8726274470415363,1.8577335386616864,0,0,0,32.33333333333145
2017-08-31,0.3914195315020584,81.48391776308495,0.14304993252361672,2.145843867840612,1.8925545273311837,0,0,0,32.33333333333145
2017-09-29,0.42610878812281466,39.65403358254866,0.145748987854251,2.0189383013114424,1.9198005985547706,0,0,0,32.33333333333145
2017-10-31,0.5007711187573681,82.88410978710553,0.145748987854251,2.736437634753647,1.9095823137016623,0,0,0,32.33333333333145
2017-11-30,0.48759421872413905,89.97665946392729,0.16194331983805668,3.276622690929015,1.8761261062708954,0,0,0,32.33333333333145
2017-12-29,0.4574355235988298,18.35409385169631,0.14979757085020243,3.923234948018362,1.904081454602756,0,0,0,32.33333333333145
2018-01-31,0.38212867571167497,89.78706898059588,0.14709851551956815,3.854132403653619,1.8782057050858212,0,0,0,32.33333333333145
2018-02-28,0.4414266365107236,45.55310546795601,0.1632928475033738,4.104076010526447,1.7663892782975212,0,0,0,32.33333333333145
2018-03-28,0.44203861617509566,23.06663664490444,0.1659919028340081,4.138485606096872,1.7393544034258586,0,0,0,32.33333333333145
2018-04-30,0.4673780019413037,86.0817182952025,0.17408906882591094,4.134903218602568,1.7367597747210137,0,0,0,32.33333333333145
2018-05-31,0.41458932323402303,35.376470870945575,0.1767881241565452,4.160435011953072,1.6194062402600293,0,0,0,32.33333333333145
2018-06-29,0.37887211865182185,61.55019091698652,0.17408906882591094,4.139959565940893,1.6375430901787649,0,0,0,32.33333333333145
2018-07-31,0.38276213182542973,88.56932343365432,0.1592442645074224,3.8570707937315376,1.5595662631245553,0,0,0,32.33333333333145
2018-08-31,0.37045533064260716,41.062322738279185,0.16464237516869096,4.131566582254218,1.6618979568827497,0,0,0,32.33333333333145
2018-09-28,0.40324389550652096,72.65408366090236,0.16059379217273953,4.004510923279809,1.672557340441795,0,0,0,32.33333333333145
2018-10-31,0.4659995518571844,59.869588724582975,0.15789473684210525,3.8004783069457333,2.098057189489685,0,0,0,32.33333333333145
2018-11-30,0.4471340151198313,31.82781032748487,0.145748987854251,3.755843812453612,2.192662880096618,0,0,0,32.33333333333145
2018-12-31,0.44510126603054345,55.87663074235236,0.1241565452091768,3.803648505793756,2.068870441964169,0,0,0,32.33333333333145
2019-01-31,0.42480556684405507,85.58218535397285,0.12010796221322537,3.69659393677013,2.3081638037271848,0,0,0,32.33333333333145
2019-02-28,0.42898738085680077,37.52149741773482,0.16059379217273953,3.910765719535004,2.5833823478358013,0,0,0,32.33333333333145
2019-03-28,0.3992485390174189,86.40382846218148,0.13765182186234817,3.780015664009269,2.517477171733388,0,0,0,32.33333333333145
2019-04-30,0.39316508906898195,50.53705683888097,0.1417004048582996,3.7630183695792376,2.518083137737369,0,0,0,32.33333333333145
2019-05-31,0.4823878318582848,87.60792033610485,0.13900134952766532,3.6784649166834336,2.330408450808891,0,0,0,32.33333333333145
2019-06-28,0.5039680423291282,55.92101433176984,0.1484480431848853,3.5658249076013013,2.3201463187977627,0,0,0,32.33333333333145
2019-07-31,0.5157719748712642,84.6905540497244,0.15789473684210525,3.402659753766264,2.265168314643639,0,0,0,32.33333333333145
2019-08-30,0.4976450329709497,45.25441611052083,0.14979757085020243,3.280244398722411,2.177147148881672,0,0,0,32.33333333333145
2019-09-30,0.6137400689598569,41.164214356008394,0.1794871794871795,3.2349173832202958,2.038265135098282,0,0,0,32.33333333333145
2019-10-31,0.5752270650659488,62.14870837577743,0.17139001349527666,2.794866770298365,2.165423946487441,0,0,0,32.33333333333145
2019-11-29,0.5208892632715073,80.97593549336666,0.16194331983805668,1.9852625521369145,1.796973527269806,0,0,0,32.33333333333145
2019-12-31,0.41338425409169166,54.388175153071714,0.15384615384615385,1.6798657847037888,1.8389002787555242,0,0,0,32.33333333333145
2020-01-31,0.4319813102448491,67.71147583665498,0.1659919028340081,1.63480230668665,1.784303559385557,0,0,0,32.33333333333145
2020-02-28,0.5543295277724627,65.37814825527954,0.13090418353576247,2.0364228363768713,1.9174893344588533,0,0,0,32.33333333333145
2020-03-31,0.7678421956765441,60.06648244333721,0.13765182186234817,2.0386656324732737,2.5595691393984925,0,0,0,32.33333333333145
2020-04-30,0.7126344558418668,49.830065962904875,0.12955465587044535,1.9688265407059804,3.0081295064831917,0,0,0,32.33333333333145
2020-05-29,0.6725317210630549,19.437879029624803,0.12955465587044535,2.1983513244782955,2.793593996547192,0,0,0,32.33333333333145
2020-06-30,0.5836493109536794,75.77120611806929,0.12955465587044535,2.44926496321094,2.797567292480961,0,0,0,32.33333333333145
2020-07-31,0.49441569783236294,63.08339344911256,0.13225371120107962,2.373988197235636,2.5787597665563853,0,0,0,32.33333333333145
2020-08-31,0.4443403412925391,44.410097843410895,0.1282051282051282,2.465949691938764,2.6469343513928667,0,0,0,32.33333333333145
2020-09-30,0.508229581130732,47.202169505313975,0.12280701754385964,2.3268129475962516,2.5710820449384526,0,0,0,32.33333333333145
2020-10-30,0.49680156256580665,31.32438091188604,0.12550607287449392,2.3179025338085015,2.365126572205627,0,0,0,32.33333333333145
2020-11-27,0.49439205401992325,68.06591481796777,0.11740890688259109,2.4529790772522957,2.3577275787705663,0,0,0,32.33333333333145
2020-12-31,0.5051923393027634,43.98450172407461,0.11875843454790823,2.7808541449380915,2.4629389818129415,0,0,0,32.33333333333145
2021-01-29,0.4935824638243549,84.41902186766279,0.12010796221322537,2.6050770982918077,2.3546749062046253,0,0,0,32.33333333333145
2021-02-26,0.5711325489541824,80.47242626916015,0.1106612685560054,2.4928498462191655,2.5765589153091,0,0,0,32.33333333333145
2021-03-31,0.560876060235067,14.826596113160806,0.11740890688259109,2.53889375376852,2.4994367596562537,0,0,0,32.33333333333145
2021-04-30,0.5686075723084064,43.51845667842282,0.13630229419703105,2.478782761682672,2.6123216189438327,0,0,0,32.33333333333145
2021-05-31,0.5200137365804491,17.17464369415319,0.13360323886639677,2.4886360132712193,2.560076096833746,0,0,0,32.33333333333145
2021-06-30,0.43615555909789055,81.67678322320988,0.11875843454790823,2.4889152345824495,2.438068194499092,0,0,0,32.33333333333145
2021-07-30,0.3981281539079114,87.53814142338855,0.12010796221322537,2.479358964246913,2.7677875193486123,0,0,0,32.33333333333145
2021-08-31,0.4313192352816133,81.08440432281365,0.12685560053981107,2.6961289006090077,2.888179049339689,0,0,0,32.33333333333145
2021-09-30,0.44241987988252707,45.35478002666317,0.1214574898785425,2.641549589722333,3.0437116478665622,0,0,0,32.33333333333145
2021-10-29,0.42018943367229394,82.88570320738206,0.12550607287449392,2.572033999682624,3.3747836214947338,0,0,0,32.33333333333145
2021-11-30,0.4426084507689717,70.5684983987583,0.13630229419703105,2.1163230418501757,3.241860116704676,0,0,0,32.33333333333145
2021-12-31,0.5208535855113365,47.07899837353152,0.13900134952766532,2.1010012543579664,3.4267562465636052,0,0,0,32.33333333333145
2022-01-31,0.541387352324832,38.712905526258766,0.14304993252361672,1.848262409364695,3.1562355539028966,0,0,0,32.33333333333145
2022-02-28,0.6521242666921212,65.77534680038761,0.12685560053981107,1.6352229620961685,3.157598200176303,0,0,0,32.33333333333145
2022-03-31,0.649329342987844,44.654069688528615,0.12280701754385964,1.7123476583918815,3.231533734780763,0,0,0,32.33333333333145
2022-04-29,0.6010141663383421,52.88067379540068,0.16194331983805668,1.6116343084907607,2.696257471196727,0,0,0,32.33333333333145
2022-05-31,0.5886337885190989,32.434268513980236,0.12685560053981107,1.467649892747021,2.2790584998251635,0,0,0,32.33333333333145
2022-06-30,0.5953151331334868,84.33287845785132,0.12955465587044535,1.497565797571044,2.492307805644149,0,0,0,32.33333333333145
2022-07-29,0.5752488523291052,35.447427006113685,0.13765182186234817,1.518529454118165,2.6817482883680865,0,0,0,32.33333333333145
2022-08-30,0.5384323283425881,60.26994531605619,0.13225371120107962,1.5058857118022697,2.474020982375772,0,0,0,32.33333333333145
2022-09-30,0.5199527807189266,41.45279260327803,0.13360323886639677,1.477670209207267,2.6235441362991088,0,0,0,32.33333333333145
2022-10-31,0.5078294148083226,22.437526979987446,0.16734143049932523,1.5385041770024994,2.692481927213729,0,0,0,32.33333333333145
2022-11-30,0.463338998943171,32.48373721830519,0.1484480431848853,1.3505090498006405,2.70256864969776,0,0,0,32.33333333333145
2022-12-30,0.5026261307768666,33.64095503074412,0.13900134952766532,1.2142505582248917,2.7511813254046835,0,0,0,32.33333333333145
2023-01-31,0.5070082582122799,76.15250632544064,0.13630229419703105,1.3778835931261992,3.0420317246447093,0,0,0,32.33333333333145
2023-02-28,0.5447267590953035,33.75499229877931,0.13900134952766532,1.296963229444709,2.4367444589361487,0,0,0,32.33333333333145
2023-03-31,0.532330976197409,36.5963552447927,0.14304993252361672,1.3191238254820086,2.5417593249737056,0,0,0,32.33333333333145
2023-04-28,0.4758969886329776,76.83718178406598,0.16059379217273953,1.3801552326277833,2.4886065133084525,0,0,0,32.33333333333145
2023-05-31,0.4217358216037132,37.57349790875227,0.15654520917678813,1.4382574666518568,2.5906082354336313,0,0,0,32.33333333333145
2023-06-30,0.3680971561207427,40.12632586066406,0.1592442645074224,1.5461835750288255,2.511050807888245,0,0,0,32.33333333333145
2023-07-31,0.36761295310353503,80.43846008038047,0.1592442645074224,1.5637906752126973,2.7564847176851703,0,0,0,32.33333333333145
2023-08-31,0.36742157662994207,31.816253914230806,0.13765182186234817,1.3618869467643275,2.5648006590783794,0,0,0,32.33333333333145
2023-09-29,0.40307218878447987,88.28251863022463,0.13630229419703105,1.3648682077700085,2.5623299367562336,0,0,0,32.33333333333145
2023-10-31,0.449326306406814,73.03644328566733,0.12550607287449392,1.3481841879937926,2.576872633789879,0,0,0,32.33333333333145
2023-11-30,0.43630840305004165,44.15627576579783,0.13900134952766532,1.3541366270038708,2.5193383132150613,0,0,0,32.33333333333145
2023-12-29,0.5012935641314518,88.67607034965434,0.1214574898785425,1.745553254870727,2.364414194196751,0,0,0,32.33333333333145
2024-01-31,0.48520938684153114,60.38662117555932,0.13090418353576247,1.4832902440385756,2.3911384999794096,0,0,0,32.33333333333145
2024-02-29,0.4364238621746129,43.572484663690076,0.1700404858299595,1.2793370642621549,2.5631252667868427,0,0,0,32.33333333333145
2024-03-28,0.46217825756811004,32.521058289961665,0.17273954116059378,1.1620679369948135,2.5223669401389124,0,0,0,32.33333333333145
2024-04-30,0.41375370140494516,36.24537071562674,0.14304993252361672,1.105025777437384,2.4712331661348275,0,0,0,32.33333333333145
2024-05-31,0.4321520702420581,40.69448492792215,0.1214574898785425,1.220166939478292,2.412126136873546,0,0,0,32.33333333333145
2024-06-28,0.6746753181863624,69.54233866401133,0.14439946018893388,2.026647188444762,2.293246740919315,0,0,0,32.33333333333145
2024-07-31,0.6343867388674514,44.06695384552068,0.1349527665317139,2.3160902330478854,2.412577604642431,0,0,0,32.33333333333145
2024-08-30,0.5763862172381305,27.085927745213798,0.13360323886639677,2.356966166171152,2.511694097602609,0,0,0,32.33333333333145
2024-09-30,0.5149922520480841,67.04119046557146,0.13360323886639677,2.3123850765159286,2.514821905161951,0,0,0,32.33333333333145
2024-10-31,0.4572766277730349,52.000856951756425,0.15114709851551958,2.592357509750252,2.5656055590891462,0,0,0,32.33333333333145
2024-11-29,0.46388878347641244,63.03914653904924,0.145748987854251,2.326683446165657,3.0101430973919694,0,0,0,32.33333333333145
2024-12-31,0.48831336797230973,26.88989534099901,0.145748987854251,2.344393509832453,3.004178313879942,0,0,0,32.33333333333145
2025-01-31,0.5344056524832572,89.20251718514935,0.145748987854251,2.3612242541966677,3.0346401243852448,0,0,0,32.33333333333145
2025-02-28,0.5259082093670914,54.39631524521497,0.1349527665317139,2.2283721141099573,3.078413242865918,0,0,0,32.33333333333145
2025-03-28,0.49843780357004025,21.112370913986336,0.1592442645074224,2.497227611987303,3.1712650076746005,0,0,0,32.33333333333145
2025-04-30,0.5779255247163535,48.225080958862605,0.13900134952766532,2.4907955579619294,3.228174026390384,0,0,0,32.33333333333145
2025-05-30,0.6074474144975288,36.35503145169072,0.14979757085020243,2.3602882196721438,2.922094942060939,0,0,0,32.33333333333145
2025-06-30,0.5771392946772425,33.6652316424977,0.1417004048582996,2.6757386857983803,2.87766426145026,0,0,0,32.33333333333145
2025-07-31,0.4457351914382934,87.07481250312803,0.1592442645074224,2.8645914399852757,2.9320545386484316,0,0,0,32.33333333333145
2025-08-29,0.45495738256133966,61.90772037520923,0.16059379217273953,2.443705304819853,2.78040611963318,0,0,0,32.33333333333145
2025-09-30,0.4497320890619851,32.83544113753487,0.15519568151147098,2.527867482561827,2.7577965166225296,0,0,0,32.33333333333145
2025-10-31,0.4087325183707892,79.4976644247654,0.1632928475033738,2.5418895870159592,2.783720305536045,0,0,0,32.33333333333145
2025-11-28,0.40413848364945754,60.08372917212465,0.15654520917678813,2.4305955387164935,2.692539754915587,0,0,0,32.33333333333145
2025-12-31,0.41364034689078444,54.61946545497685,0.14035087719298245,2.351332591866965,2.6218125830767773,0,0,0,32.33333333333145
2026-01-30,0.4503772432738789,78.33922329294523,0.1592442645074224,2.241741385855324,3.156802874131273,0,0,0,32.33333333333145
2026-02-27,0.5127060940213752,31.799189048916773,0.1659919028340081,2.5771026798871497,3.1629215423006203,0,0,0,32.33333333333145
2026-03-30,0.6404076737946772,29.79248042424038,0.16059379217273953,2.613569328799723,3.0774112781070517,0,0,0,32.33333333333145
2026-04-30,0.6500584596875726,32.10142558810272,0.1484480431848853,2.3579643358732985,3.483330747748731,0,0,0,32.33333333333145
2026-05-29,0.59268073817414,24.280317536629788,0.14035087719298245,2.0895163281588403,2.995262824030612,0,0,0,32.33333333333145
2026-06-30,0.5164102928182441,36.54453198109836,0.15789473684210525,1.4473096592949206,3.140317362970592,0,0,0,32.33333333333145
2026-07-31,0.47089578157415424,23.605054784416172,0.14439946018893388,1.3283144898537638,3.3186926471484,0,0,0,32.33333333333145
