index,mean,std,min,max
Variance explained,0.48905717931958015,0.08344591554089902,0.3538279351317531,0.7678421956765441
Maximum principal angle (degrees),54.47599006404629,21.469386781878086,14.826596113160806,89.97665946392729
Residual-correlation sparsity,0.14473977586105735,0.015984669530302822,0.1106612685560054,0.1794871794871795
Mean factor excess kurtosis,2.427184970485177,0.8459012567839562,1.105025777437384,4.160435011953072
Median residual excess kurtosis,2.492853260101884,0.46751754429088216,1.5595662631245553,3.483330747748731
Residual covariance eigenvalues clipped,0.0,0.0,0.0,0.0
Factor covariance eigenvalues clipped (original),0.0,0.0,0.0,0.0
Factor covariance eigenvalues clipped (dynamic),0.0,0.0,0.0,0.0
EWMA effective observations,32.333333333331446,7.136523468347093e-15,32.33333333333145,32.33333333333145
