Regime,Model,Observations,Annualised return,Annualised volatility,Sharpe ratio,Realised ES 95% (annualised)
High volatility,Equal weight,313,0.4519669747074868,0.18475175323737258,2.112150710622197,0.40884093075825106
High volatility,Original covariance MVP (matched),313,0.36017497421827405,0.15993064171223137,2.0042308776676054,0.3354600878587654
High volatility,Dynamic covariance MVP (matched),313,0.3630591102058174,0.16065542602986982,2.0090891114021665,0.3348776172271668
High volatility,Empirical CVaR (matched),313,0.295429633030063,0.16051763847233802,1.6933315256180381,0.33693072694358756
High volatility,Filtered-stressed CVaR (matched),313,0.3477902148072718,0.1622939254642978,1.9209043064717086,0.3263069475323196
High volatility,Regularized filtered CVaR (matched),313,0.3597374778195397,0.16128269119741875,1.9867476206003956,0.32830668184780365
Normal volatility,Equal weight,1086,0.13675740016417093,0.12207167994645884,1.1114763683991835,0.285841405609734
Normal volatility,Original covariance MVP (matched),1086,0.06863730559026426,0.10341078907186486,0.6937322148995859,0.23255895370849186
Normal volatility,Dynamic covariance MVP (matched),1086,0.06587996081649639,0.10396977490367082,0.6657022469907359,0.23368371362867993
Normal volatility,Empirical CVaR (matched),1086,0.05139071907684123,0.10714168343600045,0.5213609729212431,0.24910628048711023
Normal volatility,Filtered-stressed CVaR (matched),1086,0.07252283935527726,0.10585854033004426,0.7144168905316526,0.2430768445899995
Normal volatility,Regularized filtered CVaR (matched),1086,0.08716590108404532,0.10413986153773483,0.8547255443485768,0.237567055073789
