Year,Model,Calendar return,Annualised volatility,Annualised ES 95%
2021,Equal weight,0.4199182341380343,0.15516232294968157,0.3464227218994193
2021,Original covariance MVP (matched),0.2777470972507632,0.13164471051715845,0.287438472428503
2021,Dynamic covariance MVP (matched),0.3011081021007198,0.13312073976151978,0.28599688301814313
2021,Empirical CVaR (matched),0.24044741221920063,0.1362850428172996,0.2909227158998888
2021,Filtered-stressed CVaR (matched),0.332791660160245,0.13868094771129938,0.2984372025346299
2021,Regularized filtered CVaR (matched),0.3611631563552764,0.13334988700185,0.28461036397626094
2022,Equal weight,0.10332856250132894,0.16662698414188798,0.38478889675963307
2022,Original covariance MVP (matched),0.09163297836077033,0.13895814911609813,0.30517567977259785
2022,Dynamic covariance MVP (matched),0.07412161955234264,0.1396832666140535,0.3079226721908523
2022,Empirical CVaR (matched),0.03412751468756858,0.13928555974222,0.31066374157758575
2022,Filtered-stressed CVaR (matched),0.049791543569676966,0.14473087244845548,0.30966913370091675
2022,Regularized filtered CVaR (matched),0.053510345379706115,0.1428752596521082,0.3064352011173697
2023,Equal weight,0.3293605911437061,0.09530831313306035,0.19005732542750248
2023,Original covariance MVP (matched),0.3006311332873328,0.08540988125731995,0.1693905908532472
2023,Dynamic covariance MVP (matched),0.30051756429724663,0.08591524451508764,0.17218342949397356
2023,Empirical CVaR (matched),0.30750804608112103,0.08708015576714662,0.17590346312077335
2023,Filtered-stressed CVaR (matched),0.2968805766481648,0.08794005931590379,0.17954558462974965
2023,Regularized filtered CVaR (matched),0.30899165353525926,0.08685693643580886,0.1751381335194271
2024,Equal weight,0.15708721412983273,0.1437906182768225,0.32015734838121473
2024,Original covariance MVP (matched),0.15019568554686558,0.11957980280307583,0.23375793439747028
2024,Dynamic covariance MVP (matched),0.15997793148768436,0.12059193232534876,0.2344358136560483
2024,Empirical CVaR (matched),0.10199529934640283,0.12336188071592173,0.2583818227997725
2024,Filtered-stressed CVaR (matched),0.16504720582657684,0.1215932909120808,0.2481148181673614
2024,Regularized filtered CVaR (matched),0.19469359283120968,0.12169544971433095,0.251350455662521
2025,Equal weight,0.14528366081549926,0.12206662965226799,0.2541523133207346
2025,Original covariance MVP (matched),0.04181834668737294,0.10788287009727954,0.22709077978479397
2025,Dynamic covariance MVP (matched),0.03481909703665176,0.1077701887697652,0.22458051116508296
2025,Empirical CVaR (matched),0.03459236398944232,0.11007162963397887,0.23342342266483962
2025,Filtered-stressed CVaR (matched),0.04257837055911984,0.10554269346205601,0.22279655688949943
2025,Regularized filtered CVaR (matched),0.06086212649632983,0.10424008159033465,0.21714801799944888
2026,Equal weight,0.00039626559967120834,0.13667781481738187,0.31656571327934435
2026,Original covariance MVP (matched),-0.10269773060036125,0.11977717963331669,0.28436208352329295
2026,Dynamic covariance MVP (matched),-0.11348083384127816,0.11885590087887613,0.2803842825301154
2026,Empirical CVaR (matched),-0.10489835596738895,0.1236506255130977,0.29189126587581793
2026,Filtered-stressed CVaR (matched),-0.1111687457150593,0.11419474098246724,0.26599819236200123
2026,Regularized filtered CVaR (matched),-0.11737539274557895,0.11657540402676088,0.27117165410171495
