Rebalance date,Model,Effective_assets,Maximum_weight,Zero_weights
2021-01-29,Dynamic covariance MVP (matched),13.054323279109129,0.1,22
2021-01-29,Empirical CVaR (matched),12.213026212793082,0.1,23
2021-01-29,Equal weight,39.000000000000014,0.02564102564102564,0
2021-01-29,Filtered-stressed CVaR (matched),10.923288316665548,0.1,26
2021-01-29,Original covariance MVP (matched),13.664496752442771,0.1,21
2021-01-29,Regularized filtered CVaR (matched),11.750271442116537,0.1,24
2021-02-26,Dynamic covariance MVP (matched),12.496561932606943,0.1,24
2021-02-26,Empirical CVaR (matched),11.07376926641593,0.1,27
2021-02-26,Equal weight,39.000000000000014,0.02564102564102564,0
2021-02-26,Filtered-stressed CVaR (matched),10.961538803964395,0.1,27
2021-02-26,Original covariance MVP (matched),13.296602330753426,0.1,20
2021-02-26,Regularized filtered CVaR (matched),11.253700470687567,0.1,26
2021-03-31,Dynamic covariance MVP (matched),11.855648625735958,0.1,23
2021-03-31,Empirical CVaR (matched),12.07364384537667,0.1,24
2021-03-31,Equal weight,39.000000000000014,0.02564102564102564,0
2021-03-31,Filtered-stressed CVaR (matched),11.185689657406076,0.1,26
2021-03-31,Original covariance MVP (matched),12.937152222729466,0.1,21
2021-03-31,Regularized filtered CVaR (matched),11.317341695295525,0.1,26
2021-04-30,Dynamic covariance MVP (matched),12.017690189973958,0.1,23
2021-04-30,Empirical CVaR (matched),11.479816443464255,0.1,25
2021-04-30,Equal weight,39.000000000000014,0.02564102564102564,0
2021-04-30,Filtered-stressed CVaR (matched),10.399173028496588,0.1,28
2021-04-30,Original covariance MVP (matched),12.330938979249138,0.1,22
2021-04-30,Regularized filtered CVaR (matched),10.893631430080116,0.1,25
2021-05-31,Dynamic covariance MVP (matched),14.68155580387209,0.1,18
2021-05-31,Empirical CVaR (matched),13.120258262146065,0.1,20
2021-05-31,Equal weight,39.000000000000014,0.02564102564102564,0
2021-05-31,Filtered-stressed CVaR (matched),11.711669453476551,0.1,25
2021-05-31,Original covariance MVP (matched),12.92700914060571,0.1,21
2021-05-31,Regularized filtered CVaR (matched),11.7961729304824,0.1,24
2021-06-30,Dynamic covariance MVP (matched),18.421253390632394,0.08744585099806058,10
2021-06-30,Empirical CVaR (matched),14.218237008369918,0.1,17
2021-06-30,Equal weight,39.000000000000014,0.02564102564102564,0
2021-06-30,Filtered-stressed CVaR (matched),12.874108948012802,0.1,21
2021-06-30,Original covariance MVP (matched),15.069757904296369,0.1,15
2021-06-30,Regularized filtered CVaR (matched),13.135073333450814,0.1,20
2021-07-30,Dynamic covariance MVP (matched),22.01686601918211,0.08948823426936843,9
2021-07-30,Empirical CVaR (matched),18.89852364461349,0.1,12
2021-07-30,Equal weight,39.000000000000014,0.02564102564102564,0
2021-07-30,Filtered-stressed CVaR (matched),15.368520880804272,0.1,14
2021-07-30,Original covariance MVP (matched),21.4896274146481,0.08766613078174225,9
2021-07-30,Regularized filtered CVaR (matched),16.122658582008835,0.1,17
2021-08-31,Dynamic covariance MVP (matched),17.216321720170203,0.1,14
2021-08-31,Empirical CVaR (matched),16.003679701528537,0.1,16
2021-08-31,Equal weight,39.000000000000014,0.02564102564102564,0
2021-08-31,Filtered-stressed CVaR (matched),12.918232842536504,0.1,20
2021-08-31,Original covariance MVP (matched),18.834570018826856,0.1,12
2021-08-31,Regularized filtered CVaR (matched),14.764108238334819,0.1,16
2021-09-30,Dynamic covariance MVP (matched),16.583860804175462,0.1,13
2021-09-30,Empirical CVaR (matched),14.100905898789069,0.1,15
2021-09-30,Equal weight,39.000000000000014,0.02564102564102564,0
2021-09-30,Filtered-stressed CVaR (matched),14.70693579643248,0.1,18
2021-09-30,Original covariance MVP (matched),17.35796967163066,0.1,11
2021-09-30,Regularized filtered CVaR (matched),15.40582275807263,0.1,16
2021-10-29,Dynamic covariance MVP (matched),15.187923422536423,0.1,19
2021-10-29,Empirical CVaR (matched),13.369245157234287,0.1,20
2021-10-29,Equal weight,39.000000000000014,0.02564102564102564,0
2021-10-29,Filtered-stressed CVaR (matched),11.629500731325841,0.1,24
2021-10-29,Original covariance MVP (matched),15.610989853570901,0.1,17
2021-10-29,Regularized filtered CVaR (matched),12.744410777196428,0.1,23
2021-11-30,Dynamic covariance MVP (matched),12.155986687980448,0.1,23
2021-11-30,Empirical CVaR (matched),12.336658889619406,0.1,24
2021-11-30,Equal weight,39.000000000000014,0.02564102564102564,0
2021-11-30,Filtered-stressed CVaR (matched),11.830228659475603,0.1,25
2021-11-30,Original covariance MVP (matched),12.79720695740576,0.1,22
2021-11-30,Regularized filtered CVaR (matched),11.771090361660395,0.1,24
2021-12-31,Dynamic covariance MVP (matched),13.585665943767186,0.1,20
2021-12-31,Empirical CVaR (matched),11.801057012345757,0.1,26
2021-12-31,Equal weight,39.000000000000014,0.02564102564102564,0
2021-12-31,Filtered-stressed CVaR (matched),11.049696497360541,0.1,27
2021-12-31,Original covariance MVP (matched),13.80777045828398,0.1,18
2021-12-31,Regularized filtered CVaR (matched),11.721262169481578,0.1,25
2022-01-31,Dynamic covariance MVP (matched),12.835517848771957,0.1,21
2022-01-31,Empirical CVaR (matched),11.728237943426231,0.1,24
2022-01-31,Equal weight,39.000000000000014,0.02564102564102564,0
2022-01-31,Filtered-stressed CVaR (matched),11.071649627986412,0.1,26
2022-01-31,Original covariance MVP (matched),14.123215285600466,0.1,19
2022-01-31,Regularized filtered CVaR (matched),11.188191089840222,0.1,26
2022-02-28,Dynamic covariance MVP (matched),10.524374019458838,0.1,28
2022-02-28,Empirical CVaR (matched),11.447951031291055,0.1,26
2022-02-28,Equal weight,39.000000000000014,0.02564102564102564,0
2022-02-28,Filtered-stressed CVaR (matched),10.537873483639007,0.1,27
2022-02-28,Original covariance MVP (matched),10.93746347860418,0.1,24
2022-02-28,Regularized filtered CVaR (matched),10.534131039814495,0.1,27
2022-03-31,Dynamic covariance MVP (matched),12.958532825370705,0.1,22
2022-03-31,Empirical CVaR (matched),10.933596384613372,0.1,26
2022-03-31,Equal weight,39.000000000000014,0.02564102564102564,0
2022-03-31,Filtered-stressed CVaR (matched),10.715459554125003,0.1,27
2022-03-31,Original covariance MVP (matched),12.289711490337893,0.1,21
2022-03-31,Regularized filtered CVaR (matched),11.349687618592492,0.1,25
2022-04-29,Dynamic covariance MVP (matched),13.207666856795262,0.1,21
2022-04-29,Empirical CVaR (matched),10.66824332145602,0.1,26
2022-04-29,Equal weight,39.000000000000014,0.02564102564102564,0
2022-04-29,Filtered-stressed CVaR (matched),11.589233460482408,0.1,25
2022-04-29,Original covariance MVP (matched),13.264132319849468,0.1,21
2022-04-29,Regularized filtered CVaR (matched),12.122730327161717,0.1,23
2022-05-31,Dynamic covariance MVP (matched),12.752565048098122,0.1,22
2022-05-31,Empirical CVaR (matched),10.809339089080687,0.1,27
2022-05-31,Equal weight,39.000000000000014,0.02564102564102564,0
2022-05-31,Filtered-stressed CVaR (matched),11.788577333432103,0.1,25
2022-05-31,Original covariance MVP (matched),11.937396145019639,0.1,23
2022-05-31,Regularized filtered CVaR (matched),11.359252527879082,0.1,24
2022-06-30,Dynamic covariance MVP (matched),11.93521857759547,0.1,22
2022-06-30,Empirical CVaR (matched),11.583492036543632,0.1,24
2022-06-30,Equal weight,39.000000000000014,0.02564102564102564,0
2022-06-30,Filtered-stressed CVaR (matched),10.851412646427008,0.1,24
2022-06-30,Original covariance MVP (matched),12.017873016877155,0.1,21
2022-06-30,Regularized filtered CVaR (matched),10.900638777929661,0.1,24
2022-07-29,Dynamic covariance MVP (matched),13.687517079572942,0.1,17
2022-07-29,Empirical CVaR (matched),11.039369870671003,0.1,25
2022-07-29,Equal weight,39.000000000000014,0.02564102564102564,0
2022-07-29,Filtered-stressed CVaR (matched),11.906990979995843,0.1,24
2022-07-29,Original covariance MVP (matched),12.790910176603754,0.1,21
2022-07-29,Regularized filtered CVaR (matched),11.979961688565568,0.1,25
2022-08-30,Dynamic covariance MVP (matched),12.740502754163426,0.1,20
2022-08-30,Empirical CVaR (matched),10.981531593993434,0.1,26
2022-08-30,Equal weight,39.000000000000014,0.02564102564102564,0
2022-08-30,Filtered-stressed CVaR (matched),10.821476058660975,0.1,26
2022-08-30,Original covariance MVP (matched),12.703248119579031,0.1,21
2022-08-30,Regularized filtered CVaR (matched),11.037140076492596,0.1,24
2022-09-30,Dynamic covariance MVP (matched),12.765951703555025,0.1,20
2022-09-30,Empirical CVaR (matched),11.886852953761482,0.1,24
2022-09-30,Equal weight,39.000000000000014,0.02564102564102564,0
2022-09-30,Filtered-stressed CVaR (matched),12.153093951047651,0.1,23
2022-09-30,Original covariance MVP (matched),13.794260229859995,0.1,20
2022-09-30,Regularized filtered CVaR (matched),12.47897907916422,0.1,24
2022-10-31,Dynamic covariance MVP (matched),15.81662005831534,0.1,16
2022-10-31,Empirical CVaR (matched),12.591612585202283,0.1,23
2022-10-31,Equal weight,39.000000000000014,0.02564102564102564,0
2022-10-31,Filtered-stressed CVaR (matched),11.626099222779182,0.1,24
2022-10-31,Original covariance MVP (matched),15.306877232828022,0.1,16
2022-10-31,Regularized filtered CVaR (matched),12.36019271344103,0.1,23
2022-11-30,Dynamic covariance MVP (matched),17.322943731576604,0.08960273290033885,10
2022-11-30,Empirical CVaR (matched),12.93503541962747,0.1,23
2022-11-30,Equal weight,39.000000000000014,0.02564102564102564,0
2022-11-30,Filtered-stressed CVaR (matched),13.537425160558861,0.1,18
2022-11-30,Original covariance MVP (matched),14.355300515106427,0.1,18
2022-11-30,Regularized filtered CVaR (matched),13.274210775580652,0.1,18
2022-12-30,Dynamic covariance MVP (matched),16.481831346119804,0.1,14
2022-12-30,Empirical CVaR (matched),13.428071971189151,0.1,19
2022-12-30,Equal weight,39.000000000000014,0.02564102564102564,0
2022-12-30,Filtered-stressed CVaR (matched),11.895887254748981,0.1,24
2022-12-30,Original covariance MVP (matched),16.27323841421388,0.1,13
2022-12-30,Regularized filtered CVaR (matched),12.740373815871443,0.1,23
2023-01-31,Dynamic covariance MVP (matched),17.057400262810763,0.1,13
2023-01-31,Empirical CVaR (matched),13.29824845757062,0.1,19
2023-01-31,Equal weight,39.000000000000014,0.02564102564102564,0
2023-01-31,Filtered-stressed CVaR (matched),13.494531399710269,0.1,21
2023-01-31,Original covariance MVP (matched),15.56941963970787,0.1,16
2023-01-31,Regularized filtered CVaR (matched),14.31304792677801,0.1,20
2023-02-28,Dynamic covariance MVP (matched),17.50133604622829,0.07959836852495722,18
2023-02-28,Empirical CVaR (matched),12.53119183894324,0.1,23
2023-02-28,Equal weight,39.000000000000014,0.02564102564102564,0
2023-02-28,Filtered-stressed CVaR (matched),12.302136491803942,0.1,25
2023-02-28,Original covariance MVP (matched),16.603182964484954,0.09257553460856088,18
2023-02-28,Regularized filtered CVaR (matched),13.285099769912856,0.1,20
2023-03-31,Dynamic covariance MVP (matched),14.301213160288889,0.09981719821420368,19
2023-03-31,Empirical CVaR (matched),12.358625803109625,0.1,20
2023-03-31,Equal weight,39.000000000000014,0.02564102564102564,0
2023-03-31,Filtered-stressed CVaR (matched),13.151225029908963,0.1,21
2023-03-31,Original covariance MVP (matched),15.590877298580452,0.08589911162662883,17
2023-03-31,Regularized filtered CVaR (matched),13.52996394826391,0.1,21
2023-04-28,Dynamic covariance MVP (matched),17.129007218170933,0.1,10
2023-04-28,Empirical CVaR (matched),14.936855524707669,0.1,19
2023-04-28,Equal weight,39.000000000000014,0.02564102564102564,0
2023-04-28,Filtered-stressed CVaR (matched),14.063778607113038,0.1,18
2023-04-28,Original covariance MVP (matched),15.762965993301025,0.1,15
2023-04-28,Regularized filtered CVaR (matched),15.05955363134666,0.1,17
2023-05-31,Dynamic covariance MVP (matched),22.531153060586057,0.07721824640804742,7
2023-05-31,Empirical CVaR (matched),13.553079298098682,0.1,22
2023-05-31,Equal weight,39.000000000000014,0.02564102564102564,0
2023-05-31,Filtered-stressed CVaR (matched),13.625490245515469,0.1,21
2023-05-31,Original covariance MVP (matched),17.79743206383528,0.09704605893607982,13
2023-05-31,Regularized filtered CVaR (matched),15.981391724044826,0.1,17
2023-06-30,Dynamic covariance MVP (matched),18.962390354319876,0.1,10
2023-06-30,Empirical CVaR (matched),12.320209411081343,0.1,23
2023-06-30,Equal weight,39.000000000000014,0.02564102564102564,0
2023-06-30,Filtered-stressed CVaR (matched),12.792701435316564,0.1,20
2023-06-30,Original covariance MVP (matched),18.787629548201156,0.1,10
2023-06-30,Regularized filtered CVaR (matched),14.98769723870648,0.1,15
2023-07-31,Dynamic covariance MVP (matched),18.140909239216167,0.08182421138283297,13
2023-07-31,Empirical CVaR (matched),12.838118229231359,0.1,22
2023-07-31,Equal weight,39.000000000000014,0.02564102564102564,0
2023-07-31,Filtered-stressed CVaR (matched),12.027663760904854,0.1,22
2023-07-31,Original covariance MVP (matched),18.095219611824923,0.08269340589779388,13
2023-07-31,Regularized filtered CVaR (matched),11.915213583611022,0.1,23
2023-08-31,Dynamic covariance MVP (matched),20.470962283754012,0.08419099569543011,10
2023-08-31,Empirical CVaR (matched),13.550535626628275,0.1,21
2023-08-31,Equal weight,39.000000000000014,0.02564102564102564,0
2023-08-31,Filtered-stressed CVaR (matched),13.612047516999072,0.1,21
2023-08-31,Original covariance MVP (matched),19.16087678475968,0.08460233254952483,11
2023-08-31,Regularized filtered CVaR (matched),12.956469630873231,0.1,21
2023-09-29,Dynamic covariance MVP (matched),17.092652927820534,0.1,14
2023-09-29,Empirical CVaR (matched),14.729971451500159,0.1,18
2023-09-29,Equal weight,39.000000000000014,0.02564102564102564,0
2023-09-29,Filtered-stressed CVaR (matched),11.578840567339803,0.1,24
2023-09-29,Original covariance MVP (matched),18.298753808961855,0.09440111383594954,14
2023-09-29,Regularized filtered CVaR (matched),12.715846733974942,0.1,21
2023-10-31,Dynamic covariance MVP (matched),15.275102513610038,0.1,18
2023-10-31,Empirical CVaR (matched),13.444000243348649,0.1,21
2023-10-31,Equal weight,39.000000000000014,0.02564102564102564,0
2023-10-31,Filtered-stressed CVaR (matched),11.55860372634623,0.1,23
2023-10-31,Original covariance MVP (matched),16.576150635822383,0.1,16
2023-10-31,Regularized filtered CVaR (matched),12.895147712481164,0.1,24
2023-11-30,Dynamic covariance MVP (matched),15.48792387194664,0.1,18
2023-11-30,Empirical CVaR (matched),13.762008562900363,0.1,19
2023-11-30,Equal weight,39.000000000000014,0.02564102564102564,0
2023-11-30,Filtered-stressed CVaR (matched),12.097574409296033,0.1,23
2023-11-30,Original covariance MVP (matched),14.620165274960021,0.1,19
2023-11-30,Regularized filtered CVaR (matched),12.655344396438492,0.1,22
2023-12-29,Dynamic covariance MVP (matched),14.288419260198992,0.1,20
2023-12-29,Empirical CVaR (matched),12.680714109065475,0.1,23
2023-12-29,Equal weight,39.000000000000014,0.02564102564102564,0
2023-12-29,Filtered-stressed CVaR (matched),11.096226150078046,0.1,27
2023-12-29,Original covariance MVP (matched),14.222556849149678,0.1,20
2023-12-29,Regularized filtered CVaR (matched),11.550170320764865,0.1,23
2024-01-31,Dynamic covariance MVP (matched),12.711852695281548,0.1,22
2024-01-31,Empirical CVaR (matched),11.636299721510593,0.1,26
2024-01-31,Equal weight,39.000000000000014,0.02564102564102564,0
2024-01-31,Filtered-stressed CVaR (matched),10.930256571844561,0.1,27
2024-01-31,Original covariance MVP (matched),13.01899270606114,0.1,22
2024-01-31,Regularized filtered CVaR (matched),11.550290616971061,0.1,25
2024-02-29,Dynamic covariance MVP (matched),14.16702771036097,0.1,20
2024-02-29,Empirical CVaR (matched),11.71453415464418,0.1,25
2024-02-29,Equal weight,39.000000000000014,0.02564102564102564,0
2024-02-29,Filtered-stressed CVaR (matched),12.153704859279701,0.1,24
2024-02-29,Original covariance MVP (matched),13.990272229640507,0.1,20
2024-02-29,Regularized filtered CVaR (matched),11.489705511066521,0.1,22
2024-03-28,Dynamic covariance MVP (matched),13.537536839988748,0.09999999999999999,24
2024-03-28,Empirical CVaR (matched),12.128912096241775,0.1,23
2024-03-28,Equal weight,39.000000000000014,0.02564102564102564,0
2024-03-28,Filtered-stressed CVaR (matched),12.482739256600277,0.1,21
2024-03-28,Original covariance MVP (matched),13.702382123121977,0.1,23
2024-03-28,Regularized filtered CVaR (matched),11.371844170361486,0.1,22
2024-04-30,Dynamic covariance MVP (matched),12.544313740367624,0.1,22
2024-04-30,Empirical CVaR (matched),11.084536995309662,0.1,24
2024-04-30,Equal weight,39.000000000000014,0.02564102564102564,0
2024-04-30,Filtered-stressed CVaR (matched),12.13268002980766,0.1,23
2024-04-30,Original covariance MVP (matched),12.745227195103723,0.1,23
2024-04-30,Regularized filtered CVaR (matched),12.74042640566134,0.1,21
2024-05-31,Dynamic covariance MVP (matched),12.916002190098489,0.1,20
2024-05-31,Empirical CVaR (matched),11.587210487632086,0.1,26
2024-05-31,Equal weight,39.000000000000014,0.02564102564102564,0
2024-05-31,Filtered-stressed CVaR (matched),12.091377558163595,0.1,23
2024-05-31,Original covariance MVP (matched),13.210427665025389,0.1,20
2024-05-31,Regularized filtered CVaR (matched),12.546985492025899,0.1,23
2024-06-28,Dynamic covariance MVP (matched),12.192315557938306,0.1,23
2024-06-28,Empirical CVaR (matched),11.826303538097882,0.1,24
2024-06-28,Equal weight,39.000000000000014,0.02564102564102564,0
2024-06-28,Filtered-stressed CVaR (matched),11.585124980836511,0.1,25
2024-06-28,Original covariance MVP (matched),12.378880167377641,0.1,23
2024-06-28,Regularized filtered CVaR (matched),12.063256156297026,0.1,23
2024-07-31,Dynamic covariance MVP (matched),12.169343432481227,0.1,22
2024-07-31,Empirical CVaR (matched),11.480992644077284,0.1,26
2024-07-31,Equal weight,39.000000000000014,0.02564102564102564,0
2024-07-31,Filtered-stressed CVaR (matched),11.63059608107934,0.1,26
2024-07-31,Original covariance MVP (matched),11.599415586675645,0.1,23
2024-07-31,Regularized filtered CVaR (matched),12.148783655097416,0.1,25
2024-08-30,Dynamic covariance MVP (matched),12.57741364510027,0.1,22
2024-08-30,Empirical CVaR (matched),11.986615506877095,0.1,23
2024-08-30,Equal weight,39.000000000000014,0.02564102564102564,0
2024-08-30,Filtered-stressed CVaR (matched),10.962476611261208,0.1,26
2024-08-30,Original covariance MVP (matched),12.14119683153035,0.1,23
2024-08-30,Regularized filtered CVaR (matched),11.057217596800411,0.1,26
2024-09-30,Dynamic covariance MVP (matched),13.046664489456576,0.1,22
2024-09-30,Empirical CVaR (matched),11.402389392393687,0.1,25
2024-09-30,Equal weight,39.000000000000014,0.02564102564102564,0
2024-09-30,Filtered-stressed CVaR (matched),11.90478636156442,0.1,23
2024-09-30,Original covariance MVP (matched),12.429982375019287,0.1,23
2024-09-30,Regularized filtered CVaR (matched),11.211199948657406,0.1,25
2024-10-31,Dynamic covariance MVP (matched),13.879717714116033,0.1,19
2024-10-31,Empirical CVaR (matched),11.644474923743815,0.1,22
2024-10-31,Equal weight,39.000000000000014,0.02564102564102564,0
2024-10-31,Filtered-stressed CVaR (matched),11.564846803678636,0.1,23
2024-10-31,Original covariance MVP (matched),13.04815095382207,0.1,20
2024-10-31,Regularized filtered CVaR (matched),12.887138739329185,0.1,20
2024-11-29,Dynamic covariance MVP (matched),11.492066407821573,0.1,23
2024-11-29,Empirical CVaR (matched),11.099063851040597,0.1,25
2024-11-29,Equal weight,39.000000000000014,0.02564102564102564,0
2024-11-29,Filtered-stressed CVaR (matched),11.784109505061027,0.1,25
2024-11-29,Original covariance MVP (matched),12.365968482294521,0.1,21
2024-11-29,Regularized filtered CVaR (matched),12.301539165549679,0.1,23
2024-12-31,Dynamic covariance MVP (matched),14.202163553752344,0.1,21
2024-12-31,Empirical CVaR (matched),11.117538870666769,0.1,25
2024-12-31,Equal weight,39.000000000000014,0.02564102564102564,0
2024-12-31,Filtered-stressed CVaR (matched),11.537275744258869,0.1,25
2024-12-31,Original covariance MVP (matched),13.698934042959566,0.1,21
2024-12-31,Regularized filtered CVaR (matched),12.193367585298159,0.1,23
2025-01-31,Dynamic covariance MVP (matched),12.530246026991199,0.1,22
2025-01-31,Empirical CVaR (matched),11.79470828311873,0.1,24
2025-01-31,Equal weight,39.000000000000014,0.02564102564102564,0
2025-01-31,Filtered-stressed CVaR (matched),12.37095667335972,0.1,22
2025-01-31,Original covariance MVP (matched),12.928641149146157,0.1,22
2025-01-31,Regularized filtered CVaR (matched),12.956551530018917,0.1,21
2025-02-28,Dynamic covariance MVP (matched),12.150919671199944,0.1,23
2025-02-28,Empirical CVaR (matched),11.538602163590893,0.1,24
2025-02-28,Equal weight,39.000000000000014,0.02564102564102564,0
2025-02-28,Filtered-stressed CVaR (matched),12.036467543097544,0.1,24
2025-02-28,Original covariance MVP (matched),12.259739551953109,0.1,23
2025-02-28,Regularized filtered CVaR (matched),11.481840441650904,0.1,24
2025-03-28,Dynamic covariance MVP (matched),12.284988631693999,0.1,22
2025-03-28,Empirical CVaR (matched),12.81564160914463,0.1,21
2025-03-28,Equal weight,39.000000000000014,0.02564102564102564,0
2025-03-28,Filtered-stressed CVaR (matched),11.016689799001716,0.1,24
2025-03-28,Original covariance MVP (matched),12.609786909559135,0.1,21
2025-03-28,Regularized filtered CVaR (matched),11.75137076901586,0.1,23
2025-04-30,Dynamic covariance MVP (matched),11.18533312625419,0.1,26
2025-04-30,Empirical CVaR (matched),11.168132181390495,0.1,26
2025-04-30,Equal weight,39.000000000000014,0.02564102564102564,0
2025-04-30,Filtered-stressed CVaR (matched),11.064203788844006,0.1,26
2025-04-30,Original covariance MVP (matched),11.323532923557513,0.1,25
2025-04-30,Regularized filtered CVaR (matched),10.982118531718996,0.1,26
2025-05-30,Dynamic covariance MVP (matched),12.865187733565174,0.1,23
2025-05-30,Empirical CVaR (matched),10.880624519196552,0.1,27
2025-05-30,Equal weight,39.000000000000014,0.02564102564102564,0
2025-05-30,Filtered-stressed CVaR (matched),11.540025219901857,0.1,24
2025-05-30,Original covariance MVP (matched),12.292546805314785,0.1,23
2025-05-30,Regularized filtered CVaR (matched),11.574290557820172,0.1,24
2025-06-30,Dynamic covariance MVP (matched),12.872424381527312,0.1,19
2025-06-30,Empirical CVaR (matched),12.680697640205954,0.1,24
2025-06-30,Equal weight,39.000000000000014,0.02564102564102564,0
2025-06-30,Filtered-stressed CVaR (matched),11.60505675036642,0.1,25
2025-06-30,Original covariance MVP (matched),12.44285429949085,0.1,21
2025-06-30,Regularized filtered CVaR (matched),11.74623901316135,0.1,24
2025-07-31,Dynamic covariance MVP (matched),18.478827063560175,0.09728029544352348,12
2025-07-31,Empirical CVaR (matched),13.579068570923278,0.1,22
2025-07-31,Equal weight,39.000000000000014,0.02564102564102564,0
2025-07-31,Filtered-stressed CVaR (matched),13.136786325003047,0.1,20
2025-07-31,Original covariance MVP (matched),14.12573085510507,0.1,14
2025-07-31,Regularized filtered CVaR (matched),13.289589482115115,0.1,20
2025-08-29,Dynamic covariance MVP (matched),14.754376974877461,0.1,20
2025-08-29,Empirical CVaR (matched),14.157490409911299,0.1,19
2025-08-29,Equal weight,39.000000000000014,0.02564102564102564,0
2025-08-29,Filtered-stressed CVaR (matched),12.3705027584449,0.1,24
2025-08-29,Original covariance MVP (matched),14.819778034993304,0.1,20
2025-08-29,Regularized filtered CVaR (matched),12.578888991386941,0.1,22
2025-09-30,Dynamic covariance MVP (matched),15.034368790395495,0.1,17
2025-09-30,Empirical CVaR (matched),13.868292825684428,0.1,20
2025-09-30,Equal weight,39.000000000000014,0.02564102564102564,0
2025-09-30,Filtered-stressed CVaR (matched),12.750347217614346,0.1,23
2025-09-30,Original covariance MVP (matched),14.916610691741809,0.1,16
2025-09-30,Regularized filtered CVaR (matched),14.0051744365478,0.1,19
2025-10-31,Dynamic covariance MVP (matched),17.053410654135742,0.1,14
2025-10-31,Empirical CVaR (matched),13.14008606098963,0.1,19
2025-10-31,Equal weight,39.000000000000014,0.02564102564102564,0
2025-10-31,Filtered-stressed CVaR (matched),13.290872634700229,0.1,21
2025-10-31,Original covariance MVP (matched),16.376232786084515,0.1,16
2025-10-31,Regularized filtered CVaR (matched),14.317723875377894,0.1,21
2025-11-28,Dynamic covariance MVP (matched),15.946886468365262,0.1,17
2025-11-28,Empirical CVaR (matched),14.225532029599943,0.1,18
2025-11-28,Equal weight,39.000000000000014,0.02564102564102564,0
2025-11-28,Filtered-stressed CVaR (matched),13.182268280169689,0.1,22
2025-11-28,Original covariance MVP (matched),16.34053179732436,0.1,17
2025-11-28,Regularized filtered CVaR (matched),14.787041105433985,0.1,18
2025-12-31,Dynamic covariance MVP (matched),17.102636386227108,0.08921984061175701,16
2025-12-31,Empirical CVaR (matched),13.589417139246137,0.1,20
2025-12-31,Equal weight,39.000000000000014,0.02564102564102564,0
2025-12-31,Filtered-stressed CVaR (matched),12.736017054712912,0.1,21
2025-12-31,Original covariance MVP (matched),16.904895476791552,0.09264143727724801,17
2025-12-31,Regularized filtered CVaR (matched),13.047050850368446,0.1,21
2026-01-30,Dynamic covariance MVP (matched),13.851258700587382,0.1,19
2026-01-30,Empirical CVaR (matched),13.767319457614525,0.1,17
2026-01-30,Equal weight,39.000000000000014,0.02564102564102564,0
2026-01-30,Filtered-stressed CVaR (matched),12.403422698994504,0.1,25
2026-01-30,Original covariance MVP (matched),14.797843460885685,0.1,16
2026-01-30,Regularized filtered CVaR (matched),12.9214046645058,0.1,22
2026-02-27,Dynamic covariance MVP (matched),12.635607824410627,0.1,23
2026-02-27,Empirical CVaR (matched),13.140383660836736,0.1,22
2026-02-27,Equal weight,39.000000000000014,0.02564102564102564,0
2026-02-27,Filtered-stressed CVaR (matched),11.778990469466212,0.1,25
2026-02-27,Original covariance MVP (matched),13.475531780358759,0.1,20
2026-02-27,Regularized filtered CVaR (matched),12.021456762057019,0.1,22
2026-03-30,Dynamic covariance MVP (matched),10.943136395008155,0.1,26
2026-03-30,Empirical CVaR (matched),11.42876617307778,0.1,25
2026-03-30,Equal weight,39.000000000000014,0.02564102564102564,0
2026-03-30,Filtered-stressed CVaR (matched),11.244395692297958,0.1,27
2026-03-30,Original covariance MVP (matched),11.514833956473785,0.1,24
2026-03-30,Regularized filtered CVaR (matched),11.729139511023293,0.1,25
2026-04-30,Dynamic covariance MVP (matched),12.073261185305416,0.1,23
2026-04-30,Empirical CVaR (matched),11.969743033800013,0.1,24
2026-04-30,Equal weight,39.000000000000014,0.02564102564102564,0
2026-04-30,Filtered-stressed CVaR (matched),10.992794797639641,0.1,26
2026-04-30,Original covariance MVP (matched),12.224350888202995,0.1,23
2026-04-30,Regularized filtered CVaR (matched),11.12622247298222,0.1,27
2026-05-29,Dynamic covariance MVP (matched),12.730728096941824,0.1,21
2026-05-29,Empirical CVaR (matched),12.015652725962669,0.1,25
2026-05-29,Equal weight,39.000000000000014,0.02564102564102564,0
2026-05-29,Filtered-stressed CVaR (matched),12.155050028381426,0.1,23
2026-05-29,Original covariance MVP (matched),12.322019421616863,0.1,23
2026-05-29,Regularized filtered CVaR (matched),12.513567032850133,0.1,22
2026-06-30,Dynamic covariance MVP (matched),14.31117870928817,0.1,18
2026-06-30,Empirical CVaR (matched),11.972661667769353,0.1,24
2026-06-30,Equal weight,39.000000000000014,0.02564102564102564,0
2026-06-30,Filtered-stressed CVaR (matched),12.049891839341896,0.1,21
2026-06-30,Original covariance MVP (matched),12.325088849784624,0.1,22
2026-06-30,Regularized filtered CVaR (matched),13.639664839586418,0.1,17
2026-07-31,Dynamic covariance MVP (matched),16.143722567133103,0.1,17
2026-07-31,Empirical CVaR (matched),12.884602722801201,0.1,21
2026-07-31,Equal weight,39.000000000000014,0.02564102564102564,0
2026-07-31,Filtered-stressed CVaR (matched),14.174464040347692,0.1,19
2026-07-31,Original covariance MVP (matched),15.208209906798528,0.1,17
2026-07-31,Regularized filtered CVaR (matched),15.264280974995474,0.1,17
