Year,Model,Calendar return,Annualised volatility,Sharpe ratio,Annualised ES 95%
2021,Equal weight,0.4199182341380343,0.15516232294968157,2.3750475901148183,0.3464227218994193
2021,Original covariance MVP (matched),0.2777470972507632,0.13164471051715845,1.9583019643182848,0.287438472428503
2021,Dynamic covariance MVP (matched),0.3011081021007198,0.13312073976151978,2.0764638652679235,0.28599688301814313
2021,Dynamic-factor CVaR (matched),0.24044741221920063,0.1362850428172996,1.6750680128586721,0.2909227158998888
2022,Equal weight,0.10332856250132894,0.16662698414188798,0.6829754354953234,0.38478889675963307
2022,Original covariance MVP (matched),0.09163297836077033,0.13895814911609813,0.7105451771769759,0.30517567977259785
2022,Dynamic covariance MVP (matched),0.07412161955234264,0.1396832666140535,0.5899051526888355,0.3079226721908523
2022,Dynamic-factor CVaR (matched),0.03412751468756858,0.13928555974222,0.3143389801644437,0.31066374157758575
2023,Equal weight,0.3293605911437061,0.09530831313306035,3.12171542109882,0.19005732542750248
2023,Original covariance MVP (matched),0.3006311332873328,0.08540988125731995,3.2096662939505562,0.1693905908532472
2023,Dynamic covariance MVP (matched),0.30051756429724663,0.08591524451508764,3.190244167586162,0.17218342949397356
2023,Dynamic-factor CVaR (matched),0.30750804608112103,0.08708015576714662,3.212078429661799,0.17590346312077335
2024,Equal weight,0.15708721412983273,0.1437906182768225,1.1117407276856834,0.32015734838121473
2024,Original covariance MVP (matched),0.15019568554686558,0.11957980280307583,1.2585026479572046,0.23375793439747028
2024,Dynamic covariance MVP (matched),0.15997793148768436,0.12059193232534876,1.3209229245691416,0.2344358136560483
2024,Dynamic-factor CVaR (matched),0.10199529934640283,0.12336188071592173,0.8679929075998051,0.2583818227997725
2025,Equal weight,0.14528366081549926,0.12206662965226799,1.1856844356903333,0.2541523133207346
2025,Original covariance MVP (matched),0.04181834668737294,0.10788287009727954,0.4379872473053875,0.22709077978479397
2025,Dynamic covariance MVP (matched),0.03481909703665176,0.1077701887697652,0.37500698213394035,0.22458051116508296
2025,Dynamic-factor CVaR (matched),0.03459236398944232,0.11007162963397887,0.36747536607428116,0.23342342266483962
2026,Equal weight,0.00039626559967120834,0.13667781481738187,0.07252226195710103,0.31656571327934435
2026,Original covariance MVP (matched),-0.10269773060036125,0.11977717963331669,-1.3385648415219242,0.28436208352329295
2026,Dynamic covariance MVP (matched),-0.11348083384127816,0.11885590087887613,-1.5070206448063712,0.2803842825301154
2026,Dynamic-factor CVaR (matched),-0.10489835596738895,0.1236506255130977,-1.3234741112775432,0.29189126587581793
