Month,Equal weight,Original TV-MVP,Dynamic SigmaF TV-MVP,Dynamic-factor CVaR
2017-02,0.044100207080924436,0.047234015586563594,0.04818041221394398,0.058408045611908044
2017-03,0.023831227688812406,0.010873464783837328,0.013181182404969016,0.022242962119724652
2017-04,0.01604360021003215,0.002995944965059838,0.004512129627326278,-0.007453691894206083
2017-05,0.01800720325719718,0.024447158610386044,0.024399474443209224,0.024501180109958387
2017-06,0.0025201945505475276,-0.006404160491740862,-0.005941221537395847,0.006332150070947451
2017-07,0.0640128073307944,0.046191321156241694,0.04764450868867165,0.049612220203425705
2017-08,0.005772121220738002,-0.02758462319218269,-0.024989150030148788,-0.018069491361125456
2017-09,-0.004414690029404755,-0.002079488405778096,-0.002664808208373226,-0.015494526983997337
2017-10,0.06871551905496087,0.05653963869571332,0.056012694764040916,0.047272224266051044
2017-11,0.0008757551904632344,0.016212797334999918,0.0125637304751125,0.0031159494943409083
2017-12,0.033812246757927156,0.024137584912370613,0.02503464975945824,0.02649177582097728
2018-01,0.016574090811618092,0.046600287125282636,0.044933241720540584,0.052827243273040114
2018-02,-0.029952260386040597,-0.02122142836762353,-0.02152499801159924,-0.009877727501169664
2018-03,-0.03373832648199737,0.008883424067216428,0.010794080908494097,-0.012078219927134426
2018-04,0.0656944342495569,0.06526224552193138,0.06584903094540495,0.05561759415842804
2018-05,-0.010646334484045283,0.004233625285327669,0.002705391272380897,-9.657596407752767e-05
2018-06,0.00023415310530539024,-0.011194136781331188,-0.011451054399528648,-0.011921059388876887
2018-07,0.04760720612096225,0.06693879278526271,0.06645275198444578,0.055107715553985415
2018-08,0.062293153109609145,0.04789354627474052,0.047521834333472235,0.035483160543964276
2018-09,-0.06996970427577864,-0.04503644435247678,-0.04845593109541868,-0.05174146100021437
2018-10,-0.03251808502639808,-0.05304913432806668,-0.05352756152108351,-0.04593044223664611
2018-11,0.026023623058713197,0.006255688787010438,0.0068167171053268305,0.009506095786808277
2018-12,0.005123141077281179,0.017167312412024405,0.01677813757684854,0.021339560571778327
2019-01,-0.02125243494045459,0.0027267248055724558,0.001973465702996169,0.0013698423148049699
2019-02,0.009270075060425764,0.004785937690109376,0.005696335364037575,-0.004283747593782139
2019-03,0.05659258230577047,0.07209473430377211,0.06973483492344923,0.05022267591972018
2019-04,0.03449210433012628,0.030380536033598915,0.03223575917168375,0.03450585133317596
2019-05,0.01239447078693967,-0.009160607572770374,-0.006841030318311292,0.015426341996683357
2019-06,0.00472230592761691,-0.005355100530467838,-0.0054630607670267395,-0.002902759657834597
2019-07,-0.06872381129619654,-0.03750793587465606,-0.03788588896562073,-0.04183964422929809
2019-08,-0.007366459275042092,0.015132848077272998,0.015769967086360026,0.031960492484936376
2019-09,0.04763357149614067,0.001451239548712513,0.0007942923923531797,0.004271390183483659
2019-10,0.048071439425258156,0.02458467729528624,0.02303062359609309,0.03946563034480577
2019-11,6.734489211179806e-05,-0.030841691206273336,-0.030534204908455154,-0.024673198083431824
2019-12,0.008325326346294348,0.007519963311616751,0.006867655832212494,0.007121576354403691
2020-01,-0.008928186334063892,0.02580938943384803,0.009264489256966879,0.01792189766789609
2020-02,-0.06684007699948114,-0.05135460874478037,-0.04832245918430045,-0.05772048709519606
2020-03,-0.21083248312482916,-0.1700917929627881,-0.16469890713695512,-0.2169701450675472
2020-04,0.1381023589429793,0.13251579157247728,0.13342634608283865,0.15353346089567377
2020-05,0.0033943620256480234,-0.007345962311918419,-0.007151156797213898,0.0294833092461273
2020-06,0.06692490384831795,0.06016716705372471,0.05141149776121279,0.015499081200587517
2020-07,0.08469282417233481,0.0983913160786718,0.10332947757750377,0.054322396821283814
2020-08,0.0412650940360173,-0.013629172944303103,-0.0017001624076797839,-0.007504818988248396
2020-09,-0.004951196272383163,0.021011220543409426,0.02561029450184371,0.02263934054134875
2020-10,0.030242445496895698,0.06047756819545813,0.06357051780059275,0.06653412549463966
2020-11,0.147896212942644,0.03180360987360409,0.030224140972710423,0.05368456205613459
2020-12,0.08858813007372857,0.10629034382312197,0.10648780018248716,0.08518445179113887
2021-01,-0.01000685158762038,-0.03218594881228476,-0.02885789719918619,-0.05454514843271974
2021-02,0.08333946901644151,-0.02982945035802953,-0.030769528701690363,0.027730918931452964
2021-03,0.023505418150282287,0.08636486471684668,0.09337616478159916,0.034659179408275564
2021-04,0.03282127460144113,-0.012824650818250238,-0.01766414018533391,0.025185739429228304
2021-05,0.06606385851980412,0.03554320454359594,0.035551513613329755,0.05985695264035695
2021-06,0.021898278018191553,0.03931892569346074,0.03669527282228113,0.024573842559467707
2021-07,0.02501137095674899,-0.001775353026276183,0.004978361534714537,-0.016984013652245666
2021-08,0.07314086675773246,0.08620768820472202,0.08576023165128066,0.08126290727622676
2021-09,0.0445712871376549,0.0500484298200361,0.05122543459108231,0.04340538800917648
2021-10,-0.01029658578854098,-0.007761625885083556,-0.008791598617457153,-0.0072552149183426895
2021-11,-0.02056803779961247,-0.020364613401662512,-0.01922617567664442,-0.026893099852413838
2021-12,0.03218496986784247,0.023698839926493687,0.02234017640472108,0.03448601683879082
2022-01,0.004346379060473415,0.004680445644046571,-0.012117959399203349,-0.032389057658698706
2022-02,-0.012414499374400534,-0.03850196801592831,-0.04143762425820363,-0.034766929218673415
2022-03,0.03348748144144209,0.029553760852596422,0.03093709658967958,0.030045954914359463
2022-04,-0.005211468957268872,0.01591807578308302,0.012021972921832491,-0.008754670647100116
2022-05,-0.03928778183959536,0.009598607298658912,0.005198992915266043,-0.012196887589004946
2022-06,-0.05328122873030794,-0.018147788231354434,-0.014028607850981922,-0.03976397672490861
2022-07,0.11254354979526382,0.07073719162410108,0.07168909710729188,0.08411843101278715
2022-08,0.04902583765434376,0.05537765565360253,0.053940721791445156,0.051534003668372685
2022-09,-0.025453243140655557,-0.02422390946186359,-0.023135856918996556,-0.031007388927031143
2022-10,0.0541066288144072,0.05379253853786836,0.05361441209691509,0.052824793317744145
2022-11,0.023001559648192726,0.020954300725448682,0.02383410127375374,0.021786286186128656
2022-12,-0.030094059136741347,-0.03732786682249378,-0.03638354374457908,-0.03790423752370342
2023-01,-0.0202649329781196,-0.021887334324948604,-0.019270653466883947,-0.024741853587758378
2023-02,-0.016210126259280755,0.01248224896403971,0.009250395243626253,-0.001792728727092685
2023-03,0.005459287462142637,0.024221276781485335,0.02552660057629952,0.018602414379744747
2023-04,0.04742051980913531,0.04843414271652069,0.04881415240343001,0.04216334811660172
2023-05,0.033420910521228864,0.0517562910398317,0.049358391042781946,0.048975406662510323
2023-06,0.04503905046381762,0.052265026078001986,0.04839946849167576,0.058321672169604044
2023-07,0.03749097582395211,0.028736347872657886,0.029693666378577177,0.023661405354511
2023-08,-0.009074747423396645,-0.024574967258741642,-0.024094299711700407,-0.020350813815515734
2023-09,0.0408998338068578,0.028615961912074495,0.02750628907029773,0.026317143845685065
2023-10,-0.024145527643567366,-0.013466133873006325,-0.012452726833069971,-0.026895958517841878
2023-11,0.06961987796859703,0.04080983038934938,0.03941627878068199,0.06304828206752222
2023-12,0.08564486342353184,0.05065188809654475,0.05755764312691358,0.07043376671678514
2024-01,0.018078557431905562,-0.0140830490507039,-0.014424479174936944,-0.024466078687299664
2024-02,0.02464219386732891,0.014402859601167384,0.014683531292373875,0.026676021513639903
2024-03,0.021035025861032564,0.015611548159913724,0.015462185337796974,0.004015350795364414
2024-04,0.018380306505831,-0.005780697998977069,-0.006976499663030267,-0.0005103201666016854
2024-05,0.006687793472433201,0.011869687987068334,0.018913692229305834,0.0007885139838192945
2024-06,0.06343872210433443,0.06885847039419546,0.06835504886854715,0.054801579362490305
2024-07,0.04913392507739678,0.06649552169138762,0.06688432145000744,0.04756307179551489
2024-08,0.014743994037950126,0.04625459753647343,0.04401176444407118,0.04424915983099553
2024-09,0.03126135246605033,0.03993891390309434,0.03968382402380377,0.03946380619484535
2024-10,-0.0683508100888982,-0.08305158453099504,-0.08044189326482665,-0.0981168342406149
2024-11,-0.00993946660492706,0.01128676103840931,0.009941936661645556,-0.008830436380522166
2024-12,-0.016024373277617188,0.010137062370133343,0.0110543705075683,0.021833818209656464
2025-01,0.007610327678007733,-0.02590910521623091,-0.023353185342613325,-0.0340334730912113
2025-02,-0.0639161322042815,-0.040833998957667705,-0.03799368960470739,-0.06302600333266517
2025-03,0.06912385482610728,0.04991441113538797,0.05348848415427487,0.0501611274058118
2025-04,0.0214630079326259,0.04253751207905698,0.04441138213223783,0.032344345232213634
2025-05,0.017325493712681217,-0.030629450884314346,-0.03333029765000528,-0.0037295255008144013
2025-06,0.03452145105146487,0.011214675911983774,0.010595518933754322,0.02703884959384939
2025-07,-0.03001418858626692,-0.010787103866567005,-0.020804907148284202,-0.01605087417385176
2025-08,0.006350244664698579,0.008035336131975823,0.005930796481072864,-0.0033374125849322533
2025-09,0.01683835523901589,0.0019060137682838096,-8.65667856940755e-05,0.013038113951339358
2025-10,0.045386226747982095,0.02834862092682333,0.027854061519267503,0.03381847633997337
2025-11,0.012179388107993017,-0.00350397975607597,-0.00460976323283846,-0.0026993540254504067
2025-12,0.005900170802460636,0.0017980628748783811,0.0018896629205760185,0.006046429787289975
2026-01,-0.007223912492504314,-0.02405787171826368,-0.026545052324395968,-0.00714115758825884
2026-02,0.007301925826415978,-0.006014664294343386,-0.011060213589729528,0.007428294018891224
2026-03,-0.09208471934285445,-0.09734230824610957,-0.09582520203529332,-0.09306151310477506
2026-04,0.08461553835833246,0.028695939550722027,0.024610662074010303,0.041670291115995406
2026-05,-0.0071491064914350755,-0.048241669081027894,-0.04634302392802847,-0.04423188607903894
2026-06,-0.009755165570419999,-0.05088589008312561,-0.05097690738659033,-0.028507020436119967
2026-07,0.04245487318851482,0.013392910251325496,0.015140279760922581,0.01725171107340495
2026-08,-0.008811940297516863,0.004553536853821205,0.003920305727549422,0.002863810289720492
