Strategy 1,Strategy 2,Metric (1 minus 2),Estimate,CI lower,CI upper,Bootstrap p-value,Primary comparison,Bootstrap draws,Block length (months)
Equal weight,Original TV-MVP,Annualised volatility difference,0.015274319124319924,-0.0027941848507957744,0.031017633792261745,,False,1999,3
Equal weight,Original TV-MVP,Monthly ES difference,0.011837714372028796,-0.00808815736879289,0.03079430003658938,,False,1999,3
Equal weight,Original TV-MVP,Annualised net return difference,0.05250324817138918,-0.010877643074751692,0.12354907078639449,,False,1999,3
Equal weight,Dynamic SigmaF TV-MVP,Annualised volatility difference,0.01565651629610934,-0.0036344238799483597,0.0327764748269228,,False,1999,3
Equal weight,Dynamic SigmaF TV-MVP,Monthly ES difference,0.013812533781311753,-0.006942864914741659,0.03355610757087174,,False,1999,3
Equal weight,Dynamic SigmaF TV-MVP,Annualised net return difference,0.05381422318520568,-0.012512881672318114,0.1246266814032681,,False,1999,3
Equal weight,Dynamic-factor CVaR,Annualised volatility difference,0.008647407749721031,-0.002948145640077614,0.021511254363010896,,False,1999,3
Equal weight,Dynamic-factor CVaR,Monthly ES difference,-0.0011064210242466566,-0.021641198771206592,0.01545180527205505,,False,1999,3
Equal weight,Dynamic-factor CVaR,Annualised net return difference,0.07184902230725365,0.020219693114785848,0.12869228215383594,,False,1999,3
Original TV-MVP,Dynamic SigmaF TV-MVP,Annualised volatility difference,0.0003821971717894168,-0.00198098237192035,0.0023779928759133104,0.7553776888444222,True,1999,3
Original TV-MVP,Dynamic SigmaF TV-MVP,Monthly ES difference,0.0019748194092829574,-0.005797502531935492,0.00900597337279248,0.43421710855427714,True,1999,3
Original TV-MVP,Dynamic SigmaF TV-MVP,Annualised net return difference,0.0013109750138164955,-0.007661958035698741,0.010886218662375012,0.7813906953476738,True,1999,3
Original TV-MVP,Dynamic-factor CVaR,Annualised volatility difference,-0.006626911374598893,-0.022516290991711808,0.009626346859905804,,False,1999,3
Original TV-MVP,Dynamic-factor CVaR,Monthly ES difference,-0.012944135396275452,-0.03304964383122033,0.0027020933670137384,,False,1999,3
Original TV-MVP,Dynamic-factor CVaR,Annualised net return difference,0.01934577413586447,-0.01650769865222646,0.05693513949017087,,False,1999,3
Dynamic SigmaF TV-MVP,Dynamic-factor CVaR,Annualised volatility difference,-0.00700910854638831,-0.023822280263396407,0.010715155917109557,0.49824912456228115,True,1999,3
Dynamic SigmaF TV-MVP,Dynamic-factor CVaR,Monthly ES difference,-0.01491895480555841,-0.03599880188453328,0.0018268500492882914,0.11905952976488245,True,1999,3
Dynamic SigmaF TV-MVP,Dynamic-factor CVaR,Annualised net return difference,0.018034799122047973,-0.018828979682703247,0.054711070008653225,0.3581790895447724,True,1999,3
