Metric,Portable result,Manual target,Difference
Selected factor number,2.0,2.0,0.0
Oracle portfolio variance,0.22700452860174075,0.1373,0.08970452860174075
TV-MVP forecast variance,0.2426178028355101,0.1,0.1426178028355101
Sample-covariance forecast variance,0.31897442213196125,0.2117,0.10727442213196126
TV-MVP weight mean absolute error,0.043130566970729894,,
Sample weight mean absolute error,0.07579471798088433,,
Residual covariance relative Frobenius error,0.4824039618581853,,
Residual sparsity,0.16816326530612244,,
Port weekly TV-MVP Sharpe (daily),0.037836244078593304,0.0865,-0.04866375592140669
Port weekly equal-weight Sharpe (daily),0.049457367861965425,0.0488,0.0006573678619654216
Port weekly TV-MVP mean,0.0002404846280609661,0.0006,-0.00035951537193903386
Port weekly equal-weight mean,0.00058833768,0.0005,8.833767999999996e-05
Port weekly TV-MVP stdev,0.0063559328870337215,0.0075,-0.0011440671129662782
Port weekly equal-weight stdev,0.011895855065357284,0.0105,0.0013958550653572835
