Parameter,Value,Dynamic-minus-original Sharpe,Dynamic-minus-original volatility,Dynamic-minus-original net return,CVaR-minus-original Sharpe,CVaR-minus-original ES,Observations
EWMA decay,0.9,-0.03393312847102181,0.0003922756315742626,-0.004522663572267938,-0.13317414735220123,-0.0028778358235597157,1399
EWMA decay,0.94,-0.029037609321092672,0.0004015849923890702,-0.003780226229347816,-0.13317414735220123,-0.0028778358235597157,1399
EWMA decay,0.97,-0.018680375514313674,0.0002882552891546042,-0.002446091424163299,-0.13317414735220123,-0.0028778358235597157,1399
Window days,378,-0.04605956502128283,0.0004122058484006541,-0.0059763957989653615,-0.006107605388733894,-0.0038948987140906555,1399
Window days,504,-0.029037609321092672,0.0004015849923890702,-0.003780226229347816,-0.13317414735220123,-0.0028778358235597157,1399
Window days,756,-0.020905365562692513,0.0003415624830424985,-0.002828548225761951,-0.01674684850160113,0.0038104081619146912,1399
Factor number,2,-0.042184605737358494,0.0007299030445795524,-0.005359272132013482,-0.06358685813424825,0.00397017703768332,1399
Factor number,3,-0.029037609321092672,0.0004015849923890702,-0.003780226229347816,-0.13317414735220123,-0.0028778358235597157,1399
Factor number,5,-0.038788945899434824,0.00028652315085322955,-0.005242327881955999,0.08657800608023658,0.0015762742639910399,1399
CVaR confidence,0.9,-0.029037609321092672,0.0004015849923890702,-0.003780226229347816,-0.015377840479017468,-0.005580278263873251,1399
CVaR confidence,0.95,-0.029037609321092672,0.0004015849923890702,-0.003780226229347816,-0.13317414735220123,-0.0028778358235597157,1399
CVaR confidence,0.99,-0.029037609321092672,0.0004015849923890702,-0.003780226229347816,-0.004907979547124963,0.001767907373650457,1399
Transaction cost (bps),0,-0.029037609321092672,0.0004015849923890702,-0.003689255850560569,-0.13317414735220123,-0.0028778358235597157,1399
Transaction cost (bps),10,-0.029037609321092672,0.0004015849923890702,-0.003780226229347816,-0.13317414735220123,-0.0028778358235597157,1399
Transaction cost (bps),25,-0.029037609321092672,0.0004015849923890702,-0.003911327403113063,-0.13317414735220123,-0.0028778358235597157,1399
