Setting,Model,Metric,Mean,Standard deviation,MC CI lower,MC CI upper,Replications
gaussian,Dynamic SigmaF TV-MVP,Realised variance,1.0560884723595958e-05,2.832606241785134e-06,1.0005693900206071e-05,1.1116075546985844e-05,100
gaussian,Dynamic SigmaF TV-MVP,Realised ES 95%,0.006287540438113677,0.0010625158470320493,0.0060792873320953955,0.006495793544131958,100
gaussian,Dynamic SigmaF TV-MVP,Mean return,-0.00010670264362760917,0.00037956507354239857,-0.0001810973980419193,-3.230788921329905e-05,100
gaussian,Dynamic SigmaF TV-MVP,Annualised volatility,0.05116374265932918,0.006637389306358473,0.04986281435528292,0.05246467096337544,100
gaussian,Dynamic SigmaF TV-MVP,Annualised return,-0.02334534801433881,0.0960162394677769,-0.04216453095002308,-0.004526165078654536,100
gaussian,Dynamic SigmaF TV-MVP,Sharpe ratio,-0.5949710017800341,1.8947108830460686,-0.9663343348570635,-0.22360766870300475,100
gaussian,Dynamic SigmaF TV-MVP,Maximum drawdown,-0.03134099125965155,0.012249558948452612,-0.03374190481354826,-0.028940077705754838,100
gaussian,Dynamic SigmaF TV-MVP,Annualised ES 95%,0.09981161014506537,0.016866916171871693,0.09650569457537853,0.10311752571475222,100
gaussian,Dynamic SigmaF TV-MVP,Initial traded notional,1.0207157354689471,0.04157412330487426,1.0125672073011918,1.0288642636367025,100
gaussian,Dynamic SigmaF TV-MVP,Annualised net return,-0.027327198010161844,0.09561587356229322,-0.04606790922837131,-0.008586486791952373,100
gaussian,Dynamic SigmaF TV-MVP,True portfolio variance,1.050290500698633e-05,2.391743812197812e-06,1.0034123219795559e-05,1.0971686794177102e-05,100
gaussian,Dynamic SigmaF TV-MVP,True covariance Frobenius error,0.0006382695978667209,0.0001373571209502882,0.0006113476021604644,0.0006651915935729773,100
gaussian,Dynamic-factor CVaR,Realised variance,1.1547005674473808e-05,2.372386781065239e-06,1.108201786538502e-05,1.2011993483562596e-05,100
gaussian,Dynamic-factor CVaR,Realised ES 95%,0.006535564796121978,0.0009700022546312306,0.0063454443542142564,0.0067256852380297,100
gaussian,Dynamic-factor CVaR,Mean return,-0.0001042160128567293,0.0003978779811037907,-0.0001822000971530723,-2.6231928560386324e-05,100
gaussian,Dynamic-factor CVaR,Annualised volatility,0.053676199173743874,0.005385265365658625,0.052620687162074783,0.054731711185412965,100
gaussian,Dynamic-factor CVaR,Annualised return,-0.02242186070293891,0.10044432537540961,-0.04210894847651919,-0.002734772929358628,100
gaussian,Dynamic-factor CVaR,Sharpe ratio,-0.5387910476503478,1.8716470096179212,-0.9056338615354603,-0.17194823376523527,100
gaussian,Dynamic-factor CVaR,Maximum drawdown,-0.031843550538761214,0.013018875711892709,-0.03439525017829219,-0.029291850899230244,100
gaussian,Dynamic-factor CVaR,Annualised ES 95%,0.10374887476732385,0.015398308421557122,0.10073080631669865,0.10676694321794905,100
gaussian,Dynamic-factor CVaR,Initial traded notional,0.9999999999999958,1.6057320245012975e-13,0.9999999999999644,1.0000000000000273,100
gaussian,Dynamic-factor CVaR,Annualised net return,-0.0263257802547499,0.10004540271800934,-0.04593467918747973,-0.006716881322020068,100
gaussian,Dynamic-factor CVaR,True portfolio variance,1.1487529811443686e-05,1.699847747464534e-06,1.1154359652940637e-05,1.1820699969946736e-05,100
gaussian,Dynamic-factor CVaR,True covariance Frobenius error,0.0006215713488275125,0.00010235635362640663,0.0006015095035167367,0.0006416331941382882,100
gaussian,Equal weight,Realised variance,9.952870209398232e-06,3.148813107644165e-06,9.335702840299975e-06,1.057003757849649e-05,100
gaussian,Equal weight,Realised ES 95%,0.006010264494808639,0.0011222554247522945,0.005790302431557189,0.006230226558060089,100
gaussian,Equal weight,Mean return,-9.697096142095315e-05,0.0004093585135946788,-0.0001772052300855102,-1.6736692756396095e-05,100
gaussian,Equal weight,Annualised volatility,0.049546995084032,0.007331857352240288,0.048109951042992906,0.050984039125071094,100
gaussian,Equal weight,Annualised return,-0.020210295206465716,0.10197477055109244,-0.04019735023447983,-0.00022324017845160027,100
gaussian,Equal weight,Sharpe ratio,-0.517538067488797,1.9457885143378943,-0.8989126162990244,-0.13616351867856974,100
gaussian,Equal weight,Maximum drawdown,-0.030306176808493523,0.014921349798550384,-0.0332307613690094,-0.02738159224797765,100
gaussian,Equal weight,Annualised ES 95%,0.09540999100190951,0.017815252568326397,0.09191820149851754,0.09890178050530149,100
gaussian,Equal weight,Initial traded notional,1.0000000000000002,0.0,1.0000000000000002,1.0000000000000002,100
gaussian,Equal weight,Annualised net return,-0.024122790591977274,0.10156762572704313,-0.044030045234477726,-0.004215535949476823,100
gaussian,Equal weight,True portfolio variance,1.0108816729497081e-05,3.0068964018846115e-06,9.519465034727697e-06,1.0698168424266465e-05,100
gaussian,Original TV-MVP,Realised variance,1.0563734489149594e-05,2.83086624181275e-06,1.0008884705754295e-05,1.1118584272544892e-05,100
gaussian,Original TV-MVP,Realised ES 95%,0.006282527672689875,0.0010645736867360212,0.006073871230089615,0.006491184115290135,100
gaussian,Original TV-MVP,Mean return,-0.00010497453894646119,0.00038057723924064796,-0.0001795676778376282,-3.0381400055294196e-05,100
gaussian,Original TV-MVP,Annualised volatility,0.05117140824961268,0.006632341102671813,0.04987146939348901,0.05247134710573635,100
gaussian,Original TV-MVP,Annualised return,-0.02289626737516147,0.09631338274597838,-0.041773690393373225,-0.00401884435694971,100
gaussian,Original TV-MVP,Sharpe ratio,-0.5859817204801099,1.8989635185802085,-0.9581785701218307,-0.21378487083838904,100
gaussian,Original TV-MVP,Maximum drawdown,-0.03130182508257666,0.012274885736410645,-0.033707702686913144,-0.028895947478240175,100
gaussian,Original TV-MVP,Annualised ES 95%,0.09973203496091282,0.016899583364440158,0.09641971662148255,0.10304435330034309,100
gaussian,Original TV-MVP,Initial traded notional,1.020527926442451,0.04069645827159585,1.012551420621218,1.0285044322636838,100
gaussian,Original TV-MVP,Annualised net return,-0.026879403732515846,0.09591025912416798,-0.045677814520852775,-0.008080992944178921,100
gaussian,Original TV-MVP,True portfolio variance,1.049524768318068e-05,2.35850072001732e-06,1.0032981542057286e-05,1.0957513824304075e-05,100
gaussian,Original TV-MVP,True covariance Frobenius error,0.0006049865078328426,0.00010135254821167687,0.0005851214083833539,0.0006248516072823312,100
regime_shift,Dynamic SigmaF TV-MVP,Realised variance,6.805094857962976e-05,2.347222464089812e-05,6.345039255001373e-05,7.265150460924579e-05,100
regime_shift,Dynamic SigmaF TV-MVP,Realised ES 95%,0.015916316314794426,0.00311304742301008,0.015306159019884451,0.0165264736097044,100
regime_shift,Dynamic SigmaF TV-MVP,Mean return,-8.332018791082568e-05,0.0010877537544009127,-0.0002965199237734046,0.0001298795479517532,100
regime_shift,Dynamic SigmaF TV-MVP,Annualised volatility,0.12929167396934754,0.02090145430807556,0.12519498892496472,0.13338835901373036,100
regime_shift,Dynamic SigmaF TV-MVP,Annualised return,0.008669831223383887,0.29635401050708465,-0.049415554836004696,0.06675521728277248,100
regime_shift,Dynamic SigmaF TV-MVP,Sharpe ratio,-0.2161328166620344,2.1231544860398253,-0.6322710959258402,0.20000546260177135,100
regime_shift,Dynamic SigmaF TV-MVP,Maximum drawdown,-0.07195147994452179,0.031696040967980996,-0.07816390397424607,-0.06573905591479752,100
regime_shift,Dynamic SigmaF TV-MVP,Annualised ES 95%,0.25266368854311655,0.04941809580501099,0.2429777417653344,0.2623496353208987,100
regime_shift,Dynamic SigmaF TV-MVP,Initial traded notional,1.1691563611801379,0.207037596325932,1.128576992300255,1.2097357300600207,100
regime_shift,Dynamic SigmaF TV-MVP,Annualised net return,0.003916046514452671,0.2945578547609652,-0.053817293018696505,0.06164938604760184,100
regime_shift,Dynamic SigmaF TV-MVP,True portfolio variance,6.701647081594767e-05,1.865672594721019e-05,6.335975253029447e-05,7.067318910160087e-05,100
regime_shift,Dynamic SigmaF TV-MVP,True covariance Frobenius error,0.0021096409717244707,0.00045951200176541456,0.0020195766193784495,0.002199705324070492,100
regime_shift,Dynamic-factor CVaR,Realised variance,6.096225198093724e-05,1.4670758020903332e-05,5.8086783408840186e-05,6.383772055303429e-05,100
regime_shift,Dynamic-factor CVaR,Realised ES 95%,0.015168057046058291,0.0023954888333848055,0.01469854123471487,0.015637572857401714,100
regime_shift,Dynamic-factor CVaR,Mean return,-0.00013577167722831628,0.0009872950688817445,-0.0003292815107291382,5.7738156272505646e-05,100
regime_shift,Dynamic-factor CVaR,Annualised volatility,0.12311382950376178,0.014406525040841394,0.12029015059575686,0.12593750841176668,100
regime_shift,Dynamic-factor CVaR,Annualised return,-0.011610843337590809,0.24267801152504787,-0.05917573359650019,0.035954046921318566,100
regime_shift,Dynamic-factor CVaR,Sharpe ratio,-0.2950216569905082,2.055758580606712,-0.6979503387894237,0.1079070248084073,100
regime_shift,Dynamic-factor CVaR,Maximum drawdown,-0.06943816437660778,0.030310277936734922,-0.07537897885220783,-0.06349734990100774,100
regime_shift,Dynamic-factor CVaR,Annualised ES 95%,0.2407854408954674,0.03802720632941062,0.23333210845490293,0.2482387733360319,100
regime_shift,Dynamic-factor CVaR,Initial traded notional,1.0000000000000027,1.948887136587799e-14,0.9999999999999989,1.0000000000000064,100
regime_shift,Dynamic-factor CVaR,Annualised net return,-0.01555279008046649,0.24172267343721857,-0.06293043407416132,0.03182485391322835,100
regime_shift,Dynamic-factor CVaR,True portfolio variance,6.015422657422275e-05,8.738510649246168e-06,5.84414784869705e-05,6.1866974661475e-05,100
regime_shift,Dynamic-factor CVaR,True covariance Frobenius error,0.001964332728008882,0.0003756778491485547,0.0018906998695757652,0.002037965586441999,100
regime_shift,Equal weight,Realised variance,5.493752289314589e-05,1.3554957732447588e-05,5.2280751177586165e-05,5.759429460870561e-05,100
regime_shift,Equal weight,Realised ES 95%,0.014313171516969942,0.0023748746783146734,0.013847696080020266,0.014778646953919618,100
regime_shift,Equal weight,Mean return,-0.0001201414640292365,0.0009157521968694488,-0.00029962889461564846,5.9345966557175465e-05,100
regime_shift,Equal weight,Annualised volatility,0.11682974580477516,0.01403697369699323,0.11407849896016449,0.11958099264938583,100
regime_shift,Equal weight,Annualised return,-0.010989758174611827,0.22764748964339518,-0.05560866614471728,0.033629149795493626,100
regime_shift,Equal weight,Sharpe ratio,-0.27744639459843073,2.034105165062661,-0.6761310069507123,0.12123821775385085,100
regime_shift,Equal weight,Maximum drawdown,-0.06440600321780479,0.028606513441350172,-0.07001287985230942,-0.05879912658330016,100
regime_shift,Equal weight,Annualised ES 95%,0.2272145538390935,0.037699966762590874,0.21982536035362568,0.23460374732456132,100
regime_shift,Equal weight,Initial traded notional,1.0000000000000002,0.0,1.0000000000000002,1.0000000000000002,100
regime_shift,Equal weight,Annualised net return,-0.014936736630827886,0.22674783436935506,-0.059379312167221476,0.029505838905565702,100
regime_shift,Equal weight,True portfolio variance,5.50086858078231e-05,7.865247194737481e-06,5.346709735765455e-05,5.655027425799165e-05,100
regime_shift,Original TV-MVP,Realised variance,6.723753403532949e-05,2.241030315955146e-05,6.284511461605741e-05,7.162995345460157e-05,100
regime_shift,Original TV-MVP,Realised ES 95%,0.015831072730022887,0.003033738110320465,0.015236460060400076,0.016425685399645697,100
regime_shift,Original TV-MVP,Mean return,-8.400090388136432e-05,0.0010761764223626406,-0.00029493148266444185,0.00012692967490171323,100
regime_shift,Original TV-MVP,Annualised volatility,0.12860835747545704,0.02019473289586767,0.12465018982786698,0.13256652512304712,100
regime_shift,Original TV-MVP,Annualised return,0.007626793347901205,0.2900748140427789,-0.04922787020448346,0.06448145690028587,100
regime_shift,Original TV-MVP,Sharpe ratio,-0.21499029870279585,2.121153613563125,-0.6307364069611683,0.2007558095555766,100
regime_shift,Original TV-MVP,Maximum drawdown,-0.07156770506770503,0.03132749699315501,-0.07770789447836342,-0.06542751565704664,100
regime_shift,Original TV-MVP,Annualised ES 95%,0.25131048858610155,0.048159099496841905,0.24187130508472054,0.26074967208748256,100
regime_shift,Original TV-MVP,Initial traded notional,1.161335096572612,0.19473621670418106,1.1231667980985924,1.1995033950466314,100
regime_shift,Original TV-MVP,Annualised net return,0.002915324215783326,0.28837519255196015,-0.05360621352440086,0.059436861955967514,100
regime_shift,Original TV-MVP,True portfolio variance,6.61752971282836e-05,1.750568126736336e-05,6.274418359988038e-05,6.960641065668682e-05,100
regime_shift,Original TV-MVP,True covariance Frobenius error,0.001942916305683475,0.00035361189570008847,0.0018736083741262577,0.0020122242372406923,100
student_t,Dynamic SigmaF TV-MVP,Realised variance,9.619095292656614e-06,2.9796954457599257e-06,9.035074985287669e-06,1.020311560002556e-05,100
student_t,Dynamic SigmaF TV-MVP,Realised ES 95%,0.006051999715185105,0.00164281540326463,0.0057300078961452375,0.006373991534224973,100
student_t,Dynamic SigmaF TV-MVP,Mean return,6.754687857382549e-05,0.000378673961504564,-6.673217881069058e-06,0.00014176697502872002,100
student_t,Dynamic SigmaF TV-MVP,Annualised volatility,0.04869214684003384,0.007322778206712061,0.047256882311518277,0.0501274113685494,100
student_t,Dynamic SigmaF TV-MVP,Annualised return,0.02052180038834691,0.09736803169028489,0.0014376661770510724,0.03960593459964275,100
student_t,Dynamic SigmaF TV-MVP,Sharpe ratio,0.3576505760302357,2.0610577446798506,-0.046316741927015015,0.7616178939874865,100
student_t,Dynamic SigmaF TV-MVP,Maximum drawdown,-0.024648189769418183,0.011756985575050066,-0.026952558942127995,-0.02234382059670837,100
student_t,Dynamic SigmaF TV-MVP,Annualised ES 95%,0.09607251708608114,0.026078886042146993,0.09096105542182033,0.10118397875034195,100
student_t,Dynamic SigmaF TV-MVP,Initial traded notional,1.0176859788369776,0.03343808783250428,1.0111321136218068,1.0242398440521485,100
student_t,Dynamic SigmaF TV-MVP,Annualised net return,0.016373598439307777,0.09696712397324048,-0.0026319578594473578,0.03537915473806291,100
student_t,Dynamic SigmaF TV-MVP,True portfolio variance,9.897905200555248e-06,1.48358374909193e-06,9.607122785733229e-06,1.0188687615377267e-05,100
student_t,Dynamic SigmaF TV-MVP,True covariance Frobenius error,0.000887727502080384,0.000544297695868749,0.0007810451536901092,0.0009944098504706589,100
student_t,Dynamic-factor CVaR,Realised variance,1.1075445102737042e-05,3.5418157760572067e-06,1.0381249210629829e-05,1.1769640994844255e-05,100
student_t,Dynamic-factor CVaR,Realised ES 95%,0.006500104800716867,0.0017020916556495626,0.006166494836209553,0.006833714765224182,100
student_t,Dynamic-factor CVaR,Mean return,5.3289574805846696e-05,0.0004194738771246689,-2.8927305110588415e-05,0.0001355064547222818,100
student_t,Dynamic-factor CVaR,Annualised volatility,0.05220502431246152,0.008143138800256211,0.0506089691076113,0.05380107951731174,100
student_t,Dynamic-factor CVaR,Annualised return,0.017714755378767263,0.10749621630036929,-0.003354503016105119,0.038784013773639645,100
student_t,Dynamic-factor CVaR,Sharpe ratio,0.27871947368512484,2.1005809875302504,-0.1329943998708042,0.6904333472410539,100
student_t,Dynamic-factor CVaR,Maximum drawdown,-0.02681428030236654,0.013024223301961816,-0.029367028069551056,-0.024261532535182026,100
student_t,Dynamic-factor CVaR,Annualised ES 95%,0.10318596479132333,0.027019867376921587,0.0978900707854467,0.10848185879719996,100
student_t,Dynamic-factor CVaR,Initial traded notional,0.9999999999999932,1.0855392278198667e-13,0.9999999999999719,1.0000000000000144,100
student_t,Dynamic-factor CVaR,Annualised net return,0.013649878063204026,0.1070675436042479,-0.0073353604832285604,0.03463511660963661,100
student_t,Dynamic-factor CVaR,True portfolio variance,1.126067863259789e-05,1.5446745424373682e-06,1.0957922422280165e-05,1.1563434842915615e-05,100
student_t,Dynamic-factor CVaR,True covariance Frobenius error,0.0008510029511449363,0.00047516580795025867,0.0007578704527866855,0.000944135449503187,100
student_t,Equal weight,Realised variance,9.322288300538732e-06,3.2044649795181115e-06,8.694213164553183e-06,9.950363436524282e-06,100
student_t,Equal weight,Realised ES 95%,0.005993956536223057,0.0016317921087654543,0.005674125282905028,0.0063137877895410865,100
student_t,Equal weight,Mean return,5.6701393884829034e-05,0.0003600764686026047,-1.3873593961281493e-05,0.00012727638173093956,100
student_t,Equal weight,Annualised volatility,0.04780178788745088,0.00805321483575494,0.04622335777964291,0.04938021799525885,100
student_t,Equal weight,Annualised return,0.01735398823289957,0.09317598506595946,-0.0009085048400284852,0.03561648130582762,100
student_t,Equal weight,Sharpe ratio,0.30366339183160224,1.9572177088598772,-0.07995127910493366,0.6872780627681381,100
student_t,Equal weight,Maximum drawdown,-0.024410440904272877,0.01214646312664486,-0.02679114767709527,-0.022029734131450485,100
student_t,Equal weight,Annualised ES 95%,0.095151110185058,0.025903896666906328,0.09007394643834435,0.10022827393177164,100
student_t,Equal weight,Initial traded notional,1.0000000000000002,0.0,1.0000000000000002,1.0000000000000002,100
student_t,Equal weight,Annualised net return,0.01329120685161988,0.0928053220581306,-0.004898636271773714,0.03148104997501348,100
student_t,Equal weight,True portfolio variance,9.384391916160234e-06,1.9199258513013954e-06,9.00808644930516e-06,9.760697383015308e-06,100
student_t,Original TV-MVP,Realised variance,9.627008488908901e-06,2.9865877762237446e-06,9.041637284769048e-06,1.0212379693048754e-05,100
student_t,Original TV-MVP,Realised ES 95%,0.006055394470936785,0.0016436972344668745,0.005733229812981277,0.006377559128892292,100
student_t,Original TV-MVP,Mean return,6.736585688055488e-05,0.0003781211576461541,-6.745890018091321e-06,0.00014147760377920108,100
student_t,Original TV-MVP,Annualised volatility,0.04871087639217795,0.007334480647922699,0.0472733181851851,0.0501484345991708,100
student_t,Original TV-MVP,Annualised return,0.020463794844859738,0.09732262945166346,0.001388559472333701,0.03953903021738578,100
student_t,Original TV-MVP,Sharpe ratio,0.3551961698647169,2.0575294544315224,-0.048079603203861454,0.7584719429332953,100
student_t,Original TV-MVP,Maximum drawdown,-0.024615565478494684,0.011743257641363351,-0.0269172439762019,-0.022313886980787467,100
student_t,Original TV-MVP,Annualised ES 95%,0.09612640716296558,0.02609288467850385,0.09101220176597882,0.10124061255995234,100
student_t,Original TV-MVP,Initial traded notional,1.0177735192881345,0.033038562303846934,1.0112979610765804,1.0242490774996886,100
student_t,Original TV-MVP,Annualised net return,0.016315108525585088,0.0969178361468217,-0.002680787359191965,0.03531100441036214,100
student_t,Original TV-MVP,True portfolio variance,9.902575242287114e-06,1.5091938155352994e-06,9.606773254442196e-06,1.0198377230132032e-05,100
student_t,Original TV-MVP,True covariance Frobenius error,0.0008446348100178651,0.0004955933687241766,0.0007474985097479265,0.0009417711102878037,100
