Date,TV-MVP baseline,TV-MVP L1=1e-06,TV-MVP L1=3e-06,TV-MVP L1=1e-05,TV-MVP L1=3e-05,TV-MVP L1=0.0001
2017-02-01,0.5241277518328176,0.5054232004675188,0.4662185248729681,0.38309146702457597,0.2481310143957794,0.05637385307221484
2017-02-02,0.0,0.0,0.0,0.0,0.0,0.0
2017-02-03,0.0,0.0,0.0,0.0,0.0,0.0
2017-02-06,0.0,0.0,0.0,0.0,0.0,0.0
2017-02-07,0.0,0.0,0.0,0.0,0.0,0.0
2017-02-08,0.0,0.0,0.0,0.0,0.0,0.0
2017-02-09,0.0,0.0,0.0,0.0,0.0,0.0
2017-02-10,0.0,0.0,0.0,0.0,0.0,0.0
2017-02-13,0.0,0.0,0.0,0.0,0.0,0.0
2017-02-14,0.0,0.0,0.0,0.0,0.0,0.0
2017-02-15,0.0,0.0,0.0,0.0,0.0,0.0
2017-02-16,0.0,0.0,0.0,0.0,0.0,0.0
2017-02-17,0.0,0.0,0.0,0.0,0.0,0.0
2017-02-20,0.0,0.0,0.0,0.0,0.0,0.0
2017-02-21,0.0,0.0,0.0,0.0,0.0,0.0
2017-02-22,0.0,0.0,0.0,0.0,0.0,0.0
2017-02-23,0.0,0.0,0.0,0.0,0.0,0.0
2017-02-27,0.0,0.0,0.0,0.0,0.0,0.0
2017-02-28,0.0,0.0,0.0,0.0,0.0,0.0
2017-03-01,0.26291903830818286,0.21936682456728454,0.17346031715851418,0.10189473760543094,0.028210200840671495,2.7929047963226594e-16
2017-03-02,0.0,0.0,0.0,0.0,0.0,0.0
2017-03-03,0.0,0.0,0.0,0.0,0.0,0.0
2017-03-06,0.0,0.0,0.0,0.0,0.0,0.0
2017-03-07,0.0,0.0,0.0,0.0,0.0,0.0
2017-03-08,0.0,0.0,0.0,0.0,0.0,0.0
2017-03-09,0.0,0.0,0.0,0.0,0.0,0.0
2017-03-10,0.0,0.0,0.0,0.0,0.0,0.0
2017-03-14,0.0,0.0,0.0,0.0,0.0,0.0
2017-03-15,0.0,0.0,0.0,0.0,0.0,0.0
2017-03-16,0.0,0.0,0.0,0.0,0.0,0.0
2017-03-17,0.0,0.0,0.0,0.0,0.0,0.0
2017-03-20,0.0,0.0,0.0,0.0,0.0,0.0
2017-03-21,0.0,0.0,0.0,0.0,0.0,0.0
2017-03-22,0.0,0.0,0.0,0.0,0.0,0.0
2017-03-23,0.0,0.0,0.0,0.0,0.0,0.0
2017-03-24,0.0,0.0,0.0,0.0,0.0,0.0
2017-03-27,0.0,0.0,0.0,0.0,0.0,0.0
2017-03-28,0.0,0.0,0.0,0.0,0.0,0.0
2017-03-29,0.0,0.0,0.0,0.0,0.0,0.0
2017-03-30,0.0,0.0,0.0,0.0,0.0,0.0
2017-03-31,0.0,0.0,0.0,0.0,0.0,0.0
2017-04-03,0.3044062093854528,0.284951656299371,0.22082371440993012,0.08473874736964931,0.03455598108409067,6.938893903907228e-17
2017-04-05,0.0,0.0,0.0,0.0,0.0,0.0
2017-04-06,0.0,0.0,0.0,0.0,0.0,0.0
2017-04-07,0.0,0.0,0.0,0.0,0.0,0.0
2017-04-10,0.0,0.0,0.0,0.0,0.0,0.0
2017-04-11,0.0,0.0,0.0,0.0,0.0,0.0
2017-04-12,0.0,0.0,0.0,0.0,0.0,0.0
2017-04-13,0.0,0.0,0.0,0.0,0.0,0.0
2017-04-17,0.0,0.0,0.0,0.0,0.0,0.0
2017-04-18,0.0,0.0,0.0,0.0,0.0,0.0
2017-04-19,0.0,0.0,0.0,0.0,0.0,0.0
2017-04-20,0.0,0.0,0.0,0.0,0.0,0.0
2017-04-21,0.0,0.0,0.0,0.0,0.0,0.0
2017-04-24,0.0,0.0,0.0,0.0,0.0,0.0
2017-04-25,0.0,0.0,0.0,0.0,0.0,0.0
2017-04-26,0.0,0.0,0.0,0.0,0.0,0.0
2017-04-27,0.0,0.0,0.0,0.0,0.0,0.0
2017-04-28,0.0,0.0,0.0,0.0,0.0,0.0
2017-05-02,0.1930432248570608,0.17069312564381106,0.14457938427819758,0.09861346318697561,0.02513675757894312,0.0
2017-05-03,0.0,0.0,0.0,0.0,0.0,0.0
2017-05-04,0.0,0.0,0.0,0.0,0.0,0.0
2017-05-05,0.0,0.0,0.0,0.0,0.0,0.0
2017-05-08,0.0,0.0,0.0,0.0,0.0,0.0
2017-05-09,0.0,0.0,0.0,0.0,0.0,0.0
2017-05-10,0.0,0.0,0.0,0.0,0.0,0.0
2017-05-11,0.0,0.0,0.0,0.0,0.0,0.0
2017-05-12,0.0,0.0,0.0,0.0,0.0,0.0
2017-05-15,0.0,0.0,0.0,0.0,0.0,0.0
2017-05-16,0.0,0.0,0.0,0.0,0.0,0.0
2017-05-17,0.0,0.0,0.0,0.0,0.0,0.0
2017-05-18,0.0,0.0,0.0,0.0,0.0,0.0
2017-05-19,0.0,0.0,0.0,0.0,0.0,0.0
2017-05-22,0.0,0.0,0.0,0.0,0.0,0.0
2017-05-23,0.0,0.0,0.0,0.0,0.0,0.0
2017-05-24,0.0,0.0,0.0,0.0,0.0,0.0
2017-05-25,0.0,0.0,0.0,0.0,0.0,0.0
2017-05-26,0.0,0.0,0.0,0.0,0.0,0.0
2017-05-29,0.0,0.0,0.0,0.0,0.0,0.0
2017-05-30,0.0,0.0,0.0,0.0,0.0,0.0
2017-05-31,0.0,0.0,0.0,0.0,0.0,0.0
2017-06-01,0.2570855447935532,0.2315285727359347,0.18997817205477086,0.09622217096631328,0.008636877050370691,1.1622647289044608e-16
2017-06-02,0.0,0.0,0.0,0.0,0.0,0.0
2017-06-05,0.0,0.0,0.0,0.0,0.0,0.0
2017-06-06,0.0,0.0,0.0,0.0,0.0,0.0
2017-06-07,0.0,0.0,0.0,0.0,0.0,0.0
2017-06-08,0.0,0.0,0.0,0.0,0.0,0.0
2017-06-09,0.0,0.0,0.0,0.0,0.0,0.0
2017-06-12,0.0,0.0,0.0,0.0,0.0,0.0
2017-06-13,0.0,0.0,0.0,0.0,0.0,0.0
2017-06-14,0.0,0.0,0.0,0.0,0.0,0.0
2017-06-15,0.0,0.0,0.0,0.0,0.0,0.0
2017-06-16,0.0,0.0,0.0,0.0,0.0,0.0
2017-06-19,0.0,0.0,0.0,0.0,0.0,0.0
2017-06-20,0.0,0.0,0.0,0.0,0.0,0.0
2017-06-21,0.0,0.0,0.0,0.0,0.0,0.0
2017-06-22,0.0,0.0,0.0,0.0,0.0,0.0
2017-06-23,0.0,0.0,0.0,0.0,0.0,0.0
2017-06-27,0.0,0.0,0.0,0.0,0.0,0.0
2017-06-28,0.0,0.0,0.0,0.0,0.0,0.0
2017-06-29,0.0,0.0,0.0,0.0,0.0,0.0
2017-06-30,0.0,0.0,0.0,0.0,0.0,0.0
2017-07-03,0.17419841471991176,0.13880375909969356,0.07661040670596005,0.012969951489738507,1.1492543028346347e-16,7.28583859910259e-17
2017-07-04,0.0,0.0,0.0,0.0,0.0,0.0
2017-07-05,0.0,0.0,0.0,0.0,0.0,0.0
2017-07-06,0.0,0.0,0.0,0.0,0.0,0.0
2017-07-07,0.0,0.0,0.0,0.0,0.0,0.0
2017-07-10,0.0,0.0,0.0,0.0,0.0,0.0
2017-07-11,0.0,0.0,0.0,0.0,0.0,0.0
2017-07-12,0.0,0.0,0.0,0.0,0.0,0.0
2017-07-13,0.0,0.0,0.0,0.0,0.0,0.0
2017-07-14,0.0,0.0,0.0,0.0,0.0,0.0
2017-07-17,0.0,0.0,0.0,0.0,0.0,0.0
2017-07-18,0.0,0.0,0.0,0.0,0.0,0.0
2017-07-19,0.0,0.0,0.0,0.0,0.0,0.0
2017-07-20,0.0,0.0,0.0,0.0,0.0,0.0
2017-07-21,0.0,0.0,0.0,0.0,0.0,0.0
2017-07-24,0.0,0.0,0.0,0.0,0.0,0.0
2017-07-25,0.0,0.0,0.0,0.0,0.0,0.0
2017-07-26,0.0,0.0,0.0,0.0,0.0,0.0
2017-07-27,0.0,0.0,0.0,0.0,0.0,0.0
2017-07-28,0.0,0.0,0.0,0.0,0.0,0.0
2017-07-31,0.0,0.0,0.0,0.0,0.0,0.0
2017-08-01,0.2592345770184129,0.22735484566221179,0.18089502579901098,0.09687809411698729,0.0028295714250757727,2.1684043449710089e-16
2017-08-02,0.0,0.0,0.0,0.0,0.0,0.0
2017-08-03,0.0,0.0,0.0,0.0,0.0,0.0
2017-08-04,0.0,0.0,0.0,0.0,0.0,0.0
2017-08-07,0.0,0.0,0.0,0.0,0.0,0.0
2017-08-08,0.0,0.0,0.0,0.0,0.0,0.0
2017-08-09,0.0,0.0,0.0,0.0,0.0,0.0
2017-08-10,0.0,0.0,0.0,0.0,0.0,0.0
2017-08-11,0.0,0.0,0.0,0.0,0.0,0.0
2017-08-14,0.0,0.0,0.0,0.0,0.0,0.0
2017-08-16,0.0,0.0,0.0,0.0,0.0,0.0
2017-08-17,0.0,0.0,0.0,0.0,0.0,0.0
2017-08-18,0.0,0.0,0.0,0.0,0.0,0.0
2017-08-21,0.0,0.0,0.0,0.0,0.0,0.0
2017-08-22,0.0,0.0,0.0,0.0,0.0,0.0
2017-08-23,0.0,0.0,0.0,0.0,0.0,0.0
2017-08-24,0.0,0.0,0.0,0.0,0.0,0.0
2017-08-28,0.0,0.0,0.0,0.0,0.0,0.0
2017-08-29,0.0,0.0,0.0,0.0,0.0,0.0
2017-08-30,0.0,0.0,0.0,0.0,0.0,0.0
2017-08-31,0.0,0.0,0.0,0.0,0.0,0.0
2017-09-01,0.4169657946097057,0.37154128544689446,0.2998798075588214,0.1620933884411067,0.04990506453206223,1.1449174941446927e-16
2017-09-04,0.0,0.0,0.0,0.0,0.0,0.0
2017-09-05,0.0,0.0,0.0,0.0,0.0,0.0
2017-09-06,0.0,0.0,0.0,0.0,0.0,0.0
2017-09-07,0.0,0.0,0.0,0.0,0.0,0.0
2017-09-08,0.0,0.0,0.0,0.0,0.0,0.0
2017-09-11,0.0,0.0,0.0,0.0,0.0,0.0
2017-09-12,0.0,0.0,0.0,0.0,0.0,0.0
2017-09-13,0.0,0.0,0.0,0.0,0.0,0.0
2017-09-14,0.0,0.0,0.0,0.0,0.0,0.0
2017-09-15,0.0,0.0,0.0,0.0,0.0,0.0
2017-09-18,0.0,0.0,0.0,0.0,0.0,0.0
2017-09-19,0.0,0.0,0.0,0.0,0.0,0.0
2017-09-20,0.0,0.0,0.0,0.0,0.0,0.0
2017-09-21,0.0,0.0,0.0,0.0,0.0,0.0
2017-09-22,0.0,0.0,0.0,0.0,0.0,0.0
2017-09-25,0.0,0.0,0.0,0.0,0.0,0.0
2017-09-26,0.0,0.0,0.0,0.0,0.0,0.0
2017-09-27,0.0,0.0,0.0,0.0,0.0,0.0
2017-09-28,0.0,0.0,0.0,0.0,0.0,0.0
2017-09-29,0.0,0.0,0.0,0.0,0.0,0.0
2017-10-03,0.2966340796524829,0.27149419782012457,0.22052598916420565,0.08198576164860186,0.04163696110491699,2.185751579730777e-16
2017-10-04,0.0,0.0,0.0,0.0,0.0,0.0
2017-10-05,0.0,0.0,0.0,0.0,0.0,0.0
2017-10-06,0.0,0.0,0.0,0.0,0.0,0.0
2017-10-09,0.0,0.0,0.0,0.0,0.0,0.0
2017-10-10,0.0,0.0,0.0,0.0,0.0,0.0
2017-10-11,0.0,0.0,0.0,0.0,0.0,0.0
2017-10-12,0.0,0.0,0.0,0.0,0.0,0.0
2017-10-13,0.0,0.0,0.0,0.0,0.0,0.0
2017-10-16,0.0,0.0,0.0,0.0,0.0,0.0
2017-10-17,0.0,0.0,0.0,0.0,0.0,0.0
2017-10-18,0.0,0.0,0.0,0.0,0.0,0.0
2017-10-19,0.0,0.0,0.0,0.0,0.0,0.0
2017-10-23,0.0,0.0,0.0,0.0,0.0,0.0
2017-10-24,0.0,0.0,0.0,0.0,0.0,0.0
2017-10-25,0.0,0.0,0.0,0.0,0.0,0.0
2017-10-26,0.0,0.0,0.0,0.0,0.0,0.0
2017-10-27,0.0,0.0,0.0,0.0,0.0,0.0
2017-10-30,0.0,0.0,0.0,0.0,0.0,0.0
2017-10-31,0.0,0.0,0.0,0.0,0.0,0.0
2017-11-01,0.17902811953465578,0.1440222847908949,0.10280471274705599,0.03741511888054236,0.019137968675216804,0.002470818690841675
2017-11-02,0.0,0.0,0.0,0.0,0.0,0.0
2017-11-03,0.0,0.0,0.0,0.0,0.0,0.0
2017-11-06,0.0,0.0,0.0,0.0,0.0,0.0
2017-11-07,0.0,0.0,0.0,0.0,0.0,0.0
2017-11-08,0.0,0.0,0.0,0.0,0.0,0.0
2017-11-09,0.0,0.0,0.0,0.0,0.0,0.0
2017-11-10,0.0,0.0,0.0,0.0,0.0,0.0
2017-11-13,0.0,0.0,0.0,0.0,0.0,0.0
2017-11-14,0.0,0.0,0.0,0.0,0.0,0.0
2017-11-15,0.0,0.0,0.0,0.0,0.0,0.0
2017-11-16,0.0,0.0,0.0,0.0,0.0,0.0
2017-11-17,0.0,0.0,0.0,0.0,0.0,0.0
2017-11-20,0.0,0.0,0.0,0.0,0.0,0.0
2017-11-21,0.0,0.0,0.0,0.0,0.0,0.0
2017-11-22,0.0,0.0,0.0,0.0,0.0,0.0
2017-11-23,0.0,0.0,0.0,0.0,0.0,0.0
2017-11-24,0.0,0.0,0.0,0.0,0.0,0.0
2017-11-27,0.0,0.0,0.0,0.0,0.0,0.0
2017-11-28,0.0,0.0,0.0,0.0,0.0,0.0
2017-11-29,0.0,0.0,0.0,0.0,0.0,0.0
2017-11-30,0.0,0.0,0.0,0.0,0.0,0.0
2017-12-01,0.28866851458130494,0.25439061862972173,0.1869242860294168,0.06738911246489677,0.014050173514213967,0.01733233969688082
2017-12-04,0.0,0.0,0.0,0.0,0.0,0.0
2017-12-05,0.0,0.0,0.0,0.0,0.0,0.0
2017-12-06,0.0,0.0,0.0,0.0,0.0,0.0
2017-12-07,0.0,0.0,0.0,0.0,0.0,0.0
2017-12-08,0.0,0.0,0.0,0.0,0.0,0.0
2017-12-11,0.0,0.0,0.0,0.0,0.0,0.0
2017-12-12,0.0,0.0,0.0,0.0,0.0,0.0
2017-12-13,0.0,0.0,0.0,0.0,0.0,0.0
2017-12-14,0.0,0.0,0.0,0.0,0.0,0.0
2017-12-15,0.0,0.0,0.0,0.0,0.0,0.0
2017-12-18,0.0,0.0,0.0,0.0,0.0,0.0
2017-12-19,0.0,0.0,0.0,0.0,0.0,0.0
2017-12-20,0.0,0.0,0.0,0.0,0.0,0.0
2017-12-21,0.0,0.0,0.0,0.0,0.0,0.0
2017-12-22,0.0,0.0,0.0,0.0,0.0,0.0
2017-12-26,0.0,0.0,0.0,0.0,0.0,0.0
2017-12-27,0.0,0.0,0.0,0.0,0.0,0.0
2017-12-28,0.0,0.0,0.0,0.0,0.0,0.0
2017-12-29,0.0,0.0,0.0,0.0,0.0,0.0
2018-01-02,0.26861514034661943,0.22447973852011205,0.17240893604693996,0.07238138279958573,0.03243308027639924,0.0
2018-01-03,0.0,0.0,0.0,0.0,0.0,0.0
2018-01-04,0.0,0.0,0.0,0.0,0.0,0.0
2018-01-05,0.0,0.0,0.0,0.0,0.0,0.0
2018-01-08,0.0,0.0,0.0,0.0,0.0,0.0
2018-01-09,0.0,0.0,0.0,0.0,0.0,0.0
2018-01-10,0.0,0.0,0.0,0.0,0.0,0.0
2018-01-11,0.0,0.0,0.0,0.0,0.0,0.0
2018-01-12,0.0,0.0,0.0,0.0,0.0,0.0
2018-01-15,0.0,0.0,0.0,0.0,0.0,0.0
2018-01-16,0.0,0.0,0.0,0.0,0.0,0.0
2018-01-17,0.0,0.0,0.0,0.0,0.0,0.0
2018-01-18,0.0,0.0,0.0,0.0,0.0,0.0
2018-01-19,0.0,0.0,0.0,0.0,0.0,0.0
2018-01-22,0.0,0.0,0.0,0.0,0.0,0.0
2018-01-23,0.0,0.0,0.0,0.0,0.0,0.0
2018-01-24,0.0,0.0,0.0,0.0,0.0,0.0
2018-01-25,0.0,0.0,0.0,0.0,0.0,0.0
2018-01-29,0.0,0.0,0.0,0.0,0.0,0.0
2018-01-30,0.0,0.0,0.0,0.0,0.0,0.0
2018-01-31,0.0,0.0,0.0,0.0,0.0,0.0
2018-02-01,0.35670781625781034,0.3337972290553186,0.27909288670623367,0.19745871934934198,0.10899085188465772,1.0755285551056204e-16
2018-02-02,0.0,0.0,0.0,0.0,0.0,0.0
2018-02-05,0.0,0.0,0.0,0.0,0.0,0.0
2018-02-06,0.0,0.0,0.0,0.0,0.0,0.0
2018-02-07,0.0,0.0,0.0,0.0,0.0,0.0
2018-02-08,0.0,0.0,0.0,0.0,0.0,0.0
2018-02-09,0.0,0.0,0.0,0.0,0.0,0.0
2018-02-12,0.0,0.0,0.0,0.0,0.0,0.0
2018-02-14,0.0,0.0,0.0,0.0,0.0,0.0
2018-02-15,0.0,0.0,0.0,0.0,0.0,0.0
2018-02-16,0.0,0.0,0.0,0.0,0.0,0.0
2018-02-19,0.0,0.0,0.0,0.0,0.0,0.0
2018-02-20,0.0,0.0,0.0,0.0,0.0,0.0
2018-02-21,0.0,0.0,0.0,0.0,0.0,0.0
2018-02-22,0.0,0.0,0.0,0.0,0.0,0.0
2018-02-23,0.0,0.0,0.0,0.0,0.0,0.0
2018-02-26,0.0,0.0,0.0,0.0,0.0,0.0
2018-02-27,0.0,0.0,0.0,0.0,0.0,0.0
2018-02-28,0.0,0.0,0.0,0.0,0.0,0.0
2018-03-01,0.28619878293100054,0.26499530830178164,0.22215150557252988,0.11069285412655516,0.05731194676388335,1.0581813203458523e-16
2018-03-05,0.0,0.0,0.0,0.0,0.0,0.0
2018-03-06,0.0,0.0,0.0,0.0,0.0,0.0
2018-03-07,0.0,0.0,0.0,0.0,0.0,0.0
2018-03-08,0.0,0.0,0.0,0.0,0.0,0.0
2018-03-09,0.0,0.0,0.0,0.0,0.0,0.0
2018-03-12,0.0,0.0,0.0,0.0,0.0,0.0
2018-03-13,0.0,0.0,0.0,0.0,0.0,0.0
2018-03-14,0.0,0.0,0.0,0.0,0.0,0.0
2018-03-15,0.0,0.0,0.0,0.0,0.0,0.0
2018-03-16,0.0,0.0,0.0,0.0,0.0,0.0
2018-03-19,0.0,0.0,0.0,0.0,0.0,0.0
2018-03-20,0.0,0.0,0.0,0.0,0.0,0.0
2018-03-21,0.0,0.0,0.0,0.0,0.0,0.0
2018-03-22,0.0,0.0,0.0,0.0,0.0,0.0
2018-03-23,0.0,0.0,0.0,0.0,0.0,0.0
2018-03-26,0.0,0.0,0.0,0.0,0.0,0.0
2018-03-27,0.0,0.0,0.0,0.0,0.0,0.0
2018-03-28,0.0,0.0,0.0,0.0,0.0,0.0
2018-04-02,0.14493319348673267,0.12485486531853204,0.09876790715494425,0.06868102121331444,0.030632233719536103,0.008047756100203285
2018-04-03,0.0,0.0,0.0,0.0,0.0,0.0
2018-04-04,0.0,0.0,0.0,0.0,0.0,0.0
2018-04-05,0.0,0.0,0.0,0.0,0.0,0.0
2018-04-06,0.0,0.0,0.0,0.0,0.0,0.0
2018-04-09,0.0,0.0,0.0,0.0,0.0,0.0
2018-04-10,0.0,0.0,0.0,0.0,0.0,0.0
2018-04-11,0.0,0.0,0.0,0.0,0.0,0.0
2018-04-12,0.0,0.0,0.0,0.0,0.0,0.0
2018-04-13,0.0,0.0,0.0,0.0,0.0,0.0
2018-04-16,0.0,0.0,0.0,0.0,0.0,0.0
2018-04-17,0.0,0.0,0.0,0.0,0.0,0.0
2018-04-18,0.0,0.0,0.0,0.0,0.0,0.0
2018-04-19,0.0,0.0,0.0,0.0,0.0,0.0
2018-04-20,0.0,0.0,0.0,0.0,0.0,0.0
2018-04-23,0.0,0.0,0.0,0.0,0.0,0.0
2018-04-24,0.0,0.0,0.0,0.0,0.0,0.0
2018-04-25,0.0,0.0,0.0,0.0,0.0,0.0
2018-04-26,0.0,0.0,0.0,0.0,0.0,0.0
2018-04-27,0.0,0.0,0.0,0.0,0.0,0.0
2018-04-30,0.0,0.0,0.0,0.0,0.0,0.0
2018-05-02,0.2750570260770273,0.2532720842840464,0.2067447072016154,0.14634111748251394,0.1075803567528356,1.0495077029659683e-16
2018-05-03,0.0,0.0,0.0,0.0,0.0,0.0
2018-05-04,0.0,0.0,0.0,0.0,0.0,0.0
2018-05-07,0.0,0.0,0.0,0.0,0.0,0.0
2018-05-08,0.0,0.0,0.0,0.0,0.0,0.0
2018-05-09,0.0,0.0,0.0,0.0,0.0,0.0
2018-05-10,0.0,0.0,0.0,0.0,0.0,0.0
2018-05-11,0.0,0.0,0.0,0.0,0.0,0.0
2018-05-14,0.0,0.0,0.0,0.0,0.0,0.0
2018-05-15,0.0,0.0,0.0,0.0,0.0,0.0
2018-05-16,0.0,0.0,0.0,0.0,0.0,0.0
2018-05-17,0.0,0.0,0.0,0.0,0.0,0.0
2018-05-18,0.0,0.0,0.0,0.0,0.0,0.0
2018-05-21,0.0,0.0,0.0,0.0,0.0,0.0
2018-05-22,0.0,0.0,0.0,0.0,0.0,0.0
2018-05-23,0.0,0.0,0.0,0.0,0.0,0.0
2018-05-24,0.0,0.0,0.0,0.0,0.0,0.0
2018-05-25,0.0,0.0,0.0,0.0,0.0,0.0
2018-05-28,0.0,0.0,0.0,0.0,0.0,0.0
2018-05-29,0.0,0.0,0.0,0.0,0.0,0.0
2018-05-30,0.0,0.0,0.0,0.0,0.0,0.0
2018-05-31,0.0,0.0,0.0,0.0,0.0,0.0
2018-06-01,0.34904751199550027,0.32316246337701976,0.29772017885262525,0.15880880405849354,0.04124469328132231,1.0581813203458523e-16
2018-06-04,0.0,0.0,0.0,0.0,0.0,0.0
2018-06-05,0.0,0.0,0.0,0.0,0.0,0.0
2018-06-06,0.0,0.0,0.0,0.0,0.0,0.0
2018-06-07,0.0,0.0,0.0,0.0,0.0,0.0
2018-06-08,0.0,0.0,0.0,0.0,0.0,0.0
2018-06-11,0.0,0.0,0.0,0.0,0.0,0.0
2018-06-12,0.0,0.0,0.0,0.0,0.0,0.0
2018-06-13,0.0,0.0,0.0,0.0,0.0,0.0
2018-06-14,0.0,0.0,0.0,0.0,0.0,0.0
2018-06-15,0.0,0.0,0.0,0.0,0.0,0.0
2018-06-18,0.0,0.0,0.0,0.0,0.0,0.0
2018-06-19,0.0,0.0,0.0,0.0,0.0,0.0
2018-06-20,0.0,0.0,0.0,0.0,0.0,0.0
2018-06-21,0.0,0.0,0.0,0.0,0.0,0.0
2018-06-22,0.0,0.0,0.0,0.0,0.0,0.0
2018-06-25,0.0,0.0,0.0,0.0,0.0,0.0
2018-06-26,0.0,0.0,0.0,0.0,0.0,0.0
2018-06-27,0.0,0.0,0.0,0.0,0.0,0.0
2018-06-28,0.0,0.0,0.0,0.0,0.0,0.0
2018-06-29,0.0,0.0,0.0,0.0,0.0,0.0
2018-07-02,0.3232421704141508,0.2934833677895584,0.2475822154194575,0.17178466026160613,0.027390757091920175,9.974659986866641e-17
2018-07-03,0.0,0.0,0.0,0.0,0.0,0.0
2018-07-04,0.0,0.0,0.0,0.0,0.0,0.0
2018-07-05,0.0,0.0,0.0,0.0,0.0,0.0
2018-07-06,0.0,0.0,0.0,0.0,0.0,0.0
2018-07-09,0.0,0.0,0.0,0.0,0.0,0.0
2018-07-10,0.0,0.0,0.0,0.0,0.0,0.0
2018-07-11,0.0,0.0,0.0,0.0,0.0,0.0
2018-07-12,0.0,0.0,0.0,0.0,0.0,0.0
2018-07-13,0.0,0.0,0.0,0.0,0.0,0.0
2018-07-16,0.0,0.0,0.0,0.0,0.0,0.0
2018-07-17,0.0,0.0,0.0,0.0,0.0,0.0
2018-07-18,0.0,0.0,0.0,0.0,0.0,0.0
2018-07-19,0.0,0.0,0.0,0.0,0.0,0.0
2018-07-20,0.0,0.0,0.0,0.0,0.0,0.0
2018-07-23,0.0,0.0,0.0,0.0,0.0,0.0
2018-07-24,0.0,0.0,0.0,0.0,0.0,0.0
2018-07-25,0.0,0.0,0.0,0.0,0.0,0.0
2018-07-26,0.0,0.0,0.0,0.0,0.0,0.0
2018-07-27,0.0,0.0,0.0,0.0,0.0,0.0
2018-07-30,0.0,0.0,0.0,0.0,0.0,0.0
2018-07-31,0.0,0.0,0.0,0.0,0.0,0.0
2018-08-01,0.4675234880428939,0.43815233149350774,0.3901419724236281,0.22824016759262863,0.10697214891670061,0.01613343521516166
2018-08-02,0.0,0.0,0.0,0.0,0.0,0.0
2018-08-03,0.0,0.0,0.0,0.0,0.0,0.0
2018-08-06,0.0,0.0,0.0,0.0,0.0,0.0
2018-08-07,0.0,0.0,0.0,0.0,0.0,0.0
2018-08-08,0.0,0.0,0.0,0.0,0.0,0.0
2018-08-09,0.0,0.0,0.0,0.0,0.0,0.0
2018-08-10,0.0,0.0,0.0,0.0,0.0,0.0
2018-08-13,0.0,0.0,0.0,0.0,0.0,0.0
2018-08-14,0.0,0.0,0.0,0.0,0.0,0.0
2018-08-16,0.0,0.0,0.0,0.0,0.0,0.0
2018-08-17,0.0,0.0,0.0,0.0,0.0,0.0
2018-08-20,0.0,0.0,0.0,0.0,0.0,0.0
2018-08-21,0.0,0.0,0.0,0.0,0.0,0.0
2018-08-23,0.0,0.0,0.0,0.0,0.0,0.0
2018-08-24,0.0,0.0,0.0,0.0,0.0,0.0
2018-08-27,0.0,0.0,0.0,0.0,0.0,0.0
2018-08-28,0.0,0.0,0.0,0.0,0.0,0.0
2018-08-29,0.0,0.0,0.0,0.0,0.0,0.0
2018-08-30,0.0,0.0,0.0,0.0,0.0,0.0
2018-08-31,0.0,0.0,0.0,0.0,0.0,0.0
2018-09-03,0.2095244628630026,0.17519883496369223,0.13177108319050038,0.0764260735747567,0.037201986660275535,0.0
2018-09-04,0.0,0.0,0.0,0.0,0.0,0.0
2018-09-05,0.0,0.0,0.0,0.0,0.0,0.0
2018-09-06,0.0,0.0,0.0,0.0,0.0,0.0
2018-09-07,0.0,0.0,0.0,0.0,0.0,0.0
2018-09-10,0.0,0.0,0.0,0.0,0.0,0.0
2018-09-11,0.0,0.0,0.0,0.0,0.0,0.0
2018-09-12,0.0,0.0,0.0,0.0,0.0,0.0
2018-09-14,0.0,0.0,0.0,0.0,0.0,0.0
2018-09-17,0.0,0.0,0.0,0.0,0.0,0.0
2018-09-18,0.0,0.0,0.0,0.0,0.0,0.0
2018-09-19,0.0,0.0,0.0,0.0,0.0,0.0
2018-09-21,0.0,0.0,0.0,0.0,0.0,0.0
2018-09-24,0.0,0.0,0.0,0.0,0.0,0.0
2018-09-25,0.0,0.0,0.0,0.0,0.0,0.0
2018-09-26,0.0,0.0,0.0,0.0,0.0,0.0
2018-09-27,0.0,0.0,0.0,0.0,0.0,0.0
2018-09-28,0.0,0.0,0.0,0.0,0.0,0.0
2018-10-01,0.37844390453966187,0.3711024655101487,0.35114804543488165,0.2812532692742407,0.043244923976750886,1.1015494072452725e-16
2018-10-03,0.0,0.0,0.0,0.0,0.0,0.0
2018-10-04,0.0,0.0,0.0,0.0,0.0,0.0
2018-10-05,0.0,0.0,0.0,0.0,0.0,0.0
2018-10-08,0.0,0.0,0.0,0.0,0.0,0.0
2018-10-09,0.0,0.0,0.0,0.0,0.0,0.0
2018-10-10,0.0,0.0,0.0,0.0,0.0,0.0
2018-10-11,0.0,0.0,0.0,0.0,0.0,0.0
2018-10-12,0.0,0.0,0.0,0.0,0.0,0.0
2018-10-15,0.0,0.0,0.0,0.0,0.0,0.0
2018-10-16,0.0,0.0,0.0,0.0,0.0,0.0
2018-10-17,0.0,0.0,0.0,0.0,0.0,0.0
2018-10-19,0.0,0.0,0.0,0.0,0.0,0.0
2018-10-22,0.0,0.0,0.0,0.0,0.0,0.0
2018-10-23,0.0,0.0,0.0,0.0,0.0,0.0
2018-10-24,0.0,0.0,0.0,0.0,0.0,0.0
2018-10-25,0.0,0.0,0.0,0.0,0.0,0.0
2018-10-26,0.0,0.0,0.0,0.0,0.0,0.0
2018-10-29,0.0,0.0,0.0,0.0,0.0,0.0
2018-10-30,0.0,0.0,0.0,0.0,0.0,0.0
2018-10-31,0.0,0.0,0.0,0.0,0.0,0.0
2018-11-01,0.45094606909008195,0.43740749907191634,0.4050807104576412,0.2743410520981989,0.17490245111755937,0.10355383970477394
2018-11-02,0.0,0.0,0.0,0.0,0.0,0.0
2018-11-05,0.0,0.0,0.0,0.0,0.0,0.0
2018-11-06,0.0,0.0,0.0,0.0,0.0,0.0
2018-11-07,0.0,0.0,0.0,0.0,0.0,0.0
2018-11-09,0.0,0.0,0.0,0.0,0.0,0.0
2018-11-12,0.0,0.0,0.0,0.0,0.0,0.0
2018-11-13,0.0,0.0,0.0,0.0,0.0,0.0
2018-11-14,0.0,0.0,0.0,0.0,0.0,0.0
2018-11-15,0.0,0.0,0.0,0.0,0.0,0.0
2018-11-16,0.0,0.0,0.0,0.0,0.0,0.0
2018-11-19,0.0,0.0,0.0,0.0,0.0,0.0
2018-11-20,0.0,0.0,0.0,0.0,0.0,0.0
2018-11-21,0.0,0.0,0.0,0.0,0.0,0.0
2018-11-22,0.0,0.0,0.0,0.0,0.0,0.0
2018-11-26,0.0,0.0,0.0,0.0,0.0,0.0
2018-11-27,0.0,0.0,0.0,0.0,0.0,0.0
2018-11-28,0.0,0.0,0.0,0.0,0.0,0.0
2018-11-29,0.0,0.0,0.0,0.0,0.0,0.0
2018-11-30,0.0,0.0,0.0,0.0,0.0,0.0
2018-12-03,0.1334190498384675,0.1282516360171415,0.10358156561218905,0.09963456868040349,0.036913400158859494,0.022336253910398278
2018-12-04,0.0,0.0,0.0,0.0,0.0,0.0
2018-12-05,0.0,0.0,0.0,0.0,0.0,0.0
2018-12-06,0.0,0.0,0.0,0.0,0.0,0.0
2018-12-07,0.0,0.0,0.0,0.0,0.0,0.0
2018-12-10,0.0,0.0,0.0,0.0,0.0,0.0
2018-12-11,0.0,0.0,0.0,0.0,0.0,0.0
2018-12-12,0.0,0.0,0.0,0.0,0.0,0.0
2018-12-13,0.0,0.0,0.0,0.0,0.0,0.0
2018-12-14,0.0,0.0,0.0,0.0,0.0,0.0
2018-12-17,0.0,0.0,0.0,0.0,0.0,0.0
2018-12-18,0.0,0.0,0.0,0.0,0.0,0.0
2018-12-19,0.0,0.0,0.0,0.0,0.0,0.0
2018-12-20,0.0,0.0,0.0,0.0,0.0,0.0
2018-12-21,0.0,0.0,0.0,0.0,0.0,0.0
2018-12-24,0.0,0.0,0.0,0.0,0.0,0.0
2018-12-26,0.0,0.0,0.0,0.0,0.0,0.0
2018-12-27,0.0,0.0,0.0,0.0,0.0,0.0
2018-12-28,0.0,0.0,0.0,0.0,0.0,0.0
2018-12-31,0.0,0.0,0.0,0.0,0.0,0.0
2019-01-02,0.18968517644671057,0.1754767633557126,0.15860808154359815,0.13369568234348006,0.10997542358763385,0.005368550892036118
2019-01-03,0.0,0.0,0.0,0.0,0.0,0.0
2019-01-04,0.0,0.0,0.0,0.0,0.0,0.0
2019-01-07,0.0,0.0,0.0,0.0,0.0,0.0
2019-01-08,0.0,0.0,0.0,0.0,0.0,0.0
2019-01-09,0.0,0.0,0.0,0.0,0.0,0.0
2019-01-10,0.0,0.0,0.0,0.0,0.0,0.0
2019-01-11,0.0,0.0,0.0,0.0,0.0,0.0
2019-01-14,0.0,0.0,0.0,0.0,0.0,0.0
2019-01-15,0.0,0.0,0.0,0.0,0.0,0.0
2019-01-16,0.0,0.0,0.0,0.0,0.0,0.0
2019-01-17,0.0,0.0,0.0,0.0,0.0,0.0
2019-01-18,0.0,0.0,0.0,0.0,0.0,0.0
2019-01-21,0.0,0.0,0.0,0.0,0.0,0.0
2019-01-22,0.0,0.0,0.0,0.0,0.0,0.0
2019-01-23,0.0,0.0,0.0,0.0,0.0,0.0
2019-01-24,0.0,0.0,0.0,0.0,0.0,0.0
2019-01-25,0.0,0.0,0.0,0.0,0.0,0.0
2019-01-28,0.0,0.0,0.0,0.0,0.0,0.0
2019-01-29,0.0,0.0,0.0,0.0,0.0,0.0
2019-01-30,0.0,0.0,0.0,0.0,0.0,0.0
2019-01-31,0.0,0.0,0.0,0.0,0.0,0.0
2019-02-01,0.3787629562698705,0.35818955520377405,0.3293194569042682,0.22181653613209176,0.0494247494618571,0.01760456375378906
2019-02-04,0.0,0.0,0.0,0.0,0.0,0.0
2019-02-05,0.0,0.0,0.0,0.0,0.0,0.0
2019-02-06,0.0,0.0,0.0,0.0,0.0,0.0
2019-02-07,0.0,0.0,0.0,0.0,0.0,0.0
2019-02-08,0.0,0.0,0.0,0.0,0.0,0.0
2019-02-11,0.0,0.0,0.0,0.0,0.0,0.0
2019-02-12,0.0,0.0,0.0,0.0,0.0,0.0
2019-02-14,0.0,0.0,0.0,0.0,0.0,0.0
2019-02-15,0.0,0.0,0.0,0.0,0.0,0.0
2019-02-18,0.0,0.0,0.0,0.0,0.0,0.0
2019-02-19,0.0,0.0,0.0,0.0,0.0,0.0
2019-02-20,0.0,0.0,0.0,0.0,0.0,0.0
2019-02-21,0.0,0.0,0.0,0.0,0.0,0.0
2019-02-22,0.0,0.0,0.0,0.0,0.0,0.0
2019-02-25,0.0,0.0,0.0,0.0,0.0,0.0
2019-02-26,0.0,0.0,0.0,0.0,0.0,0.0
2019-02-27,0.0,0.0,0.0,0.0,0.0,0.0
2019-02-28,0.0,0.0,0.0,0.0,0.0,0.0
2019-03-01,0.25371328142018246,0.2271781131833946,0.18975727247997354,0.1107032169785969,0.04449628234044699,1.0093922225840046e-16
2019-03-05,0.0,0.0,0.0,0.0,0.0,0.0
2019-03-06,0.0,0.0,0.0,0.0,0.0,0.0
2019-03-07,0.0,0.0,0.0,0.0,0.0,0.0
2019-03-08,0.0,0.0,0.0,0.0,0.0,0.0
2019-03-11,0.0,0.0,0.0,0.0,0.0,0.0
2019-03-12,0.0,0.0,0.0,0.0,0.0,0.0
2019-03-13,0.0,0.0,0.0,0.0,0.0,0.0
2019-03-14,0.0,0.0,0.0,0.0,0.0,0.0
2019-03-15,0.0,0.0,0.0,0.0,0.0,0.0
2019-03-18,0.0,0.0,0.0,0.0,0.0,0.0
2019-03-19,0.0,0.0,0.0,0.0,0.0,0.0
2019-03-20,0.0,0.0,0.0,0.0,0.0,0.0
2019-03-22,0.0,0.0,0.0,0.0,0.0,0.0
2019-03-25,0.0,0.0,0.0,0.0,0.0,0.0
2019-03-26,0.0,0.0,0.0,0.0,0.0,0.0
2019-03-27,0.0,0.0,0.0,0.0,0.0,0.0
2019-03-28,0.0,0.0,0.0,0.0,0.0,0.0
2019-04-01,0.37126128504144174,0.34633762099597465,0.3077245564329569,0.2000511744092458,0.05173428249961983,8.272462576064399e-17
2019-04-02,0.0,0.0,0.0,0.0,0.0,0.0
2019-04-03,0.0,0.0,0.0,0.0,0.0,0.0
2019-04-04,0.0,0.0,0.0,0.0,0.0,0.0
2019-04-05,0.0,0.0,0.0,0.0,0.0,0.0
2019-04-08,0.0,0.0,0.0,0.0,0.0,0.0
2019-04-09,0.0,0.0,0.0,0.0,0.0,0.0
2019-04-10,0.0,0.0,0.0,0.0,0.0,0.0
2019-04-11,0.0,0.0,0.0,0.0,0.0,0.0
2019-04-12,0.0,0.0,0.0,0.0,0.0,0.0
2019-04-15,0.0,0.0,0.0,0.0,0.0,0.0
2019-04-16,0.0,0.0,0.0,0.0,0.0,0.0
2019-04-18,0.0,0.0,0.0,0.0,0.0,0.0
2019-04-22,0.0,0.0,0.0,0.0,0.0,0.0
2019-04-23,0.0,0.0,0.0,0.0,0.0,0.0
2019-04-24,0.0,0.0,0.0,0.0,0.0,0.0
2019-04-25,0.0,0.0,0.0,0.0,0.0,0.0
2019-04-26,0.0,0.0,0.0,0.0,0.0,0.0
2019-04-30,0.0,0.0,0.0,0.0,0.0,0.0
2019-05-02,0.2784793366358168,0.26132243200564503,0.2467263238583483,0.15886127929832802,0.004789227090123709,1.0538445116559103e-16
2019-05-03,0.0,0.0,0.0,0.0,0.0,0.0
2019-05-06,0.0,0.0,0.0,0.0,0.0,0.0
2019-05-07,0.0,0.0,0.0,0.0,0.0,0.0
2019-05-08,0.0,0.0,0.0,0.0,0.0,0.0
2019-05-09,0.0,0.0,0.0,0.0,0.0,0.0
2019-05-10,0.0,0.0,0.0,0.0,0.0,0.0
2019-05-13,0.0,0.0,0.0,0.0,0.0,0.0
2019-05-14,0.0,0.0,0.0,0.0,0.0,0.0
2019-05-15,0.0,0.0,0.0,0.0,0.0,0.0
2019-05-16,0.0,0.0,0.0,0.0,0.0,0.0
2019-05-17,0.0,0.0,0.0,0.0,0.0,0.0
2019-05-20,0.0,0.0,0.0,0.0,0.0,0.0
2019-05-21,0.0,0.0,0.0,0.0,0.0,0.0
2019-05-22,0.0,0.0,0.0,0.0,0.0,0.0
2019-05-23,0.0,0.0,0.0,0.0,0.0,0.0
2019-05-24,0.0,0.0,0.0,0.0,0.0,0.0
2019-05-27,0.0,0.0,0.0,0.0,0.0,0.0
2019-05-28,0.0,0.0,0.0,0.0,0.0,0.0
2019-05-29,0.0,0.0,0.0,0.0,0.0,0.0
2019-05-30,0.0,0.0,0.0,0.0,0.0,0.0
2019-05-31,0.0,0.0,0.0,0.0,0.0,0.0
2019-06-03,0.2873449551154789,0.27019007896235225,0.23323864468311917,0.17770501589275464,0.06989171106468366,0.05635161589948073
2019-06-04,0.0,0.0,0.0,0.0,0.0,0.0
2019-06-06,0.0,0.0,0.0,0.0,0.0,0.0
2019-06-07,0.0,0.0,0.0,0.0,0.0,0.0
2019-06-10,0.0,0.0,0.0,0.0,0.0,0.0
2019-06-11,0.0,0.0,0.0,0.0,0.0,0.0
2019-06-12,0.0,0.0,0.0,0.0,0.0,0.0
2019-06-13,0.0,0.0,0.0,0.0,0.0,0.0
2019-06-14,0.0,0.0,0.0,0.0,0.0,0.0
2019-06-17,0.0,0.0,0.0,0.0,0.0,0.0
2019-06-18,0.0,0.0,0.0,0.0,0.0,0.0
2019-06-19,0.0,0.0,0.0,0.0,0.0,0.0
2019-06-20,0.0,0.0,0.0,0.0,0.0,0.0
2019-06-21,0.0,0.0,0.0,0.0,0.0,0.0
2019-06-24,0.0,0.0,0.0,0.0,0.0,0.0
2019-06-25,0.0,0.0,0.0,0.0,0.0,0.0
2019-06-26,0.0,0.0,0.0,0.0,0.0,0.0
2019-06-27,0.0,0.0,0.0,0.0,0.0,0.0
2019-06-28,0.0,0.0,0.0,0.0,0.0,0.0
2019-07-01,0.2496041910652979,0.2324200126882826,0.20721658525094713,0.12122369685007742,0.007508277417762825,0.0
2019-07-02,0.0,0.0,0.0,0.0,0.0,0.0
2019-07-03,0.0,0.0,0.0,0.0,0.0,0.0
2019-07-04,0.0,0.0,0.0,0.0,0.0,0.0
2019-07-05,0.0,0.0,0.0,0.0,0.0,0.0
2019-07-08,0.0,0.0,0.0,0.0,0.0,0.0
2019-07-09,0.0,0.0,0.0,0.0,0.0,0.0
2019-07-10,0.0,0.0,0.0,0.0,0.0,0.0
2019-07-11,0.0,0.0,0.0,0.0,0.0,0.0
2019-07-12,0.0,0.0,0.0,0.0,0.0,0.0
2019-07-15,0.0,0.0,0.0,0.0,0.0,0.0
2019-07-16,0.0,0.0,0.0,0.0,0.0,0.0
2019-07-17,0.0,0.0,0.0,0.0,0.0,0.0
2019-07-18,0.0,0.0,0.0,0.0,0.0,0.0
2019-07-19,0.0,0.0,0.0,0.0,0.0,0.0
2019-07-22,0.0,0.0,0.0,0.0,0.0,0.0
2019-07-23,0.0,0.0,0.0,0.0,0.0,0.0
2019-07-24,0.0,0.0,0.0,0.0,0.0,0.0
2019-07-25,0.0,0.0,0.0,0.0,0.0,0.0
2019-07-26,0.0,0.0,0.0,0.0,0.0,0.0
2019-07-29,0.0,0.0,0.0,0.0,0.0,0.0
2019-07-30,0.0,0.0,0.0,0.0,0.0,0.0
2019-07-31,0.0,0.0,0.0,0.0,0.0,0.0
2019-08-01,0.4006250709026303,0.3885192001139667,0.34936323825944093,0.21204843149675157,0.1093579304119615,0.01688692877124274
2019-08-02,0.0,0.0,0.0,0.0,0.0,0.0
2019-08-05,0.0,0.0,0.0,0.0,0.0,0.0
2019-08-06,0.0,0.0,0.0,0.0,0.0,0.0
2019-08-07,0.0,0.0,0.0,0.0,0.0,0.0
2019-08-08,0.0,0.0,0.0,0.0,0.0,0.0
2019-08-09,0.0,0.0,0.0,0.0,0.0,0.0
2019-08-13,0.0,0.0,0.0,0.0,0.0,0.0
2019-08-14,0.0,0.0,0.0,0.0,0.0,0.0
2019-08-16,0.0,0.0,0.0,0.0,0.0,0.0
2019-08-19,0.0,0.0,0.0,0.0,0.0,0.0
2019-08-20,0.0,0.0,0.0,0.0,0.0,0.0
2019-08-21,0.0,0.0,0.0,0.0,0.0,0.0
2019-08-22,0.0,0.0,0.0,0.0,0.0,0.0
2019-08-23,0.0,0.0,0.0,0.0,0.0,0.0
2019-08-26,0.0,0.0,0.0,0.0,0.0,0.0
2019-08-27,0.0,0.0,0.0,0.0,0.0,0.0
2019-08-28,0.0,0.0,0.0,0.0,0.0,0.0
2019-08-29,0.0,0.0,0.0,0.0,0.0,0.0
2019-08-30,0.0,0.0,0.0,0.0,0.0,0.0
2019-09-03,0.2947919503745548,0.27407254844479295,0.23058508643527764,0.14217801791519474,0.11497718329286113,0.009820860505396784
2019-09-04,0.0,0.0,0.0,0.0,0.0,0.0
2019-09-05,0.0,0.0,0.0,0.0,0.0,0.0
2019-09-06,0.0,0.0,0.0,0.0,0.0,0.0
2019-09-09,0.0,0.0,0.0,0.0,0.0,0.0
2019-09-11,0.0,0.0,0.0,0.0,0.0,0.0
2019-09-12,0.0,0.0,0.0,0.0,0.0,0.0
2019-09-13,0.0,0.0,0.0,0.0,0.0,0.0
2019-09-16,0.0,0.0,0.0,0.0,0.0,0.0
2019-09-17,0.0,0.0,0.0,0.0,0.0,0.0
2019-09-18,0.0,0.0,0.0,0.0,0.0,0.0
2019-09-19,0.0,0.0,0.0,0.0,0.0,0.0
2019-09-20,0.0,0.0,0.0,0.0,0.0,0.0
2019-09-23,0.0,0.0,0.0,0.0,0.0,0.0
2019-09-24,0.0,0.0,0.0,0.0,0.0,0.0
2019-09-25,0.0,0.0,0.0,0.0,0.0,0.0
2019-09-26,0.0,0.0,0.0,0.0,0.0,0.0
2019-09-27,0.0,0.0,0.0,0.0,0.0,0.0
2019-09-30,0.0,0.0,0.0,0.0,0.0,0.0
2019-10-01,0.24717319555693645,0.2250722439661324,0.16917118217914204,0.07379895651444485,0.07421192663628412,0.11214499787551147
2019-10-03,0.0,0.0,0.0,0.0,0.0,0.0
2019-10-04,0.0,0.0,0.0,0.0,0.0,0.0
2019-10-07,0.0,0.0,0.0,0.0,0.0,0.0
2019-10-09,0.0,0.0,0.0,0.0,0.0,0.0
2019-10-10,0.0,0.0,0.0,0.0,0.0,0.0
2019-10-11,0.0,0.0,0.0,0.0,0.0,0.0
2019-10-14,0.0,0.0,0.0,0.0,0.0,0.0
2019-10-15,0.0,0.0,0.0,0.0,0.0,0.0
2019-10-16,0.0,0.0,0.0,0.0,0.0,0.0
2019-10-17,0.0,0.0,0.0,0.0,0.0,0.0
2019-10-18,0.0,0.0,0.0,0.0,0.0,0.0
2019-10-22,0.0,0.0,0.0,0.0,0.0,0.0
2019-10-23,0.0,0.0,0.0,0.0,0.0,0.0
2019-10-24,0.0,0.0,0.0,0.0,0.0,0.0
2019-10-25,0.0,0.0,0.0,0.0,0.0,0.0
2019-10-29,0.0,0.0,0.0,0.0,0.0,0.0
2019-10-30,0.0,0.0,0.0,0.0,0.0,0.0
2019-10-31,0.0,0.0,0.0,0.0,0.0,0.0
2019-11-01,0.2779667148229446,0.26353798235517495,0.2338348030131738,0.15670868104406768,0.033256243524985435,0.01638452192973885
2019-11-04,0.0,0.0,0.0,0.0,0.0,0.0
2019-11-05,0.0,0.0,0.0,0.0,0.0,0.0
2019-11-06,0.0,0.0,0.0,0.0,0.0,0.0
2019-11-07,0.0,0.0,0.0,0.0,0.0,0.0
2019-11-08,0.0,0.0,0.0,0.0,0.0,0.0
2019-11-11,0.0,0.0,0.0,0.0,0.0,0.0
2019-11-13,0.0,0.0,0.0,0.0,0.0,0.0
2019-11-14,0.0,0.0,0.0,0.0,0.0,0.0
2019-11-15,0.0,0.0,0.0,0.0,0.0,0.0
2019-11-18,0.0,0.0,0.0,0.0,0.0,0.0
2019-11-19,0.0,0.0,0.0,0.0,0.0,0.0
2019-11-20,0.0,0.0,0.0,0.0,0.0,0.0
2019-11-21,0.0,0.0,0.0,0.0,0.0,0.0
2019-11-22,0.0,0.0,0.0,0.0,0.0,0.0
2019-11-25,0.0,0.0,0.0,0.0,0.0,0.0
2019-11-26,0.0,0.0,0.0,0.0,0.0,0.0
2019-11-27,0.0,0.0,0.0,0.0,0.0,0.0
2019-11-28,0.0,0.0,0.0,0.0,0.0,0.0
2019-11-29,0.0,0.0,0.0,0.0,0.0,0.0
2019-12-02,0.1901117611472507,0.17135666749665557,0.14484391335278882,0.10087556262136257,0.028696996355229303,0.0079673121698396
2019-12-03,0.0,0.0,0.0,0.0,0.0,0.0
2019-12-04,0.0,0.0,0.0,0.0,0.0,0.0
2019-12-05,0.0,0.0,0.0,0.0,0.0,0.0
2019-12-06,0.0,0.0,0.0,0.0,0.0,0.0
2019-12-09,0.0,0.0,0.0,0.0,0.0,0.0
2019-12-10,0.0,0.0,0.0,0.0,0.0,0.0
2019-12-11,0.0,0.0,0.0,0.0,0.0,0.0
2019-12-12,0.0,0.0,0.0,0.0,0.0,0.0
2019-12-13,0.0,0.0,0.0,0.0,0.0,0.0
2019-12-16,0.0,0.0,0.0,0.0,0.0,0.0
2019-12-17,0.0,0.0,0.0,0.0,0.0,0.0
2019-12-18,0.0,0.0,0.0,0.0,0.0,0.0
2019-12-19,0.0,0.0,0.0,0.0,0.0,0.0
2019-12-20,0.0,0.0,0.0,0.0,0.0,0.0
2019-12-23,0.0,0.0,0.0,0.0,0.0,0.0
2019-12-24,0.0,0.0,0.0,0.0,0.0,0.0
2019-12-26,0.0,0.0,0.0,0.0,0.0,0.0
2019-12-27,0.0,0.0,0.0,0.0,0.0,0.0
2019-12-30,0.0,0.0,0.0,0.0,0.0,0.0
2019-12-31,0.0,0.0,0.0,0.0,0.0,0.0
2020-01-01,0.38929038119082066,0.34256887194048674,0.2740376405038446,0.13647504955768455,1.1633489310769463e-16,0.0
2020-01-02,0.0,0.0,0.0,0.0,0.0,0.0
2020-01-03,0.0,0.0,0.0,0.0,0.0,0.0
2020-01-06,0.0,0.0,0.0,0.0,0.0,0.0
2020-01-07,0.0,0.0,0.0,0.0,0.0,0.0
2020-01-08,0.0,0.0,0.0,0.0,0.0,0.0
2020-01-09,0.0,0.0,0.0,0.0,0.0,0.0
2020-01-10,0.0,0.0,0.0,0.0,0.0,0.0
2020-01-13,0.0,0.0,0.0,0.0,0.0,0.0
2020-01-14,0.0,0.0,0.0,0.0,0.0,0.0
2020-01-15,0.0,0.0,0.0,0.0,0.0,0.0
2020-01-16,0.0,0.0,0.0,0.0,0.0,0.0
2020-01-17,0.0,0.0,0.0,0.0,0.0,0.0
2020-01-20,0.0,0.0,0.0,0.0,0.0,0.0
2020-01-21,0.0,0.0,0.0,0.0,0.0,0.0
2020-01-22,0.0,0.0,0.0,0.0,0.0,0.0
2020-01-23,0.0,0.0,0.0,0.0,0.0,0.0
2020-01-24,0.0,0.0,0.0,0.0,0.0,0.0
2020-01-27,0.0,0.0,0.0,0.0,0.0,0.0
2020-01-28,0.0,0.0,0.0,0.0,0.0,0.0
2020-01-29,0.0,0.0,0.0,0.0,0.0,0.0
2020-01-30,0.0,0.0,0.0,0.0,0.0,0.0
2020-01-31,0.0,0.0,0.0,0.0,0.0,0.0
2020-02-03,0.42696199902289095,0.3990835786965752,0.33994739657815193,0.18502167055285848,0.05277994670965566,0.0049606656152744195
2020-02-04,0.0,0.0,0.0,0.0,0.0,0.0
2020-02-05,0.0,0.0,0.0,0.0,0.0,0.0
2020-02-06,0.0,0.0,0.0,0.0,0.0,0.0
2020-02-07,0.0,0.0,0.0,0.0,0.0,0.0
2020-02-10,0.0,0.0,0.0,0.0,0.0,0.0
2020-02-11,0.0,0.0,0.0,0.0,0.0,0.0
2020-02-12,0.0,0.0,0.0,0.0,0.0,0.0
2020-02-13,0.0,0.0,0.0,0.0,0.0,0.0
2020-02-14,0.0,0.0,0.0,0.0,0.0,0.0
2020-02-17,0.0,0.0,0.0,0.0,0.0,0.0
2020-02-18,0.0,0.0,0.0,0.0,0.0,0.0
2020-02-19,0.0,0.0,0.0,0.0,0.0,0.0
2020-02-20,0.0,0.0,0.0,0.0,0.0,0.0
2020-02-24,0.0,0.0,0.0,0.0,0.0,0.0
2020-02-25,0.0,0.0,0.0,0.0,0.0,0.0
2020-02-26,0.0,0.0,0.0,0.0,0.0,0.0
2020-02-27,0.0,0.0,0.0,0.0,0.0,0.0
2020-02-28,0.0,0.0,0.0,0.0,0.0,0.0
2020-03-02,0.40573955846434995,0.3818403941402843,0.35303171779947157,0.31496477977159265,0.19928257741757,0.0
2020-03-03,0.0,0.0,0.0,0.0,0.0,0.0
2020-03-04,0.0,0.0,0.0,0.0,0.0,0.0
2020-03-05,0.0,0.0,0.0,0.0,0.0,0.0
2020-03-06,0.0,0.0,0.0,0.0,0.0,0.0
2020-03-09,0.0,0.0,0.0,0.0,0.0,0.0
2020-03-11,0.0,0.0,0.0,0.0,0.0,0.0
2020-03-12,0.0,0.0,0.0,0.0,0.0,0.0
2020-03-13,0.0,0.0,0.0,0.0,0.0,0.0
2020-03-16,0.0,0.0,0.0,0.0,0.0,0.0
2020-03-17,0.0,0.0,0.0,0.0,0.0,0.0
2020-03-18,0.0,0.0,0.0,0.0,0.0,0.0
2020-03-19,0.0,0.0,0.0,0.0,0.0,0.0
2020-03-20,0.0,0.0,0.0,0.0,0.0,0.0
2020-03-23,0.0,0.0,0.0,0.0,0.0,0.0
2020-03-24,0.0,0.0,0.0,0.0,0.0,0.0
2020-03-25,0.0,0.0,0.0,0.0,0.0,0.0
2020-03-26,0.0,0.0,0.0,0.0,0.0,0.0
2020-03-27,0.0,0.0,0.0,0.0,0.0,0.0
2020-03-30,0.0,0.0,0.0,0.0,0.0,0.0
2020-03-31,0.0,0.0,0.0,0.0,0.0,0.0
2020-04-01,0.6198338120916006,0.607101707735559,0.5751615722099374,0.5165419123636883,0.36839419548204694,0.2544446166409382
2020-04-03,0.0,0.0,0.0,0.0,0.0,0.0
2020-04-07,0.0,0.0,0.0,0.0,0.0,0.0
2020-04-08,0.0,0.0,0.0,0.0,0.0,0.0
2020-04-09,0.0,0.0,0.0,0.0,0.0,0.0
2020-04-13,0.0,0.0,0.0,0.0,0.0,0.0
2020-04-15,0.0,0.0,0.0,0.0,0.0,0.0
2020-04-16,0.0,0.0,0.0,0.0,0.0,0.0
2020-04-17,0.0,0.0,0.0,0.0,0.0,0.0
2020-04-20,0.0,0.0,0.0,0.0,0.0,0.0
2020-04-21,0.0,0.0,0.0,0.0,0.0,0.0
2020-04-22,0.0,0.0,0.0,0.0,0.0,0.0
2020-04-23,0.0,0.0,0.0,0.0,0.0,0.0
2020-04-24,0.0,0.0,0.0,0.0,0.0,0.0
2020-04-27,0.0,0.0,0.0,0.0,0.0,0.0
2020-04-28,0.0,0.0,0.0,0.0,0.0,0.0
2020-04-29,0.0,0.0,0.0,0.0,0.0,0.0
2020-04-30,0.0,0.0,0.0,0.0,0.0,0.0
2020-05-04,0.27963566493943454,0.28106372481719405,0.2803515312846672,0.2690389242001958,0.32007120109126863,0.20727691016523542
2020-05-05,0.0,0.0,0.0,0.0,0.0,0.0
2020-05-06,0.0,0.0,0.0,0.0,0.0,0.0
2020-05-07,0.0,0.0,0.0,0.0,0.0,0.0
2020-05-08,0.0,0.0,0.0,0.0,0.0,0.0
2020-05-11,0.0,0.0,0.0,0.0,0.0,0.0
2020-05-12,0.0,0.0,0.0,0.0,0.0,0.0
2020-05-13,0.0,0.0,0.0,0.0,0.0,0.0
2020-05-14,0.0,0.0,0.0,0.0,0.0,0.0
2020-05-15,0.0,0.0,0.0,0.0,0.0,0.0
2020-05-18,0.0,0.0,0.0,0.0,0.0,0.0
2020-05-19,0.0,0.0,0.0,0.0,0.0,0.0
2020-05-20,0.0,0.0,0.0,0.0,0.0,0.0
2020-05-21,0.0,0.0,0.0,0.0,0.0,0.0
2020-05-22,0.0,0.0,0.0,0.0,0.0,0.0
2020-05-26,0.0,0.0,0.0,0.0,0.0,0.0
2020-05-27,0.0,0.0,0.0,0.0,0.0,0.0
2020-05-28,0.0,0.0,0.0,0.0,0.0,0.0
2020-05-29,0.0,0.0,0.0,0.0,0.0,0.0
2020-06-01,0.10088949555841359,0.09504201284726871,0.08154316663629076,0.05673058148463979,0.02366416148619757,0.06210650655816148
2020-06-02,0.0,0.0,0.0,0.0,0.0,0.0
2020-06-03,0.0,0.0,0.0,0.0,0.0,0.0
2020-06-04,0.0,0.0,0.0,0.0,0.0,0.0
2020-06-05,0.0,0.0,0.0,0.0,0.0,0.0
2020-06-08,0.0,0.0,0.0,0.0,0.0,0.0
2020-06-09,0.0,0.0,0.0,0.0,0.0,0.0
2020-06-10,0.0,0.0,0.0,0.0,0.0,0.0
2020-06-11,0.0,0.0,0.0,0.0,0.0,0.0
2020-06-12,0.0,0.0,0.0,0.0,0.0,0.0
2020-06-15,0.0,0.0,0.0,0.0,0.0,0.0
2020-06-16,0.0,0.0,0.0,0.0,0.0,0.0
2020-06-17,0.0,0.0,0.0,0.0,0.0,0.0
2020-06-18,0.0,0.0,0.0,0.0,0.0,0.0
2020-06-19,0.0,0.0,0.0,0.0,0.0,0.0
2020-06-22,0.0,0.0,0.0,0.0,0.0,0.0
2020-06-23,0.0,0.0,0.0,0.0,0.0,0.0
2020-06-24,0.0,0.0,0.0,0.0,0.0,0.0
2020-06-25,0.0,0.0,0.0,0.0,0.0,0.0
2020-06-26,0.0,0.0,0.0,0.0,0.0,0.0
2020-06-29,0.0,0.0,0.0,0.0,0.0,0.0
2020-06-30,0.0,0.0,0.0,0.0,0.0,0.0
2020-07-01,0.3470582804227357,0.3334092700014445,0.31098315745362176,0.276490868598908,0.17215971958394358,0.0628277423927962
2020-07-02,0.0,0.0,0.0,0.0,0.0,0.0
2020-07-03,0.0,0.0,0.0,0.0,0.0,0.0
2020-07-06,0.0,0.0,0.0,0.0,0.0,0.0
2020-07-07,0.0,0.0,0.0,0.0,0.0,0.0
2020-07-08,0.0,0.0,0.0,0.0,0.0,0.0
2020-07-09,0.0,0.0,0.0,0.0,0.0,0.0
2020-07-10,0.0,0.0,0.0,0.0,0.0,0.0
2020-07-13,0.0,0.0,0.0,0.0,0.0,0.0
2020-07-14,0.0,0.0,0.0,0.0,0.0,0.0
2020-07-15,0.0,0.0,0.0,0.0,0.0,0.0
2020-07-16,0.0,0.0,0.0,0.0,0.0,0.0
2020-07-17,0.0,0.0,0.0,0.0,0.0,0.0
2020-07-20,0.0,0.0,0.0,0.0,0.0,0.0
2020-07-21,0.0,0.0,0.0,0.0,0.0,0.0
2020-07-22,0.0,0.0,0.0,0.0,0.0,0.0
2020-07-23,0.0,0.0,0.0,0.0,0.0,0.0
2020-07-24,0.0,0.0,0.0,0.0,0.0,0.0
2020-07-27,0.0,0.0,0.0,0.0,0.0,0.0
2020-07-28,0.0,0.0,0.0,0.0,0.0,0.0
2020-07-29,0.0,0.0,0.0,0.0,0.0,0.0
2020-07-30,0.0,0.0,0.0,0.0,0.0,0.0
2020-07-31,0.0,0.0,0.0,0.0,0.0,0.0
2020-08-03,0.3917360286993542,0.3756728840763528,0.3483261116072781,0.27731702034628336,0.18293884714531003,0.02959047784079294
2020-08-04,0.0,0.0,0.0,0.0,0.0,0.0
2020-08-05,0.0,0.0,0.0,0.0,0.0,0.0
2020-08-06,0.0,0.0,0.0,0.0,0.0,0.0
2020-08-07,0.0,0.0,0.0,0.0,0.0,0.0
2020-08-10,0.0,0.0,0.0,0.0,0.0,0.0
2020-08-11,0.0,0.0,0.0,0.0,0.0,0.0
2020-08-12,0.0,0.0,0.0,0.0,0.0,0.0
2020-08-13,0.0,0.0,0.0,0.0,0.0,0.0
2020-08-14,0.0,0.0,0.0,0.0,0.0,0.0
2020-08-17,0.0,0.0,0.0,0.0,0.0,0.0
2020-08-18,0.0,0.0,0.0,0.0,0.0,0.0
2020-08-19,0.0,0.0,0.0,0.0,0.0,0.0
2020-08-20,0.0,0.0,0.0,0.0,0.0,0.0
2020-08-21,0.0,0.0,0.0,0.0,0.0,0.0
2020-08-24,0.0,0.0,0.0,0.0,0.0,0.0
2020-08-25,0.0,0.0,0.0,0.0,0.0,0.0
2020-08-26,0.0,0.0,0.0,0.0,0.0,0.0
2020-08-27,0.0,0.0,0.0,0.0,0.0,0.0
2020-08-28,0.0,0.0,0.0,0.0,0.0,0.0
2020-08-31,0.0,0.0,0.0,0.0,0.0,0.0
2020-09-01,0.2230447776917682,0.21342042781545342,0.1947797055311602,0.15153396790076368,0.1303852117780038,0.04917922721727795
2020-09-02,0.0,0.0,0.0,0.0,0.0,0.0
2020-09-03,0.0,0.0,0.0,0.0,0.0,0.0
2020-09-04,0.0,0.0,0.0,0.0,0.0,0.0
2020-09-07,0.0,0.0,0.0,0.0,0.0,0.0
2020-09-08,0.0,0.0,0.0,0.0,0.0,0.0
2020-09-09,0.0,0.0,0.0,0.0,0.0,0.0
2020-09-10,0.0,0.0,0.0,0.0,0.0,0.0
2020-09-11,0.0,0.0,0.0,0.0,0.0,0.0
2020-09-14,0.0,0.0,0.0,0.0,0.0,0.0
2020-09-15,0.0,0.0,0.0,0.0,0.0,0.0
2020-09-16,0.0,0.0,0.0,0.0,0.0,0.0
2020-09-17,0.0,0.0,0.0,0.0,0.0,0.0
2020-09-18,0.0,0.0,0.0,0.0,0.0,0.0
2020-09-21,0.0,0.0,0.0,0.0,0.0,0.0
2020-09-22,0.0,0.0,0.0,0.0,0.0,0.0
2020-09-23,0.0,0.0,0.0,0.0,0.0,0.0
2020-09-24,0.0,0.0,0.0,0.0,0.0,0.0
2020-09-25,0.0,0.0,0.0,0.0,0.0,0.0
2020-09-28,0.0,0.0,0.0,0.0,0.0,0.0
2020-09-29,0.0,0.0,0.0,0.0,0.0,0.0
2020-09-30,0.0,0.0,0.0,0.0,0.0,0.0
2020-10-01,0.39799556495090177,0.3806161076771024,0.34746000413171346,0.2478101200891787,0.1505158127638872,0.09280567112682406
2020-10-05,0.0,0.0,0.0,0.0,0.0,0.0
2020-10-06,0.0,0.0,0.0,0.0,0.0,0.0
2020-10-07,0.0,0.0,0.0,0.0,0.0,0.0
2020-10-08,0.0,0.0,0.0,0.0,0.0,0.0
2020-10-09,0.0,0.0,0.0,0.0,0.0,0.0
2020-10-12,0.0,0.0,0.0,0.0,0.0,0.0
2020-10-13,0.0,0.0,0.0,0.0,0.0,0.0
2020-10-14,0.0,0.0,0.0,0.0,0.0,0.0
2020-10-15,0.0,0.0,0.0,0.0,0.0,0.0
2020-10-16,0.0,0.0,0.0,0.0,0.0,0.0
2020-10-19,0.0,0.0,0.0,0.0,0.0,0.0
2020-10-20,0.0,0.0,0.0,0.0,0.0,0.0
2020-10-21,0.0,0.0,0.0,0.0,0.0,0.0
2020-10-22,0.0,0.0,0.0,0.0,0.0,0.0
2020-10-23,0.0,0.0,0.0,0.0,0.0,0.0
2020-10-26,0.0,0.0,0.0,0.0,0.0,0.0
2020-10-27,0.0,0.0,0.0,0.0,0.0,0.0
2020-10-28,0.0,0.0,0.0,0.0,0.0,0.0
2020-10-29,0.0,0.0,0.0,0.0,0.0,0.0
2020-10-30,0.0,0.0,0.0,0.0,0.0,0.0
2020-11-02,0.16194989652690367,0.14582057955203648,0.12159079469922558,0.06682556921636358,0.025316646472209544,0.005165780425062399
2020-11-03,0.0,0.0,0.0,0.0,0.0,0.0
2020-11-04,0.0,0.0,0.0,0.0,0.0,0.0
2020-11-05,0.0,0.0,0.0,0.0,0.0,0.0
2020-11-06,0.0,0.0,0.0,0.0,0.0,0.0
2020-11-09,0.0,0.0,0.0,0.0,0.0,0.0
2020-11-10,0.0,0.0,0.0,0.0,0.0,0.0
2020-11-11,0.0,0.0,0.0,0.0,0.0,0.0
2020-11-12,0.0,0.0,0.0,0.0,0.0,0.0
2020-11-13,0.0,0.0,0.0,0.0,0.0,0.0
2020-11-17,0.0,0.0,0.0,0.0,0.0,0.0
2020-11-18,0.0,0.0,0.0,0.0,0.0,0.0
2020-11-19,0.0,0.0,0.0,0.0,0.0,0.0
2020-11-20,0.0,0.0,0.0,0.0,0.0,0.0
2020-11-23,0.0,0.0,0.0,0.0,0.0,0.0
2020-11-24,0.0,0.0,0.0,0.0,0.0,0.0
2020-11-25,0.0,0.0,0.0,0.0,0.0,0.0
2020-11-26,0.0,0.0,0.0,0.0,0.0,0.0
2020-11-27,0.0,0.0,0.0,0.0,0.0,0.0
2020-12-01,0.30366174973139115,0.28170650803698094,0.24518260996677735,0.17931943904960762,0.10556749329093289,0.004206983849286684
2020-12-02,0.0,0.0,0.0,0.0,0.0,0.0
2020-12-03,0.0,0.0,0.0,0.0,0.0,0.0
2020-12-04,0.0,0.0,0.0,0.0,0.0,0.0
2020-12-07,0.0,0.0,0.0,0.0,0.0,0.0
2020-12-08,0.0,0.0,0.0,0.0,0.0,0.0
2020-12-09,0.0,0.0,0.0,0.0,0.0,0.0
2020-12-10,0.0,0.0,0.0,0.0,0.0,0.0
2020-12-11,0.0,0.0,0.0,0.0,0.0,0.0
2020-12-14,0.0,0.0,0.0,0.0,0.0,0.0
2020-12-15,0.0,0.0,0.0,0.0,0.0,0.0
2020-12-16,0.0,0.0,0.0,0.0,0.0,0.0
2020-12-17,0.0,0.0,0.0,0.0,0.0,0.0
2020-12-18,0.0,0.0,0.0,0.0,0.0,0.0
2020-12-21,0.0,0.0,0.0,0.0,0.0,0.0
2020-12-22,0.0,0.0,0.0,0.0,0.0,0.0
2020-12-23,0.0,0.0,0.0,0.0,0.0,0.0
2020-12-24,0.0,0.0,0.0,0.0,0.0,0.0
2020-12-28,0.0,0.0,0.0,0.0,0.0,0.0
2020-12-29,0.0,0.0,0.0,0.0,0.0,0.0
2020-12-30,0.0,0.0,0.0,0.0,0.0,0.0
2020-12-31,0.0,0.0,0.0,0.0,0.0,0.0
2021-01-01,0.33729373068934776,0.3109898014600009,0.2727741547118122,0.22044606237697756,0.10577347715091348,0.004405367932226418
2021-01-04,0.0,0.0,0.0,0.0,0.0,0.0
2021-01-05,0.0,0.0,0.0,0.0,0.0,0.0
2021-01-06,0.0,0.0,0.0,0.0,0.0,0.0
2021-01-07,0.0,0.0,0.0,0.0,0.0,0.0
2021-01-08,0.0,0.0,0.0,0.0,0.0,0.0
2021-01-11,0.0,0.0,0.0,0.0,0.0,0.0
2021-01-12,0.0,0.0,0.0,0.0,0.0,0.0
2021-01-13,0.0,0.0,0.0,0.0,0.0,0.0
2021-01-14,0.0,0.0,0.0,0.0,0.0,0.0
2021-01-15,0.0,0.0,0.0,0.0,0.0,0.0
2021-01-18,0.0,0.0,0.0,0.0,0.0,0.0
2021-01-19,0.0,0.0,0.0,0.0,0.0,0.0
2021-01-20,0.0,0.0,0.0,0.0,0.0,0.0
2021-01-21,0.0,0.0,0.0,0.0,0.0,0.0
2021-01-22,0.0,0.0,0.0,0.0,0.0,0.0
2021-01-25,0.0,0.0,0.0,0.0,0.0,0.0
2021-01-27,0.0,0.0,0.0,0.0,0.0,0.0
2021-01-28,0.0,0.0,0.0,0.0,0.0,0.0
2021-01-29,0.0,0.0,0.0,0.0,0.0,0.0
2021-02-01,0.41362122308194305,0.39716067585747383,0.37535658986388537,0.2671313393671227,0.15829981745160424,0.01638792341931068
2021-02-02,0.0,0.0,0.0,0.0,0.0,0.0
2021-02-03,0.0,0.0,0.0,0.0,0.0,0.0
2021-02-04,0.0,0.0,0.0,0.0,0.0,0.0
2021-02-05,0.0,0.0,0.0,0.0,0.0,0.0
2021-02-08,0.0,0.0,0.0,0.0,0.0,0.0
2021-02-09,0.0,0.0,0.0,0.0,0.0,0.0
2021-02-10,0.0,0.0,0.0,0.0,0.0,0.0
2021-02-11,0.0,0.0,0.0,0.0,0.0,0.0
2021-02-12,0.0,0.0,0.0,0.0,0.0,0.0
2021-02-15,0.0,0.0,0.0,0.0,0.0,0.0
2021-02-16,0.0,0.0,0.0,0.0,0.0,0.0
2021-02-17,0.0,0.0,0.0,0.0,0.0,0.0
2021-02-18,0.0,0.0,0.0,0.0,0.0,0.0
2021-02-19,0.0,0.0,0.0,0.0,0.0,0.0
2021-02-22,0.0,0.0,0.0,0.0,0.0,0.0
2021-02-23,0.0,0.0,0.0,0.0,0.0,0.0
2021-02-24,0.0,0.0,0.0,0.0,0.0,0.0
2021-02-25,0.0,0.0,0.0,0.0,0.0,0.0
2021-02-26,0.0,0.0,0.0,0.0,0.0,0.0
2021-03-01,0.36350418689229325,0.35011427867501194,0.33429088580996924,0.30672603388607067,0.1990288257169881,0.08249634015332279
2021-03-02,0.0,0.0,0.0,0.0,0.0,0.0
2021-03-03,0.0,0.0,0.0,0.0,0.0,0.0
2021-03-04,0.0,0.0,0.0,0.0,0.0,0.0
2021-03-05,0.0,0.0,0.0,0.0,0.0,0.0
2021-03-08,0.0,0.0,0.0,0.0,0.0,0.0
2021-03-09,0.0,0.0,0.0,0.0,0.0,0.0
2021-03-10,0.0,0.0,0.0,0.0,0.0,0.0
2021-03-12,0.0,0.0,0.0,0.0,0.0,0.0
2021-03-15,0.0,0.0,0.0,0.0,0.0,0.0
2021-03-16,0.0,0.0,0.0,0.0,0.0,0.0
2021-03-17,0.0,0.0,0.0,0.0,0.0,0.0
2021-03-18,0.0,0.0,0.0,0.0,0.0,0.0
2021-03-19,0.0,0.0,0.0,0.0,0.0,0.0
2021-03-22,0.0,0.0,0.0,0.0,0.0,0.0
2021-03-23,0.0,0.0,0.0,0.0,0.0,0.0
2021-03-24,0.0,0.0,0.0,0.0,0.0,0.0
2021-03-25,0.0,0.0,0.0,0.0,0.0,0.0
2021-03-26,0.0,0.0,0.0,0.0,0.0,0.0
2021-03-30,0.0,0.0,0.0,0.0,0.0,0.0
2021-03-31,0.0,0.0,0.0,0.0,0.0,0.0
2021-04-01,0.20168395151177887,0.18637871982832127,0.15294020257494823,0.10384681458144146,0.03438271864127759,0.013109367960847577
2021-04-05,0.0,0.0,0.0,0.0,0.0,0.0
2021-04-06,0.0,0.0,0.0,0.0,0.0,0.0
2021-04-07,0.0,0.0,0.0,0.0,0.0,0.0
2021-04-08,0.0,0.0,0.0,0.0,0.0,0.0
2021-04-09,0.0,0.0,0.0,0.0,0.0,0.0
2021-04-12,0.0,0.0,0.0,0.0,0.0,0.0
2021-04-13,0.0,0.0,0.0,0.0,0.0,0.0
2021-04-15,0.0,0.0,0.0,0.0,0.0,0.0
2021-04-16,0.0,0.0,0.0,0.0,0.0,0.0
2021-04-19,0.0,0.0,0.0,0.0,0.0,0.0
2021-04-20,0.0,0.0,0.0,0.0,0.0,0.0
2021-04-22,0.0,0.0,0.0,0.0,0.0,0.0
2021-04-23,0.0,0.0,0.0,0.0,0.0,0.0
2021-04-26,0.0,0.0,0.0,0.0,0.0,0.0
2021-04-27,0.0,0.0,0.0,0.0,0.0,0.0
2021-04-28,0.0,0.0,0.0,0.0,0.0,0.0
2021-04-29,0.0,0.0,0.0,0.0,0.0,0.0
2021-04-30,0.0,0.0,0.0,0.0,0.0,0.0
2021-05-03,0.32592140358538907,0.3181312899099269,0.3108476249941373,0.2471873267341537,0.07839784993930005,0.019519255385002723
2021-05-04,0.0,0.0,0.0,0.0,0.0,0.0
2021-05-05,0.0,0.0,0.0,0.0,0.0,0.0
2021-05-06,0.0,0.0,0.0,0.0,0.0,0.0
2021-05-07,0.0,0.0,0.0,0.0,0.0,0.0
2021-05-10,0.0,0.0,0.0,0.0,0.0,0.0
2021-05-11,0.0,0.0,0.0,0.0,0.0,0.0
2021-05-12,0.0,0.0,0.0,0.0,0.0,0.0
2021-05-14,0.0,0.0,0.0,0.0,0.0,0.0
2021-05-17,0.0,0.0,0.0,0.0,0.0,0.0
2021-05-18,0.0,0.0,0.0,0.0,0.0,0.0
2021-05-19,0.0,0.0,0.0,0.0,0.0,0.0
2021-05-20,0.0,0.0,0.0,0.0,0.0,0.0
2021-05-21,0.0,0.0,0.0,0.0,0.0,0.0
2021-05-24,0.0,0.0,0.0,0.0,0.0,0.0
2021-05-25,0.0,0.0,0.0,0.0,0.0,0.0
2021-05-26,0.0,0.0,0.0,0.0,0.0,0.0
2021-05-27,0.0,0.0,0.0,0.0,0.0,0.0
2021-05-28,0.0,0.0,0.0,0.0,0.0,0.0
2021-05-31,0.0,0.0,0.0,0.0,0.0,0.0
2021-06-01,0.11345429570211701,0.10669114797680027,0.0993888432565693,0.11300424611773034,0.04625571790142967,1.0928757898653885e-16
2021-06-02,0.0,0.0,0.0,0.0,0.0,0.0
2021-06-03,0.0,0.0,0.0,0.0,0.0,0.0
2021-06-04,0.0,0.0,0.0,0.0,0.0,0.0
2021-06-07,0.0,0.0,0.0,0.0,0.0,0.0
2021-06-08,0.0,0.0,0.0,0.0,0.0,0.0
2021-06-09,0.0,0.0,0.0,0.0,0.0,0.0
2021-06-10,0.0,0.0,0.0,0.0,0.0,0.0
2021-06-11,0.0,0.0,0.0,0.0,0.0,0.0
2021-06-14,0.0,0.0,0.0,0.0,0.0,0.0
2021-06-15,0.0,0.0,0.0,0.0,0.0,0.0
2021-06-16,0.0,0.0,0.0,0.0,0.0,0.0
2021-06-17,0.0,0.0,0.0,0.0,0.0,0.0
2021-06-18,0.0,0.0,0.0,0.0,0.0,0.0
2021-06-21,0.0,0.0,0.0,0.0,0.0,0.0
2021-06-22,0.0,0.0,0.0,0.0,0.0,0.0
2021-06-23,0.0,0.0,0.0,0.0,0.0,0.0
2021-06-24,0.0,0.0,0.0,0.0,0.0,0.0
2021-06-25,0.0,0.0,0.0,0.0,0.0,0.0
2021-06-28,0.0,0.0,0.0,0.0,0.0,0.0
2021-06-29,0.0,0.0,0.0,0.0,0.0,0.0
2021-06-30,0.0,0.0,0.0,0.0,0.0,0.0
2021-07-01,0.30111956836104137,0.2797595899199659,0.2361360845849388,0.12270653498588303,0.025364762946135287,1.1622647289044608e-16
2021-07-02,0.0,0.0,0.0,0.0,0.0,0.0
2021-07-05,0.0,0.0,0.0,0.0,0.0,0.0
2021-07-06,0.0,0.0,0.0,0.0,0.0,0.0
2021-07-07,0.0,0.0,0.0,0.0,0.0,0.0
2021-07-08,0.0,0.0,0.0,0.0,0.0,0.0
2021-07-09,0.0,0.0,0.0,0.0,0.0,0.0
2021-07-12,0.0,0.0,0.0,0.0,0.0,0.0
2021-07-13,0.0,0.0,0.0,0.0,0.0,0.0
2021-07-14,0.0,0.0,0.0,0.0,0.0,0.0
2021-07-15,0.0,0.0,0.0,0.0,0.0,0.0
2021-07-16,0.0,0.0,0.0,0.0,0.0,0.0
2021-07-19,0.0,0.0,0.0,0.0,0.0,0.0
2021-07-20,0.0,0.0,0.0,0.0,0.0,0.0
2021-07-22,0.0,0.0,0.0,0.0,0.0,0.0
2021-07-23,0.0,0.0,0.0,0.0,0.0,0.0
2021-07-26,0.0,0.0,0.0,0.0,0.0,0.0
2021-07-27,0.0,0.0,0.0,0.0,0.0,0.0
2021-07-28,0.0,0.0,0.0,0.0,0.0,0.0
2021-07-29,0.0,0.0,0.0,0.0,0.0,0.0
2021-07-30,0.0,0.0,0.0,0.0,0.0,0.0
2021-08-02,0.4055482732439615,0.37512837045565944,0.3112022957038037,0.18620818817298435,0.06162337326628907,9.8879238130678e-17
2021-08-03,0.0,0.0,0.0,0.0,0.0,0.0
2021-08-04,0.0,0.0,0.0,0.0,0.0,0.0
2021-08-05,0.0,0.0,0.0,0.0,0.0,0.0
2021-08-06,0.0,0.0,0.0,0.0,0.0,0.0
2021-08-09,0.0,0.0,0.0,0.0,0.0,0.0
2021-08-10,0.0,0.0,0.0,0.0,0.0,0.0
2021-08-11,0.0,0.0,0.0,0.0,0.0,0.0
2021-08-12,0.0,0.0,0.0,0.0,0.0,0.0
2021-08-13,0.0,0.0,0.0,0.0,0.0,0.0
2021-08-16,0.0,0.0,0.0,0.0,0.0,0.0
2021-08-17,0.0,0.0,0.0,0.0,0.0,0.0
2021-08-18,0.0,0.0,0.0,0.0,0.0,0.0
2021-08-20,0.0,0.0,0.0,0.0,0.0,0.0
2021-08-23,0.0,0.0,0.0,0.0,0.0,0.0
2021-08-24,0.0,0.0,0.0,0.0,0.0,0.0
2021-08-25,0.0,0.0,0.0,0.0,0.0,0.0
2021-08-26,0.0,0.0,0.0,0.0,0.0,0.0
2021-08-27,0.0,0.0,0.0,0.0,0.0,0.0
2021-08-30,0.0,0.0,0.0,0.0,0.0,0.0
2021-08-31,0.0,0.0,0.0,0.0,0.0,0.0
2021-09-01,0.26340533345701644,0.23716434948148613,0.2081950978828122,0.14901740787082382,0.07055506882629956,0.004153434245509617
2021-09-02,0.0,0.0,0.0,0.0,0.0,0.0
2021-09-03,0.0,0.0,0.0,0.0,0.0,0.0
2021-09-06,0.0,0.0,0.0,0.0,0.0,0.0
2021-09-07,0.0,0.0,0.0,0.0,0.0,0.0
2021-09-08,0.0,0.0,0.0,0.0,0.0,0.0
2021-09-09,0.0,0.0,0.0,0.0,0.0,0.0
2021-09-13,0.0,0.0,0.0,0.0,0.0,0.0
2021-09-14,0.0,0.0,0.0,0.0,0.0,0.0
2021-09-15,0.0,0.0,0.0,0.0,0.0,0.0
2021-09-16,0.0,0.0,0.0,0.0,0.0,0.0
2021-09-17,0.0,0.0,0.0,0.0,0.0,0.0
2021-09-20,0.0,0.0,0.0,0.0,0.0,0.0
2021-09-21,0.0,0.0,0.0,0.0,0.0,0.0
2021-09-22,0.0,0.0,0.0,0.0,0.0,0.0
2021-09-23,0.0,0.0,0.0,0.0,0.0,0.0
2021-09-24,0.0,0.0,0.0,0.0,0.0,0.0
2021-09-27,0.0,0.0,0.0,0.0,0.0,0.0
2021-09-28,0.0,0.0,0.0,0.0,0.0,0.0
2021-09-29,0.0,0.0,0.0,0.0,0.0,0.0
2021-09-30,0.0,0.0,0.0,0.0,0.0,0.0
2021-10-01,0.2637181983397364,0.22693456207946866,0.19167977576891118,0.111749339880439,0.022139485342554704,0.0
2021-10-04,0.0,0.0,0.0,0.0,0.0,0.0
2021-10-05,0.0,0.0,0.0,0.0,0.0,0.0
2021-10-06,0.0,0.0,0.0,0.0,0.0,0.0
2021-10-07,0.0,0.0,0.0,0.0,0.0,0.0
2021-10-08,0.0,0.0,0.0,0.0,0.0,0.0
2021-10-11,0.0,0.0,0.0,0.0,0.0,0.0
2021-10-12,0.0,0.0,0.0,0.0,0.0,0.0
2021-10-13,0.0,0.0,0.0,0.0,0.0,0.0
2021-10-14,0.0,0.0,0.0,0.0,0.0,0.0
2021-10-18,0.0,0.0,0.0,0.0,0.0,0.0
2021-10-19,0.0,0.0,0.0,0.0,0.0,0.0
2021-10-20,0.0,0.0,0.0,0.0,0.0,0.0
2021-10-21,0.0,0.0,0.0,0.0,0.0,0.0
2021-10-22,0.0,0.0,0.0,0.0,0.0,0.0
2021-10-25,0.0,0.0,0.0,0.0,0.0,0.0
2021-10-26,0.0,0.0,0.0,0.0,0.0,0.0
2021-10-27,0.0,0.0,0.0,0.0,0.0,0.0
2021-10-28,0.0,0.0,0.0,0.0,0.0,0.0
2021-10-29,0.0,0.0,0.0,0.0,0.0,0.0
2021-11-01,0.31317460404748204,0.292700788140565,0.2564895781729857,0.1744186524795729,0.11417495023691006,0.0
2021-11-02,0.0,0.0,0.0,0.0,0.0,0.0
2021-11-03,0.0,0.0,0.0,0.0,0.0,0.0
2021-11-04,0.0,0.0,0.0,0.0,0.0,0.0
2021-11-08,0.0,0.0,0.0,0.0,0.0,0.0
2021-11-09,0.0,0.0,0.0,0.0,0.0,0.0
2021-11-10,0.0,0.0,0.0,0.0,0.0,0.0
2021-11-11,0.0,0.0,0.0,0.0,0.0,0.0
2021-11-12,0.0,0.0,0.0,0.0,0.0,0.0
2021-11-15,0.0,0.0,0.0,0.0,0.0,0.0
2021-11-16,0.0,0.0,0.0,0.0,0.0,0.0
2021-11-17,0.0,0.0,0.0,0.0,0.0,0.0
2021-11-18,0.0,0.0,0.0,0.0,0.0,0.0
2021-11-22,0.0,0.0,0.0,0.0,0.0,0.0
2021-11-23,0.0,0.0,0.0,0.0,0.0,0.0
2021-11-24,0.0,0.0,0.0,0.0,0.0,0.0
2021-11-25,0.0,0.0,0.0,0.0,0.0,0.0
2021-11-26,0.0,0.0,0.0,0.0,0.0,0.0
2021-11-29,0.0,0.0,0.0,0.0,0.0,0.0
2021-11-30,0.0,0.0,0.0,0.0,0.0,0.0
2021-12-01,0.2610597227964168,0.25509589309401787,0.2450100001358234,0.19805284392143863,0.06502067481010093,0.01220356279701747
2021-12-02,0.0,0.0,0.0,0.0,0.0,0.0
2021-12-03,0.0,0.0,0.0,0.0,0.0,0.0
2021-12-06,0.0,0.0,0.0,0.0,0.0,0.0
2021-12-07,0.0,0.0,0.0,0.0,0.0,0.0
2021-12-08,0.0,0.0,0.0,0.0,0.0,0.0
2021-12-09,0.0,0.0,0.0,0.0,0.0,0.0
2021-12-10,0.0,0.0,0.0,0.0,0.0,0.0
2021-12-13,0.0,0.0,0.0,0.0,0.0,0.0
2021-12-14,0.0,0.0,0.0,0.0,0.0,0.0
2021-12-15,0.0,0.0,0.0,0.0,0.0,0.0
2021-12-16,0.0,0.0,0.0,0.0,0.0,0.0
2021-12-17,0.0,0.0,0.0,0.0,0.0,0.0
2021-12-20,0.0,0.0,0.0,0.0,0.0,0.0
2021-12-21,0.0,0.0,0.0,0.0,0.0,0.0
2021-12-22,0.0,0.0,0.0,0.0,0.0,0.0
2021-12-23,0.0,0.0,0.0,0.0,0.0,0.0
2021-12-24,0.0,0.0,0.0,0.0,0.0,0.0
2021-12-27,0.0,0.0,0.0,0.0,0.0,0.0
2021-12-28,0.0,0.0,0.0,0.0,0.0,0.0
2021-12-29,0.0,0.0,0.0,0.0,0.0,0.0
2021-12-30,0.0,0.0,0.0,0.0,0.0,0.0
2021-12-31,0.0,0.0,0.0,0.0,0.0,0.0
2022-01-03,0.09362989010401705,0.0732287077459505,0.04783268841779046,0.03258769269154217,0.03866629825120562,0.014513089803748457
2022-01-04,0.0,0.0,0.0,0.0,0.0,0.0
2022-01-05,0.0,0.0,0.0,0.0,0.0,0.0
2022-01-06,0.0,0.0,0.0,0.0,0.0,0.0
2022-01-07,0.0,0.0,0.0,0.0,0.0,0.0
2022-01-10,0.0,0.0,0.0,0.0,0.0,0.0
2022-01-11,0.0,0.0,0.0,0.0,0.0,0.0
2022-01-12,0.0,0.0,0.0,0.0,0.0,0.0
2022-01-13,0.0,0.0,0.0,0.0,0.0,0.0
2022-01-14,0.0,0.0,0.0,0.0,0.0,0.0
2022-01-17,0.0,0.0,0.0,0.0,0.0,0.0
2022-01-18,0.0,0.0,0.0,0.0,0.0,0.0
2022-01-19,0.0,0.0,0.0,0.0,0.0,0.0
2022-01-20,0.0,0.0,0.0,0.0,0.0,0.0
2022-01-21,0.0,0.0,0.0,0.0,0.0,0.0
2022-01-24,0.0,0.0,0.0,0.0,0.0,0.0
2022-01-25,0.0,0.0,0.0,0.0,0.0,0.0
2022-01-27,0.0,0.0,0.0,0.0,0.0,0.0
2022-01-28,0.0,0.0,0.0,0.0,0.0,0.0
2022-01-31,0.0,0.0,0.0,0.0,0.0,0.0
2022-02-01,0.14552425741288033,0.1293984170831802,0.1026773081659803,0.041688194492225335,0.03366420171402023,0.018021702356196198
2022-02-02,0.0,0.0,0.0,0.0,0.0,0.0
2022-02-03,0.0,0.0,0.0,0.0,0.0,0.0
2022-02-04,0.0,0.0,0.0,0.0,0.0,0.0
2022-02-07,0.0,0.0,0.0,0.0,0.0,0.0
2022-02-08,0.0,0.0,0.0,0.0,0.0,0.0
2022-02-09,0.0,0.0,0.0,0.0,0.0,0.0
2022-02-10,0.0,0.0,0.0,0.0,0.0,0.0
2022-02-11,0.0,0.0,0.0,0.0,0.0,0.0
2022-02-14,0.0,0.0,0.0,0.0,0.0,0.0
2022-02-15,0.0,0.0,0.0,0.0,0.0,0.0
2022-02-16,0.0,0.0,0.0,0.0,0.0,0.0
2022-02-17,0.0,0.0,0.0,0.0,0.0,0.0
2022-02-18,0.0,0.0,0.0,0.0,0.0,0.0
2022-02-21,0.0,0.0,0.0,0.0,0.0,0.0
2022-02-22,0.0,0.0,0.0,0.0,0.0,0.0
2022-02-23,0.0,0.0,0.0,0.0,0.0,0.0
2022-02-24,0.0,0.0,0.0,0.0,0.0,0.0
2022-02-25,0.0,0.0,0.0,0.0,0.0,0.0
2022-02-28,0.0,0.0,0.0,0.0,0.0,0.0
2022-03-02,0.3059439964867798,0.30244347162925717,0.3018456285385087,0.2966880795355519,0.15140441241845307,0.07099087088954385
2022-03-03,0.0,0.0,0.0,0.0,0.0,0.0
2022-03-04,0.0,0.0,0.0,0.0,0.0,0.0
2022-03-07,0.0,0.0,0.0,0.0,0.0,0.0
2022-03-08,0.0,0.0,0.0,0.0,0.0,0.0
2022-03-09,0.0,0.0,0.0,0.0,0.0,0.0
2022-03-10,0.0,0.0,0.0,0.0,0.0,0.0
2022-03-11,0.0,0.0,0.0,0.0,0.0,0.0
2022-03-14,0.0,0.0,0.0,0.0,0.0,0.0
2022-03-15,0.0,0.0,0.0,0.0,0.0,0.0
2022-03-16,0.0,0.0,0.0,0.0,0.0,0.0
2022-03-17,0.0,0.0,0.0,0.0,0.0,0.0
2022-03-21,0.0,0.0,0.0,0.0,0.0,0.0
2022-03-22,0.0,0.0,0.0,0.0,0.0,0.0
2022-03-23,0.0,0.0,0.0,0.0,0.0,0.0
2022-03-24,0.0,0.0,0.0,0.0,0.0,0.0
2022-03-25,0.0,0.0,0.0,0.0,0.0,0.0
2022-03-28,0.0,0.0,0.0,0.0,0.0,0.0
2022-03-29,0.0,0.0,0.0,0.0,0.0,0.0
2022-03-30,0.0,0.0,0.0,0.0,0.0,0.0
2022-03-31,0.0,0.0,0.0,0.0,0.0,0.0
2022-04-01,0.13109504443899628,0.11936276644760138,0.09461871965128787,0.0561379265798323,0.05718139268925186,0.0497470986706345
2022-04-04,0.0,0.0,0.0,0.0,0.0,0.0
2022-04-05,0.0,0.0,0.0,0.0,0.0,0.0
2022-04-06,0.0,0.0,0.0,0.0,0.0,0.0
2022-04-07,0.0,0.0,0.0,0.0,0.0,0.0
2022-04-08,0.0,0.0,0.0,0.0,0.0,0.0
2022-04-11,0.0,0.0,0.0,0.0,0.0,0.0
2022-04-12,0.0,0.0,0.0,0.0,0.0,0.0
2022-04-13,0.0,0.0,0.0,0.0,0.0,0.0
2022-04-18,0.0,0.0,0.0,0.0,0.0,0.0
2022-04-19,0.0,0.0,0.0,0.0,0.0,0.0
2022-04-20,0.0,0.0,0.0,0.0,0.0,0.0
2022-04-21,0.0,0.0,0.0,0.0,0.0,0.0
2022-04-22,0.0,0.0,0.0,0.0,0.0,0.0
2022-04-25,0.0,0.0,0.0,0.0,0.0,0.0
2022-04-26,0.0,0.0,0.0,0.0,0.0,0.0
2022-04-27,0.0,0.0,0.0,0.0,0.0,0.0
2022-04-28,0.0,0.0,0.0,0.0,0.0,0.0
2022-04-29,0.0,0.0,0.0,0.0,0.0,0.0
2022-05-02,0.24895651937718047,0.23872415093023414,0.21292200900599884,0.17468050240743743,0.01985513356973845,1.7824283715661693e-16
2022-05-04,0.0,0.0,0.0,0.0,0.0,0.0
2022-05-05,0.0,0.0,0.0,0.0,0.0,0.0
2022-05-06,0.0,0.0,0.0,0.0,0.0,0.0
2022-05-09,0.0,0.0,0.0,0.0,0.0,0.0
2022-05-10,0.0,0.0,0.0,0.0,0.0,0.0
2022-05-11,0.0,0.0,0.0,0.0,0.0,0.0
2022-05-12,0.0,0.0,0.0,0.0,0.0,0.0
2022-05-13,0.0,0.0,0.0,0.0,0.0,0.0
2022-05-16,0.0,0.0,0.0,0.0,0.0,0.0
2022-05-17,0.0,0.0,0.0,0.0,0.0,0.0
2022-05-18,0.0,0.0,0.0,0.0,0.0,0.0
2022-05-19,0.0,0.0,0.0,0.0,0.0,0.0
2022-05-20,0.0,0.0,0.0,0.0,0.0,0.0
2022-05-23,0.0,0.0,0.0,0.0,0.0,0.0
2022-05-24,0.0,0.0,0.0,0.0,0.0,0.0
2022-05-25,0.0,0.0,0.0,0.0,0.0,0.0
2022-05-26,0.0,0.0,0.0,0.0,0.0,0.0
2022-05-27,0.0,0.0,0.0,0.0,0.0,0.0
2022-05-30,0.0,0.0,0.0,0.0,0.0,0.0
2022-05-31,0.0,0.0,0.0,0.0,0.0,0.0
2022-06-01,0.3296463015558277,0.3146788162488828,0.2940268241941449,0.18998803286498053,0.09642390420785024,0.0
2022-06-02,0.0,0.0,0.0,0.0,0.0,0.0
2022-06-03,0.0,0.0,0.0,0.0,0.0,0.0
2022-06-06,0.0,0.0,0.0,0.0,0.0,0.0
2022-06-07,0.0,0.0,0.0,0.0,0.0,0.0
2022-06-08,0.0,0.0,0.0,0.0,0.0,0.0
2022-06-09,0.0,0.0,0.0,0.0,0.0,0.0
2022-06-10,0.0,0.0,0.0,0.0,0.0,0.0
2022-06-13,0.0,0.0,0.0,0.0,0.0,0.0
2022-06-14,0.0,0.0,0.0,0.0,0.0,0.0
2022-06-15,0.0,0.0,0.0,0.0,0.0,0.0
2022-06-16,0.0,0.0,0.0,0.0,0.0,0.0
2022-06-17,0.0,0.0,0.0,0.0,0.0,0.0
2022-06-20,0.0,0.0,0.0,0.0,0.0,0.0
2022-06-21,0.0,0.0,0.0,0.0,0.0,0.0
2022-06-22,0.0,0.0,0.0,0.0,0.0,0.0
2022-06-23,0.0,0.0,0.0,0.0,0.0,0.0
2022-06-24,0.0,0.0,0.0,0.0,0.0,0.0
2022-06-27,0.0,0.0,0.0,0.0,0.0,0.0
2022-06-28,0.0,0.0,0.0,0.0,0.0,0.0
2022-06-29,0.0,0.0,0.0,0.0,0.0,0.0
2022-06-30,0.0,0.0,0.0,0.0,0.0,0.0
2022-07-01,0.32098423176079316,0.3059406246206924,0.27294037224338263,0.24346283747021333,0.16154080368439566,0.0
2022-07-04,0.0,0.0,0.0,0.0,0.0,0.0
2022-07-05,0.0,0.0,0.0,0.0,0.0,0.0
2022-07-06,0.0,0.0,0.0,0.0,0.0,0.0
2022-07-07,0.0,0.0,0.0,0.0,0.0,0.0
2022-07-08,0.0,0.0,0.0,0.0,0.0,0.0
2022-07-11,0.0,0.0,0.0,0.0,0.0,0.0
2022-07-12,0.0,0.0,0.0,0.0,0.0,0.0
2022-07-13,0.0,0.0,0.0,0.0,0.0,0.0
2022-07-14,0.0,0.0,0.0,0.0,0.0,0.0
2022-07-15,0.0,0.0,0.0,0.0,0.0,0.0
2022-07-18,0.0,0.0,0.0,0.0,0.0,0.0
2022-07-19,0.0,0.0,0.0,0.0,0.0,0.0
2022-07-20,0.0,0.0,0.0,0.0,0.0,0.0
2022-07-21,0.0,0.0,0.0,0.0,0.0,0.0
2022-07-22,0.0,0.0,0.0,0.0,0.0,0.0
2022-07-25,0.0,0.0,0.0,0.0,0.0,0.0
2022-07-26,0.0,0.0,0.0,0.0,0.0,0.0
2022-07-27,0.0,0.0,0.0,0.0,0.0,0.0
2022-07-28,0.0,0.0,0.0,0.0,0.0,0.0
2022-07-29,0.0,0.0,0.0,0.0,0.0,0.0
2022-08-01,0.27518709738451197,0.2597877586755182,0.22317620028645516,0.12289918503740384,0.028670399735372307,1.717376241217039e-16
2022-08-02,0.0,0.0,0.0,0.0,0.0,0.0
2022-08-03,0.0,0.0,0.0,0.0,0.0,0.0
2022-08-04,0.0,0.0,0.0,0.0,0.0,0.0
2022-08-05,0.0,0.0,0.0,0.0,0.0,0.0
2022-08-08,0.0,0.0,0.0,0.0,0.0,0.0
2022-08-10,0.0,0.0,0.0,0.0,0.0,0.0
2022-08-11,0.0,0.0,0.0,0.0,0.0,0.0
2022-08-12,0.0,0.0,0.0,0.0,0.0,0.0
2022-08-16,0.0,0.0,0.0,0.0,0.0,0.0
2022-08-17,0.0,0.0,0.0,0.0,0.0,0.0
2022-08-18,0.0,0.0,0.0,0.0,0.0,0.0
2022-08-19,0.0,0.0,0.0,0.0,0.0,0.0
2022-08-22,0.0,0.0,0.0,0.0,0.0,0.0
2022-08-23,0.0,0.0,0.0,0.0,0.0,0.0
2022-08-24,0.0,0.0,0.0,0.0,0.0,0.0
2022-08-25,0.0,0.0,0.0,0.0,0.0,0.0
2022-08-26,0.0,0.0,0.0,0.0,0.0,0.0
2022-08-29,0.0,0.0,0.0,0.0,0.0,0.0
2022-08-30,0.0,0.0,0.0,0.0,0.0,0.0
2022-09-01,0.22674585123175195,0.21115514937116547,0.1919992564274773,0.16433493273637642,0.07761086226543104,1.7694179454963432e-16
2022-09-02,0.0,0.0,0.0,0.0,0.0,0.0
2022-09-05,0.0,0.0,0.0,0.0,0.0,0.0
2022-09-06,0.0,0.0,0.0,0.0,0.0,0.0
2022-09-07,0.0,0.0,0.0,0.0,0.0,0.0
2022-09-08,0.0,0.0,0.0,0.0,0.0,0.0
2022-09-09,0.0,0.0,0.0,0.0,0.0,0.0
2022-09-12,0.0,0.0,0.0,0.0,0.0,0.0
2022-09-13,0.0,0.0,0.0,0.0,0.0,0.0
2022-09-14,0.0,0.0,0.0,0.0,0.0,0.0
2022-09-15,0.0,0.0,0.0,0.0,0.0,0.0
2022-09-16,0.0,0.0,0.0,0.0,0.0,0.0
2022-09-19,0.0,0.0,0.0,0.0,0.0,0.0
2022-09-20,0.0,0.0,0.0,0.0,0.0,0.0
2022-09-21,0.0,0.0,0.0,0.0,0.0,0.0
2022-09-22,0.0,0.0,0.0,0.0,0.0,0.0
2022-09-23,0.0,0.0,0.0,0.0,0.0,0.0
2022-09-26,0.0,0.0,0.0,0.0,0.0,0.0
2022-09-27,0.0,0.0,0.0,0.0,0.0,0.0
2022-09-28,0.0,0.0,0.0,0.0,0.0,0.0
2022-09-29,0.0,0.0,0.0,0.0,0.0,0.0
2022-09-30,0.0,0.0,0.0,0.0,0.0,0.0
2022-10-03,0.3844571309734496,0.36855505811718453,0.3390882218890443,0.21764413072037594,0.030873926732450187,0.0027739886847552115
2022-10-04,0.0,0.0,0.0,0.0,0.0,0.0
2022-10-06,0.0,0.0,0.0,0.0,0.0,0.0
2022-10-07,0.0,0.0,0.0,0.0,0.0,0.0
2022-10-10,0.0,0.0,0.0,0.0,0.0,0.0
2022-10-11,0.0,0.0,0.0,0.0,0.0,0.0
2022-10-12,0.0,0.0,0.0,0.0,0.0,0.0
2022-10-13,0.0,0.0,0.0,0.0,0.0,0.0
2022-10-14,0.0,0.0,0.0,0.0,0.0,0.0
2022-10-17,0.0,0.0,0.0,0.0,0.0,0.0
2022-10-18,0.0,0.0,0.0,0.0,0.0,0.0
2022-10-19,0.0,0.0,0.0,0.0,0.0,0.0
2022-10-20,0.0,0.0,0.0,0.0,0.0,0.0
2022-10-21,0.0,0.0,0.0,0.0,0.0,0.0
2022-10-24,0.0,0.0,0.0,0.0,0.0,0.0
2022-10-25,0.0,0.0,0.0,0.0,0.0,0.0
2022-10-27,0.0,0.0,0.0,0.0,0.0,0.0
2022-10-28,0.0,0.0,0.0,0.0,0.0,0.0
2022-10-31,0.0,0.0,0.0,0.0,0.0,0.0
2022-11-01,0.2896917945694517,0.26225214488149634,0.19341011333062427,0.09634743582831887,0.031268564722658196,4.961941219497236e-05
2022-11-02,0.0,0.0,0.0,0.0,0.0,0.0
2022-11-03,0.0,0.0,0.0,0.0,0.0,0.0
2022-11-04,0.0,0.0,0.0,0.0,0.0,0.0
2022-11-07,0.0,0.0,0.0,0.0,0.0,0.0
2022-11-09,0.0,0.0,0.0,0.0,0.0,0.0
2022-11-10,0.0,0.0,0.0,0.0,0.0,0.0
2022-11-11,0.0,0.0,0.0,0.0,0.0,0.0
2022-11-14,0.0,0.0,0.0,0.0,0.0,0.0
2022-11-15,0.0,0.0,0.0,0.0,0.0,0.0
2022-11-16,0.0,0.0,0.0,0.0,0.0,0.0
2022-11-17,0.0,0.0,0.0,0.0,0.0,0.0
2022-11-18,0.0,0.0,0.0,0.0,0.0,0.0
2022-11-21,0.0,0.0,0.0,0.0,0.0,0.0
2022-11-22,0.0,0.0,0.0,0.0,0.0,0.0
2022-11-23,0.0,0.0,0.0,0.0,0.0,0.0
2022-11-24,0.0,0.0,0.0,0.0,0.0,0.0
2022-11-25,0.0,0.0,0.0,0.0,0.0,0.0
2022-11-28,0.0,0.0,0.0,0.0,0.0,0.0
2022-11-29,0.0,0.0,0.0,0.0,0.0,0.0
2022-11-30,0.0,0.0,0.0,0.0,0.0,0.0
2022-12-01,0.27299732868417215,0.24999717795827717,0.22918622497620134,0.1465357689294447,0.013966380106791906,0.0
2022-12-02,0.0,0.0,0.0,0.0,0.0,0.0
2022-12-05,0.0,0.0,0.0,0.0,0.0,0.0
2022-12-06,0.0,0.0,0.0,0.0,0.0,0.0
2022-12-07,0.0,0.0,0.0,0.0,0.0,0.0
2022-12-08,0.0,0.0,0.0,0.0,0.0,0.0
2022-12-09,0.0,0.0,0.0,0.0,0.0,0.0
2022-12-12,0.0,0.0,0.0,0.0,0.0,0.0
2022-12-13,0.0,0.0,0.0,0.0,0.0,0.0
2022-12-14,0.0,0.0,0.0,0.0,0.0,0.0
2022-12-15,0.0,0.0,0.0,0.0,0.0,0.0
2022-12-16,0.0,0.0,0.0,0.0,0.0,0.0
2022-12-19,0.0,0.0,0.0,0.0,0.0,0.0
2022-12-20,0.0,0.0,0.0,0.0,0.0,0.0
2022-12-21,0.0,0.0,0.0,0.0,0.0,0.0
2022-12-22,0.0,0.0,0.0,0.0,0.0,0.0
2022-12-23,0.0,0.0,0.0,0.0,0.0,0.0
2022-12-26,0.0,0.0,0.0,0.0,0.0,0.0
2022-12-27,0.0,0.0,0.0,0.0,0.0,0.0
2022-12-28,0.0,0.0,0.0,0.0,0.0,0.0
2022-12-29,0.0,0.0,0.0,0.0,0.0,0.0
2022-12-30,0.0,0.0,0.0,0.0,0.0,0.0
2023-01-02,0.36158378164801236,0.3352168549054612,0.2713321373513003,0.11725419165721529,0.04015391028648494,8.760353553682876e-17
2023-01-03,0.0,0.0,0.0,0.0,0.0,0.0
2023-01-04,0.0,0.0,0.0,0.0,0.0,0.0
2023-01-05,0.0,0.0,0.0,0.0,0.0,0.0
2023-01-06,0.0,0.0,0.0,0.0,0.0,0.0
2023-01-09,0.0,0.0,0.0,0.0,0.0,0.0
2023-01-10,0.0,0.0,0.0,0.0,0.0,0.0
2023-01-11,0.0,0.0,0.0,0.0,0.0,0.0
2023-01-12,0.0,0.0,0.0,0.0,0.0,0.0
2023-01-13,0.0,0.0,0.0,0.0,0.0,0.0
2023-01-16,0.0,0.0,0.0,0.0,0.0,0.0
2023-01-17,0.0,0.0,0.0,0.0,0.0,0.0
2023-01-18,0.0,0.0,0.0,0.0,0.0,0.0
2023-01-19,0.0,0.0,0.0,0.0,0.0,0.0
2023-01-20,0.0,0.0,0.0,0.0,0.0,0.0
2023-01-23,0.0,0.0,0.0,0.0,0.0,0.0
2023-01-24,0.0,0.0,0.0,0.0,0.0,0.0
2023-01-25,0.0,0.0,0.0,0.0,0.0,0.0
2023-01-27,0.0,0.0,0.0,0.0,0.0,0.0
2023-01-30,0.0,0.0,0.0,0.0,0.0,0.0
2023-01-31,0.0,0.0,0.0,0.0,0.0,0.0
2023-02-01,0.43531126129245723,0.39986978676493956,0.32714484749797373,0.14798130633195974,0.007819068371659459,9.454242944073599e-17
2023-02-02,0.0,0.0,0.0,0.0,0.0,0.0
2023-02-03,0.0,0.0,0.0,0.0,0.0,0.0
2023-02-06,0.0,0.0,0.0,0.0,0.0,0.0
2023-02-07,0.0,0.0,0.0,0.0,0.0,0.0
2023-02-08,0.0,0.0,0.0,0.0,0.0,0.0
2023-02-09,0.0,0.0,0.0,0.0,0.0,0.0
2023-02-10,0.0,0.0,0.0,0.0,0.0,0.0
2023-02-13,0.0,0.0,0.0,0.0,0.0,0.0
2023-02-14,0.0,0.0,0.0,0.0,0.0,0.0
2023-02-15,0.0,0.0,0.0,0.0,0.0,0.0
2023-02-16,0.0,0.0,0.0,0.0,0.0,0.0
2023-02-17,0.0,0.0,0.0,0.0,0.0,0.0
2023-02-20,0.0,0.0,0.0,0.0,0.0,0.0
2023-02-21,0.0,0.0,0.0,0.0,0.0,0.0
2023-02-22,0.0,0.0,0.0,0.0,0.0,0.0
2023-02-23,0.0,0.0,0.0,0.0,0.0,0.0
2023-02-24,0.0,0.0,0.0,0.0,0.0,0.0
2023-02-27,0.0,0.0,0.0,0.0,0.0,0.0
2023-02-28,0.0,0.0,0.0,0.0,0.0,0.0
2023-03-01,0.28308672902377774,0.24639220664431316,0.18478158798919392,0.11579106159273042,0.009718269311481658,2.2898349882893854e-16
2023-03-02,0.0,0.0,0.0,0.0,0.0,0.0
2023-03-03,0.0,0.0,0.0,0.0,0.0,0.0
2023-03-06,0.0,0.0,0.0,0.0,0.0,0.0
2023-03-08,0.0,0.0,0.0,0.0,0.0,0.0
2023-03-09,0.0,0.0,0.0,0.0,0.0,0.0
2023-03-10,0.0,0.0,0.0,0.0,0.0,0.0
2023-03-13,0.0,0.0,0.0,0.0,0.0,0.0
2023-03-14,0.0,0.0,0.0,0.0,0.0,0.0
2023-03-15,0.0,0.0,0.0,0.0,0.0,0.0
2023-03-16,0.0,0.0,0.0,0.0,0.0,0.0
2023-03-17,0.0,0.0,0.0,0.0,0.0,0.0
2023-03-20,0.0,0.0,0.0,0.0,0.0,0.0
2023-03-21,0.0,0.0,0.0,0.0,0.0,0.0
2023-03-22,0.0,0.0,0.0,0.0,0.0,0.0
2023-03-23,0.0,0.0,0.0,0.0,0.0,0.0
2023-03-24,0.0,0.0,0.0,0.0,0.0,0.0
2023-03-27,0.0,0.0,0.0,0.0,0.0,0.0
2023-03-28,0.0,0.0,0.0,0.0,0.0,0.0
2023-03-29,0.0,0.0,0.0,0.0,0.0,0.0
2023-03-31,0.0,0.0,0.0,0.0,0.0,0.0
2023-04-03,0.28293044604330786,0.2590926953753984,0.21029162796681672,0.11135127361693148,0.013140289128929785,1.7520707107365752e-16
2023-04-05,0.0,0.0,0.0,0.0,0.0,0.0
2023-04-06,0.0,0.0,0.0,0.0,0.0,0.0
2023-04-10,0.0,0.0,0.0,0.0,0.0,0.0
2023-04-11,0.0,0.0,0.0,0.0,0.0,0.0
2023-04-12,0.0,0.0,0.0,0.0,0.0,0.0
2023-04-13,0.0,0.0,0.0,0.0,0.0,0.0
2023-04-17,0.0,0.0,0.0,0.0,0.0,0.0
2023-04-18,0.0,0.0,0.0,0.0,0.0,0.0
2023-04-19,0.0,0.0,0.0,0.0,0.0,0.0
2023-04-20,0.0,0.0,0.0,0.0,0.0,0.0
2023-04-21,0.0,0.0,0.0,0.0,0.0,0.0
2023-04-24,0.0,0.0,0.0,0.0,0.0,0.0
2023-04-25,0.0,0.0,0.0,0.0,0.0,0.0
2023-04-26,0.0,0.0,0.0,0.0,0.0,0.0
2023-04-27,0.0,0.0,0.0,0.0,0.0,0.0
2023-04-28,0.0,0.0,0.0,0.0,0.0,0.0
2023-05-02,0.25356940687855845,0.22517224223751553,0.1842559768246515,0.06533127545290116,0.008240596795148311,1.0148132334464322e-16
2023-05-03,0.0,0.0,0.0,0.0,0.0,0.0
2023-05-04,0.0,0.0,0.0,0.0,0.0,0.0
2023-05-05,0.0,0.0,0.0,0.0,0.0,0.0
2023-05-08,0.0,0.0,0.0,0.0,0.0,0.0
2023-05-09,0.0,0.0,0.0,0.0,0.0,0.0
2023-05-10,0.0,0.0,0.0,0.0,0.0,0.0
2023-05-11,0.0,0.0,0.0,0.0,0.0,0.0
2023-05-12,0.0,0.0,0.0,0.0,0.0,0.0
2023-05-15,0.0,0.0,0.0,0.0,0.0,0.0
2023-05-16,0.0,0.0,0.0,0.0,0.0,0.0
2023-05-17,0.0,0.0,0.0,0.0,0.0,0.0
2023-05-18,0.0,0.0,0.0,0.0,0.0,0.0
2023-05-19,0.0,0.0,0.0,0.0,0.0,0.0
2023-05-22,0.0,0.0,0.0,0.0,0.0,0.0
2023-05-23,0.0,0.0,0.0,0.0,0.0,0.0
2023-05-24,0.0,0.0,0.0,0.0,0.0,0.0
2023-05-25,0.0,0.0,0.0,0.0,0.0,0.0
2023-05-26,0.0,0.0,0.0,0.0,0.0,0.0
2023-05-29,0.0,0.0,0.0,0.0,0.0,0.0
2023-05-30,0.0,0.0,0.0,0.0,0.0,0.0
2023-05-31,0.0,0.0,0.0,0.0,0.0,0.0
2023-06-01,0.25865729666320736,0.22439285942531342,0.17623266362795825,0.03971961870094171,0.004607353395110551,8.760353553682876e-17
2023-06-02,0.0,0.0,0.0,0.0,0.0,0.0
2023-06-05,0.0,0.0,0.0,0.0,0.0,0.0
2023-06-06,0.0,0.0,0.0,0.0,0.0,0.0
2023-06-07,0.0,0.0,0.0,0.0,0.0,0.0
2023-06-08,0.0,0.0,0.0,0.0,0.0,0.0
2023-06-09,0.0,0.0,0.0,0.0,0.0,0.0
2023-06-12,0.0,0.0,0.0,0.0,0.0,0.0
2023-06-13,0.0,0.0,0.0,0.0,0.0,0.0
2023-06-14,0.0,0.0,0.0,0.0,0.0,0.0
2023-06-15,0.0,0.0,0.0,0.0,0.0,0.0
2023-06-16,0.0,0.0,0.0,0.0,0.0,0.0
2023-06-19,0.0,0.0,0.0,0.0,0.0,0.0
2023-06-20,0.0,0.0,0.0,0.0,0.0,0.0
2023-06-21,0.0,0.0,0.0,0.0,0.0,0.0
2023-06-22,0.0,0.0,0.0,0.0,0.0,0.0
2023-06-23,0.0,0.0,0.0,0.0,0.0,0.0
2023-06-26,0.0,0.0,0.0,0.0,0.0,0.0
2023-06-27,0.0,0.0,0.0,0.0,0.0,0.0
2023-06-28,0.0,0.0,0.0,0.0,0.0,0.0
2023-06-30,0.0,0.0,0.0,0.0,0.0,0.0
2023-07-03,0.3551845716803334,0.2986030413552453,0.2379874247842498,0.09453731156272194,0.016288351252858126,2.8015784137025435e-16
2023-07-04,0.0,0.0,0.0,0.0,0.0,0.0
2023-07-05,0.0,0.0,0.0,0.0,0.0,0.0
2023-07-06,0.0,0.0,0.0,0.0,0.0,0.0
2023-07-07,0.0,0.0,0.0,0.0,0.0,0.0
2023-07-10,0.0,0.0,0.0,0.0,0.0,0.0
2023-07-11,0.0,0.0,0.0,0.0,0.0,0.0
2023-07-12,0.0,0.0,0.0,0.0,0.0,0.0
2023-07-13,0.0,0.0,0.0,0.0,0.0,0.0
2023-07-14,0.0,0.0,0.0,0.0,0.0,0.0
2023-07-17,0.0,0.0,0.0,0.0,0.0,0.0
2023-07-18,0.0,0.0,0.0,0.0,0.0,0.0
2023-07-19,0.0,0.0,0.0,0.0,0.0,0.0
2023-07-20,0.0,0.0,0.0,0.0,0.0,0.0
2023-07-21,0.0,0.0,0.0,0.0,0.0,0.0
2023-07-24,0.0,0.0,0.0,0.0,0.0,0.0
2023-07-25,0.0,0.0,0.0,0.0,0.0,0.0
2023-07-26,0.0,0.0,0.0,0.0,0.0,0.0
2023-07-27,0.0,0.0,0.0,0.0,0.0,0.0
2023-07-28,0.0,0.0,0.0,0.0,0.0,0.0
2023-07-31,0.0,0.0,0.0,0.0,0.0,0.0
2023-08-01,0.3136948949547289,0.2713499579322354,0.2238286279148517,0.17466777143983978,0.07492633156083331,0.0
2023-08-02,0.0,0.0,0.0,0.0,0.0,0.0
2023-08-03,0.0,0.0,0.0,0.0,0.0,0.0
2023-08-04,0.0,0.0,0.0,0.0,0.0,0.0
2023-08-07,0.0,0.0,0.0,0.0,0.0,0.0
2023-08-08,0.0,0.0,0.0,0.0,0.0,0.0
2023-08-09,0.0,0.0,0.0,0.0,0.0,0.0
2023-08-10,0.0,0.0,0.0,0.0,0.0,0.0
2023-08-11,0.0,0.0,0.0,0.0,0.0,0.0
2023-08-14,0.0,0.0,0.0,0.0,0.0,0.0
2023-08-16,0.0,0.0,0.0,0.0,0.0,0.0
2023-08-17,0.0,0.0,0.0,0.0,0.0,0.0
2023-08-18,0.0,0.0,0.0,0.0,0.0,0.0
2023-08-21,0.0,0.0,0.0,0.0,0.0,0.0
2023-08-22,0.0,0.0,0.0,0.0,0.0,0.0
2023-08-23,0.0,0.0,0.0,0.0,0.0,0.0
2023-08-24,0.0,0.0,0.0,0.0,0.0,0.0
2023-08-25,0.0,0.0,0.0,0.0,0.0,0.0
2023-08-28,0.0,0.0,0.0,0.0,0.0,0.0
2023-08-29,0.0,0.0,0.0,0.0,0.0,0.0
2023-08-30,0.0,0.0,0.0,0.0,0.0,0.0
2023-08-31,0.0,0.0,0.0,0.0,0.0,0.0
2023-09-01,0.25307272551270166,0.209832423406716,0.13776039460973682,0.04201383164474104,0.02402536110752223,2.8362728832220796e-16
2023-09-04,0.0,0.0,0.0,0.0,0.0,0.0
2023-09-05,0.0,0.0,0.0,0.0,0.0,0.0
2023-09-06,0.0,0.0,0.0,0.0,0.0,0.0
2023-09-07,0.0,0.0,0.0,0.0,0.0,0.0
2023-09-08,0.0,0.0,0.0,0.0,0.0,0.0
2023-09-11,0.0,0.0,0.0,0.0,0.0,0.0
2023-09-12,0.0,0.0,0.0,0.0,0.0,0.0
2023-09-13,0.0,0.0,0.0,0.0,0.0,0.0
2023-09-14,0.0,0.0,0.0,0.0,0.0,0.0
2023-09-15,0.0,0.0,0.0,0.0,0.0,0.0
2023-09-18,0.0,0.0,0.0,0.0,0.0,0.0
2023-09-20,0.0,0.0,0.0,0.0,0.0,0.0
2023-09-21,0.0,0.0,0.0,0.0,0.0,0.0
2023-09-22,0.0,0.0,0.0,0.0,0.0,0.0
2023-09-25,0.0,0.0,0.0,0.0,0.0,0.0
2023-09-26,0.0,0.0,0.0,0.0,0.0,0.0
2023-09-27,0.0,0.0,0.0,0.0,0.0,0.0
2023-09-28,0.0,0.0,0.0,0.0,0.0,0.0
2023-09-29,0.0,0.0,0.0,0.0,0.0,0.0
2023-10-03,0.2902557339684799,0.24821741344146567,0.18207401590895225,0.08473091185190049,0.055604013611086564,0.0
2023-10-04,0.0,0.0,0.0,0.0,0.0,0.0
2023-10-05,0.0,0.0,0.0,0.0,0.0,0.0
2023-10-06,0.0,0.0,0.0,0.0,0.0,0.0
2023-10-09,0.0,0.0,0.0,0.0,0.0,0.0
2023-10-10,0.0,0.0,0.0,0.0,0.0,0.0
2023-10-11,0.0,0.0,0.0,0.0,0.0,0.0
2023-10-12,0.0,0.0,0.0,0.0,0.0,0.0
2023-10-13,0.0,0.0,0.0,0.0,0.0,0.0
2023-10-16,0.0,0.0,0.0,0.0,0.0,0.0
2023-10-17,0.0,0.0,0.0,0.0,0.0,0.0
2023-10-18,0.0,0.0,0.0,0.0,0.0,0.0
2023-10-19,0.0,0.0,0.0,0.0,0.0,0.0
2023-10-20,0.0,0.0,0.0,0.0,0.0,0.0
2023-10-23,0.0,0.0,0.0,0.0,0.0,0.0
2023-10-25,0.0,0.0,0.0,0.0,0.0,0.0
2023-10-26,0.0,0.0,0.0,0.0,0.0,0.0
2023-10-27,0.0,0.0,0.0,0.0,0.0,0.0
2023-10-30,0.0,0.0,0.0,0.0,0.0,0.0
2023-10-31,0.0,0.0,0.0,0.0,0.0,0.0
2023-11-01,0.3915135486188577,0.35897582619309976,0.31085757229950656,0.13159903488596106,0.016786510171580303,2.229119666630197e-16
2023-11-02,0.0,0.0,0.0,0.0,0.0,0.0
2023-11-03,0.0,0.0,0.0,0.0,0.0,0.0
2023-11-06,0.0,0.0,0.0,0.0,0.0,0.0
2023-11-07,0.0,0.0,0.0,0.0,0.0,0.0
2023-11-08,0.0,0.0,0.0,0.0,0.0,0.0
2023-11-09,0.0,0.0,0.0,0.0,0.0,0.0
2023-11-10,0.0,0.0,0.0,0.0,0.0,0.0
2023-11-13,0.0,0.0,0.0,0.0,0.0,0.0
2023-11-15,0.0,0.0,0.0,0.0,0.0,0.0
2023-11-16,0.0,0.0,0.0,0.0,0.0,0.0
2023-11-17,0.0,0.0,0.0,0.0,0.0,0.0
2023-11-20,0.0,0.0,0.0,0.0,0.0,0.0
2023-11-21,0.0,0.0,0.0,0.0,0.0,0.0
2023-11-22,0.0,0.0,0.0,0.0,0.0,0.0
2023-11-23,0.0,0.0,0.0,0.0,0.0,0.0
2023-11-24,0.0,0.0,0.0,0.0,0.0,0.0
2023-11-28,0.0,0.0,0.0,0.0,0.0,0.0
2023-11-29,0.0,0.0,0.0,0.0,0.0,0.0
2023-11-30,0.0,0.0,0.0,0.0,0.0,0.0
2023-12-01,0.31464108895972115,0.2739071252581686,0.21493307394051625,0.09966566167852507,7.616520261710669e-17,0.0
2023-12-04,0.0,0.0,0.0,0.0,0.0,0.0
2023-12-05,0.0,0.0,0.0,0.0,0.0,0.0
2023-12-06,0.0,0.0,0.0,0.0,0.0,0.0
2023-12-07,0.0,0.0,0.0,0.0,0.0,0.0
2023-12-08,0.0,0.0,0.0,0.0,0.0,0.0
2023-12-11,0.0,0.0,0.0,0.0,0.0,0.0
2023-12-12,0.0,0.0,0.0,0.0,0.0,0.0
2023-12-13,0.0,0.0,0.0,0.0,0.0,0.0
2023-12-14,0.0,0.0,0.0,0.0,0.0,0.0
2023-12-15,0.0,0.0,0.0,0.0,0.0,0.0
2023-12-18,0.0,0.0,0.0,0.0,0.0,0.0
2023-12-19,0.0,0.0,0.0,0.0,0.0,0.0
2023-12-20,0.0,0.0,0.0,0.0,0.0,0.0
2023-12-21,0.0,0.0,0.0,0.0,0.0,0.0
2023-12-22,0.0,0.0,0.0,0.0,0.0,0.0
2023-12-26,0.0,0.0,0.0,0.0,0.0,0.0
2023-12-27,0.0,0.0,0.0,0.0,0.0,0.0
2023-12-28,0.0,0.0,0.0,0.0,0.0,0.0
2023-12-29,0.0,0.0,0.0,0.0,0.0,0.0
2024-01-01,0.30714549129681257,0.28227298814731516,0.2520130068162284,0.1669423307927129,0.028270982030692088,0.009961532081604565
2024-01-02,0.0,0.0,0.0,0.0,0.0,0.0
2024-01-03,0.0,0.0,0.0,0.0,0.0,0.0
2024-01-04,0.0,0.0,0.0,0.0,0.0,0.0
2024-01-05,0.0,0.0,0.0,0.0,0.0,0.0
2024-01-08,0.0,0.0,0.0,0.0,0.0,0.0
2024-01-09,0.0,0.0,0.0,0.0,0.0,0.0
2024-01-10,0.0,0.0,0.0,0.0,0.0,0.0
2024-01-11,0.0,0.0,0.0,0.0,0.0,0.0
2024-01-12,0.0,0.0,0.0,0.0,0.0,0.0
2024-01-15,0.0,0.0,0.0,0.0,0.0,0.0
2024-01-16,0.0,0.0,0.0,0.0,0.0,0.0
2024-01-17,0.0,0.0,0.0,0.0,0.0,0.0
2024-01-18,0.0,0.0,0.0,0.0,0.0,0.0
2024-01-19,0.0,0.0,0.0,0.0,0.0,0.0
2024-01-23,0.0,0.0,0.0,0.0,0.0,0.0
2024-01-24,0.0,0.0,0.0,0.0,0.0,0.0
2024-01-25,0.0,0.0,0.0,0.0,0.0,0.0
2024-01-29,0.0,0.0,0.0,0.0,0.0,0.0
2024-01-30,0.0,0.0,0.0,0.0,0.0,0.0
2024-01-31,0.0,0.0,0.0,0.0,0.0,0.0
2024-02-01,0.3899177907065403,0.35359801764544996,0.290215317203105,0.16639453476475394,0.11963073081116472,0.013484059854771639
2024-02-02,0.0,0.0,0.0,0.0,0.0,0.0
2024-02-05,0.0,0.0,0.0,0.0,0.0,0.0
2024-02-06,0.0,0.0,0.0,0.0,0.0,0.0
2024-02-07,0.0,0.0,0.0,0.0,0.0,0.0
2024-02-08,0.0,0.0,0.0,0.0,0.0,0.0
2024-02-09,0.0,0.0,0.0,0.0,0.0,0.0
2024-02-12,0.0,0.0,0.0,0.0,0.0,0.0
2024-02-13,0.0,0.0,0.0,0.0,0.0,0.0
2024-02-14,0.0,0.0,0.0,0.0,0.0,0.0
2024-02-15,0.0,0.0,0.0,0.0,0.0,0.0
2024-02-16,0.0,0.0,0.0,0.0,0.0,0.0
2024-02-19,0.0,0.0,0.0,0.0,0.0,0.0
2024-02-20,0.0,0.0,0.0,0.0,0.0,0.0
2024-02-21,0.0,0.0,0.0,0.0,0.0,0.0
2024-02-22,0.0,0.0,0.0,0.0,0.0,0.0
2024-02-23,0.0,0.0,0.0,0.0,0.0,0.0
2024-02-26,0.0,0.0,0.0,0.0,0.0,0.0
2024-02-27,0.0,0.0,0.0,0.0,0.0,0.0
2024-02-28,0.0,0.0,0.0,0.0,0.0,0.0
2024-02-29,0.0,0.0,0.0,0.0,0.0,0.0
2024-03-01,0.23113252703856424,0.20694214492618807,0.16970632716820824,0.11215793141446982,0.007234626156776201,0.0304913190093073
2024-03-04,0.0,0.0,0.0,0.0,0.0,0.0
2024-03-05,0.0,0.0,0.0,0.0,0.0,0.0
2024-03-06,0.0,0.0,0.0,0.0,0.0,0.0
2024-03-07,0.0,0.0,0.0,0.0,0.0,0.0
2024-03-11,0.0,0.0,0.0,0.0,0.0,0.0
2024-03-12,0.0,0.0,0.0,0.0,0.0,0.0
2024-03-13,0.0,0.0,0.0,0.0,0.0,0.0
2024-03-14,0.0,0.0,0.0,0.0,0.0,0.0
2024-03-15,0.0,0.0,0.0,0.0,0.0,0.0
2024-03-18,0.0,0.0,0.0,0.0,0.0,0.0
2024-03-19,0.0,0.0,0.0,0.0,0.0,0.0
2024-03-20,0.0,0.0,0.0,0.0,0.0,0.0
2024-03-21,0.0,0.0,0.0,0.0,0.0,0.0
2024-03-22,0.0,0.0,0.0,0.0,0.0,0.0
2024-03-26,0.0,0.0,0.0,0.0,0.0,0.0
2024-03-27,0.0,0.0,0.0,0.0,0.0,0.0
2024-03-28,0.0,0.0,0.0,0.0,0.0,0.0
2024-04-01,0.20988614585794763,0.18128677807228852,0.14352183033690308,0.13114627434971096,0.016977890736389313,0.035111137132129155
2024-04-02,0.0,0.0,0.0,0.0,0.0,0.0
2024-04-03,0.0,0.0,0.0,0.0,0.0,0.0
2024-04-04,0.0,0.0,0.0,0.0,0.0,0.0
2024-04-05,0.0,0.0,0.0,0.0,0.0,0.0
2024-04-08,0.0,0.0,0.0,0.0,0.0,0.0
2024-04-09,0.0,0.0,0.0,0.0,0.0,0.0
2024-04-10,0.0,0.0,0.0,0.0,0.0,0.0
2024-04-12,0.0,0.0,0.0,0.0,0.0,0.0
2024-04-15,0.0,0.0,0.0,0.0,0.0,0.0
2024-04-16,0.0,0.0,0.0,0.0,0.0,0.0
2024-04-18,0.0,0.0,0.0,0.0,0.0,0.0
2024-04-19,0.0,0.0,0.0,0.0,0.0,0.0
2024-04-22,0.0,0.0,0.0,0.0,0.0,0.0
2024-04-23,0.0,0.0,0.0,0.0,0.0,0.0
2024-04-24,0.0,0.0,0.0,0.0,0.0,0.0
2024-04-25,0.0,0.0,0.0,0.0,0.0,0.0
2024-04-26,0.0,0.0,0.0,0.0,0.0,0.0
2024-04-29,0.0,0.0,0.0,0.0,0.0,0.0
2024-04-30,0.0,0.0,0.0,0.0,0.0,0.0
2024-05-02,0.4537519435607633,0.4330166520144063,0.40245553221172187,0.3581145052390517,0.14638248835264436,0.01076423846251561
2024-05-03,0.0,0.0,0.0,0.0,0.0,0.0
2024-05-06,0.0,0.0,0.0,0.0,0.0,0.0
2024-05-07,0.0,0.0,0.0,0.0,0.0,0.0
2024-05-08,0.0,0.0,0.0,0.0,0.0,0.0
2024-05-09,0.0,0.0,0.0,0.0,0.0,0.0
2024-05-10,0.0,0.0,0.0,0.0,0.0,0.0
2024-05-13,0.0,0.0,0.0,0.0,0.0,0.0
2024-05-14,0.0,0.0,0.0,0.0,0.0,0.0
2024-05-15,0.0,0.0,0.0,0.0,0.0,0.0
2024-05-16,0.0,0.0,0.0,0.0,0.0,0.0
2024-05-17,0.0,0.0,0.0,0.0,0.0,0.0
2024-05-21,0.0,0.0,0.0,0.0,0.0,0.0
2024-05-22,0.0,0.0,0.0,0.0,0.0,0.0
2024-05-23,0.0,0.0,0.0,0.0,0.0,0.0
2024-05-24,0.0,0.0,0.0,0.0,0.0,0.0
2024-05-27,0.0,0.0,0.0,0.0,0.0,0.0
2024-05-28,0.0,0.0,0.0,0.0,0.0,0.0
2024-05-29,0.0,0.0,0.0,0.0,0.0,0.0
2024-05-30,0.0,0.0,0.0,0.0,0.0,0.0
2024-05-31,0.0,0.0,0.0,0.0,0.0,0.0
2024-06-03,0.268975338053825,0.24902153525956502,0.19376498214511906,0.130201509577507,0.035195442028297316,0.0035948050805732898
2024-06-04,0.0,0.0,0.0,0.0,0.0,0.0
2024-06-05,0.0,0.0,0.0,0.0,0.0,0.0
2024-06-06,0.0,0.0,0.0,0.0,0.0,0.0
2024-06-07,0.0,0.0,0.0,0.0,0.0,0.0
2024-06-10,0.0,0.0,0.0,0.0,0.0,0.0
2024-06-11,0.0,0.0,0.0,0.0,0.0,0.0
2024-06-12,0.0,0.0,0.0,0.0,0.0,0.0
2024-06-13,0.0,0.0,0.0,0.0,0.0,0.0
2024-06-14,0.0,0.0,0.0,0.0,0.0,0.0
2024-06-18,0.0,0.0,0.0,0.0,0.0,0.0
2024-06-19,0.0,0.0,0.0,0.0,0.0,0.0
2024-06-20,0.0,0.0,0.0,0.0,0.0,0.0
2024-06-21,0.0,0.0,0.0,0.0,0.0,0.0
2024-06-24,0.0,0.0,0.0,0.0,0.0,0.0
2024-06-25,0.0,0.0,0.0,0.0,0.0,0.0
2024-06-26,0.0,0.0,0.0,0.0,0.0,0.0
2024-06-27,0.0,0.0,0.0,0.0,0.0,0.0
2024-06-28,0.0,0.0,0.0,0.0,0.0,0.0
2024-07-01,0.4678550814614826,0.44475295533104553,0.40506521893185987,0.2920164726103452,0.11721451716475755,0.11777093772497302
2024-07-02,0.0,0.0,0.0,0.0,0.0,0.0
2024-07-03,0.0,0.0,0.0,0.0,0.0,0.0
2024-07-04,0.0,0.0,0.0,0.0,0.0,0.0
2024-07-05,0.0,0.0,0.0,0.0,0.0,0.0
2024-07-08,0.0,0.0,0.0,0.0,0.0,0.0
2024-07-09,0.0,0.0,0.0,0.0,0.0,0.0
2024-07-10,0.0,0.0,0.0,0.0,0.0,0.0
2024-07-11,0.0,0.0,0.0,0.0,0.0,0.0
2024-07-12,0.0,0.0,0.0,0.0,0.0,0.0
2024-07-15,0.0,0.0,0.0,0.0,0.0,0.0
2024-07-16,0.0,0.0,0.0,0.0,0.0,0.0
2024-07-18,0.0,0.0,0.0,0.0,0.0,0.0
2024-07-19,0.0,0.0,0.0,0.0,0.0,0.0
2024-07-22,0.0,0.0,0.0,0.0,0.0,0.0
2024-07-23,0.0,0.0,0.0,0.0,0.0,0.0
2024-07-24,0.0,0.0,0.0,0.0,0.0,0.0
2024-07-25,0.0,0.0,0.0,0.0,0.0,0.0
2024-07-26,0.0,0.0,0.0,0.0,0.0,0.0
2024-07-29,0.0,0.0,0.0,0.0,0.0,0.0
2024-07-30,0.0,0.0,0.0,0.0,0.0,0.0
2024-07-31,0.0,0.0,0.0,0.0,0.0,0.0
2024-08-01,0.31074437658051335,0.29741314724941864,0.2907459369634325,0.2152263077324173,0.03773351230238198,0.009763963265913129
2024-08-02,0.0,0.0,0.0,0.0,0.0,0.0
2024-08-05,0.0,0.0,0.0,0.0,0.0,0.0
2024-08-06,0.0,0.0,0.0,0.0,0.0,0.0
2024-08-07,0.0,0.0,0.0,0.0,0.0,0.0
2024-08-08,0.0,0.0,0.0,0.0,0.0,0.0
2024-08-09,0.0,0.0,0.0,0.0,0.0,0.0
2024-08-12,0.0,0.0,0.0,0.0,0.0,0.0
2024-08-13,0.0,0.0,0.0,0.0,0.0,0.0
2024-08-14,0.0,0.0,0.0,0.0,0.0,0.0
2024-08-16,0.0,0.0,0.0,0.0,0.0,0.0
2024-08-19,0.0,0.0,0.0,0.0,0.0,0.0
2024-08-20,0.0,0.0,0.0,0.0,0.0,0.0
2024-08-21,0.0,0.0,0.0,0.0,0.0,0.0
2024-08-22,0.0,0.0,0.0,0.0,0.0,0.0
2024-08-23,0.0,0.0,0.0,0.0,0.0,0.0
2024-08-26,0.0,0.0,0.0,0.0,0.0,0.0
2024-08-27,0.0,0.0,0.0,0.0,0.0,0.0
2024-08-28,0.0,0.0,0.0,0.0,0.0,0.0
2024-08-29,0.0,0.0,0.0,0.0,0.0,0.0
2024-08-30,0.0,0.0,0.0,0.0,0.0,0.0
2024-09-02,0.2722191019202855,0.2549844767013537,0.20515098673982382,0.16150153798418962,0.04883724802000619,0.0007513824131947394
2024-09-03,0.0,0.0,0.0,0.0,0.0,0.0
2024-09-04,0.0,0.0,0.0,0.0,0.0,0.0
2024-09-05,0.0,0.0,0.0,0.0,0.0,0.0
2024-09-06,0.0,0.0,0.0,0.0,0.0,0.0
2024-09-09,0.0,0.0,0.0,0.0,0.0,0.0
2024-09-10,0.0,0.0,0.0,0.0,0.0,0.0
2024-09-11,0.0,0.0,0.0,0.0,0.0,0.0
2024-09-12,0.0,0.0,0.0,0.0,0.0,0.0
2024-09-13,0.0,0.0,0.0,0.0,0.0,0.0
2024-09-16,0.0,0.0,0.0,0.0,0.0,0.0
2024-09-17,0.0,0.0,0.0,0.0,0.0,0.0
2024-09-18,0.0,0.0,0.0,0.0,0.0,0.0
2024-09-19,0.0,0.0,0.0,0.0,0.0,0.0
2024-09-20,0.0,0.0,0.0,0.0,0.0,0.0
2024-09-23,0.0,0.0,0.0,0.0,0.0,0.0
2024-09-24,0.0,0.0,0.0,0.0,0.0,0.0
2024-09-25,0.0,0.0,0.0,0.0,0.0,0.0
2024-09-26,0.0,0.0,0.0,0.0,0.0,0.0
2024-09-27,0.0,0.0,0.0,0.0,0.0,0.0
2024-09-30,0.0,0.0,0.0,0.0,0.0,0.0
2024-10-01,0.2249741630269938,0.2073701042559154,0.18992819329456048,0.12289263269745547,0.061625462753998224,0.0034191730297414547
2024-10-03,0.0,0.0,0.0,0.0,0.0,0.0
2024-10-04,0.0,0.0,0.0,0.0,0.0,0.0
2024-10-07,0.0,0.0,0.0,0.0,0.0,0.0
2024-10-08,0.0,0.0,0.0,0.0,0.0,0.0
2024-10-09,0.0,0.0,0.0,0.0,0.0,0.0
2024-10-10,0.0,0.0,0.0,0.0,0.0,0.0
2024-10-11,0.0,0.0,0.0,0.0,0.0,0.0
2024-10-14,0.0,0.0,0.0,0.0,0.0,0.0
2024-10-15,0.0,0.0,0.0,0.0,0.0,0.0
2024-10-16,0.0,0.0,0.0,0.0,0.0,0.0
2024-10-17,0.0,0.0,0.0,0.0,0.0,0.0
2024-10-18,0.0,0.0,0.0,0.0,0.0,0.0
2024-10-21,0.0,0.0,0.0,0.0,0.0,0.0
2024-10-22,0.0,0.0,0.0,0.0,0.0,0.0
2024-10-23,0.0,0.0,0.0,0.0,0.0,0.0
2024-10-24,0.0,0.0,0.0,0.0,0.0,0.0
2024-10-25,0.0,0.0,0.0,0.0,0.0,0.0
2024-10-28,0.0,0.0,0.0,0.0,0.0,0.0
2024-10-29,0.0,0.0,0.0,0.0,0.0,0.0
2024-10-30,0.0,0.0,0.0,0.0,0.0,0.0
2024-10-31,0.0,0.0,0.0,0.0,0.0,0.0
2024-11-01,0.3510471587623562,0.3302077080182272,0.29749891794076033,0.20260521267774148,0.04682772794635428,0.0023113526430216186
2024-11-04,0.0,0.0,0.0,0.0,0.0,0.0
2024-11-05,0.0,0.0,0.0,0.0,0.0,0.0
2024-11-06,0.0,0.0,0.0,0.0,0.0,0.0
2024-11-07,0.0,0.0,0.0,0.0,0.0,0.0
2024-11-08,0.0,0.0,0.0,0.0,0.0,0.0
2024-11-11,0.0,0.0,0.0,0.0,0.0,0.0
2024-11-12,0.0,0.0,0.0,0.0,0.0,0.0
2024-11-13,0.0,0.0,0.0,0.0,0.0,0.0
2024-11-14,0.0,0.0,0.0,0.0,0.0,0.0
2024-11-18,0.0,0.0,0.0,0.0,0.0,0.0
2024-11-19,0.0,0.0,0.0,0.0,0.0,0.0
2024-11-21,0.0,0.0,0.0,0.0,0.0,0.0
2024-11-22,0.0,0.0,0.0,0.0,0.0,0.0
2024-11-25,0.0,0.0,0.0,0.0,0.0,0.0
2024-11-26,0.0,0.0,0.0,0.0,0.0,0.0
2024-11-27,0.0,0.0,0.0,0.0,0.0,0.0
2024-11-28,0.0,0.0,0.0,0.0,0.0,0.0
2024-11-29,0.0,0.0,0.0,0.0,0.0,0.0
2024-12-02,0.3077776148059122,0.26324276894438575,0.20977227730939152,0.08949243823276277,0.008991843649610849,1.5916087892087205e-16
2024-12-03,0.0,0.0,0.0,0.0,0.0,0.0
2024-12-04,0.0,0.0,0.0,0.0,0.0,0.0
2024-12-05,0.0,0.0,0.0,0.0,0.0,0.0
2024-12-06,0.0,0.0,0.0,0.0,0.0,0.0
2024-12-09,0.0,0.0,0.0,0.0,0.0,0.0
2024-12-10,0.0,0.0,0.0,0.0,0.0,0.0
2024-12-11,0.0,0.0,0.0,0.0,0.0,0.0
2024-12-12,0.0,0.0,0.0,0.0,0.0,0.0
2024-12-13,0.0,0.0,0.0,0.0,0.0,0.0
2024-12-16,0.0,0.0,0.0,0.0,0.0,0.0
2024-12-17,0.0,0.0,0.0,0.0,0.0,0.0
2024-12-18,0.0,0.0,0.0,0.0,0.0,0.0
2024-12-19,0.0,0.0,0.0,0.0,0.0,0.0
2024-12-20,0.0,0.0,0.0,0.0,0.0,0.0
2024-12-23,0.0,0.0,0.0,0.0,0.0,0.0
2024-12-24,0.0,0.0,0.0,0.0,0.0,0.0
2024-12-26,0.0,0.0,0.0,0.0,0.0,0.0
2024-12-27,0.0,0.0,0.0,0.0,0.0,0.0
2024-12-30,0.0,0.0,0.0,0.0,0.0,0.0
2024-12-31,0.0,0.0,0.0,0.0,0.0,0.0
2025-01-01,0.2055395696990029,0.1687658408250025,0.12836361671217458,0.09083999228921089,0.033527361454548446,0.0035026481965206593
2025-01-02,0.0,0.0,0.0,0.0,0.0,0.0
2025-01-03,0.0,0.0,0.0,0.0,0.0,0.0
2025-01-06,0.0,0.0,0.0,0.0,0.0,0.0
2025-01-07,0.0,0.0,0.0,0.0,0.0,0.0
2025-01-08,0.0,0.0,0.0,0.0,0.0,0.0
2025-01-09,0.0,0.0,0.0,0.0,0.0,0.0
2025-01-10,0.0,0.0,0.0,0.0,0.0,0.0
2025-01-13,0.0,0.0,0.0,0.0,0.0,0.0
2025-01-14,0.0,0.0,0.0,0.0,0.0,0.0
2025-01-15,0.0,0.0,0.0,0.0,0.0,0.0
2025-01-16,0.0,0.0,0.0,0.0,0.0,0.0
2025-01-17,0.0,0.0,0.0,0.0,0.0,0.0
2025-01-20,0.0,0.0,0.0,0.0,0.0,0.0
2025-01-21,0.0,0.0,0.0,0.0,0.0,0.0
2025-01-22,0.0,0.0,0.0,0.0,0.0,0.0
2025-01-23,0.0,0.0,0.0,0.0,0.0,0.0
2025-01-24,0.0,0.0,0.0,0.0,0.0,0.0
2025-01-27,0.0,0.0,0.0,0.0,0.0,0.0
2025-01-28,0.0,0.0,0.0,0.0,0.0,0.0
2025-01-29,0.0,0.0,0.0,0.0,0.0,0.0
2025-01-30,0.0,0.0,0.0,0.0,0.0,0.0
2025-01-31,0.0,0.0,0.0,0.0,0.0,0.0
2025-02-01,0.40452045809901194,0.38242329414525905,0.31694730862209186,0.19851560531280169,0.04914827576311812,9.942133921692076e-17
2025-02-03,0.0,0.0,0.0,0.0,0.0,0.0
2025-02-04,0.0,0.0,0.0,0.0,0.0,0.0
2025-02-05,0.0,0.0,0.0,0.0,0.0,0.0
2025-02-06,0.0,0.0,0.0,0.0,0.0,0.0
2025-02-07,0.0,0.0,0.0,0.0,0.0,0.0
2025-02-10,0.0,0.0,0.0,0.0,0.0,0.0
2025-02-11,0.0,0.0,0.0,0.0,0.0,0.0
2025-02-12,0.0,0.0,0.0,0.0,0.0,0.0
2025-02-13,0.0,0.0,0.0,0.0,0.0,0.0
2025-02-14,0.0,0.0,0.0,0.0,0.0,0.0
2025-02-17,0.0,0.0,0.0,0.0,0.0,0.0
2025-02-18,0.0,0.0,0.0,0.0,0.0,0.0
2025-02-19,0.0,0.0,0.0,0.0,0.0,0.0
2025-02-20,0.0,0.0,0.0,0.0,0.0,0.0
2025-02-21,0.0,0.0,0.0,0.0,0.0,0.0
2025-02-24,0.0,0.0,0.0,0.0,0.0,0.0
2025-02-25,0.0,0.0,0.0,0.0,0.0,0.0
2025-02-27,0.0,0.0,0.0,0.0,0.0,0.0
2025-02-28,0.0,0.0,0.0,0.0,0.0,0.0
2025-03-03,0.24040835078053474,0.2142934980281067,0.17428293779110676,0.17607197058263532,0.03141012751385103,2.190088388420719e-16
2025-03-04,0.0,0.0,0.0,0.0,0.0,0.0
2025-03-05,0.0,0.0,0.0,0.0,0.0,0.0
2025-03-06,0.0,0.0,0.0,0.0,0.0,0.0
2025-03-07,0.0,0.0,0.0,0.0,0.0,0.0
2025-03-10,0.0,0.0,0.0,0.0,0.0,0.0
2025-03-11,0.0,0.0,0.0,0.0,0.0,0.0
2025-03-12,0.0,0.0,0.0,0.0,0.0,0.0
2025-03-13,0.0,0.0,0.0,0.0,0.0,0.0
2025-03-17,0.0,0.0,0.0,0.0,0.0,0.0
2025-03-18,0.0,0.0,0.0,0.0,0.0,0.0
2025-03-19,0.0,0.0,0.0,0.0,0.0,0.0
2025-03-20,0.0,0.0,0.0,0.0,0.0,0.0
2025-03-21,0.0,0.0,0.0,0.0,0.0,0.0
2025-03-24,0.0,0.0,0.0,0.0,0.0,0.0
2025-03-25,0.0,0.0,0.0,0.0,0.0,0.0
2025-03-26,0.0,0.0,0.0,0.0,0.0,0.0
2025-03-27,0.0,0.0,0.0,0.0,0.0,0.0
2025-03-28,0.0,0.0,0.0,0.0,0.0,0.0
2025-04-01,0.20917055170762416,0.1938697825202752,0.1654293610343837,0.10897533802754479,0.02809433362316117,0.0
2025-04-02,0.0,0.0,0.0,0.0,0.0,0.0
2025-04-03,0.0,0.0,0.0,0.0,0.0,0.0
2025-04-04,0.0,0.0,0.0,0.0,0.0,0.0
2025-04-07,0.0,0.0,0.0,0.0,0.0,0.0
2025-04-08,0.0,0.0,0.0,0.0,0.0,0.0
2025-04-09,0.0,0.0,0.0,0.0,0.0,0.0
2025-04-11,0.0,0.0,0.0,0.0,0.0,0.0
2025-04-15,0.0,0.0,0.0,0.0,0.0,0.0
2025-04-16,0.0,0.0,0.0,0.0,0.0,0.0
2025-04-17,0.0,0.0,0.0,0.0,0.0,0.0
2025-04-21,0.0,0.0,0.0,0.0,0.0,0.0
2025-04-22,0.0,0.0,0.0,0.0,0.0,0.0
2025-04-23,0.0,0.0,0.0,0.0,0.0,0.0
2025-04-24,0.0,0.0,0.0,0.0,0.0,0.0
2025-04-25,0.0,0.0,0.0,0.0,0.0,0.0
2025-04-28,0.0,0.0,0.0,0.0,0.0,0.0
2025-04-29,0.0,0.0,0.0,0.0,0.0,0.0
2025-04-30,0.0,0.0,0.0,0.0,0.0,0.0
2025-05-02,0.4291246493159912,0.41604527089358373,0.38909701758072746,0.28023375701743447,0.1262101811231601,1.0972125985553305e-16
2025-05-05,0.0,0.0,0.0,0.0,0.0,0.0
2025-05-06,0.0,0.0,0.0,0.0,0.0,0.0
2025-05-07,0.0,0.0,0.0,0.0,0.0,0.0
2025-05-08,0.0,0.0,0.0,0.0,0.0,0.0
2025-05-09,0.0,0.0,0.0,0.0,0.0,0.0
2025-05-12,0.0,0.0,0.0,0.0,0.0,0.0
2025-05-13,0.0,0.0,0.0,0.0,0.0,0.0
2025-05-14,0.0,0.0,0.0,0.0,0.0,0.0
2025-05-15,0.0,0.0,0.0,0.0,0.0,0.0
2025-05-16,0.0,0.0,0.0,0.0,0.0,0.0
2025-05-19,0.0,0.0,0.0,0.0,0.0,0.0
2025-05-20,0.0,0.0,0.0,0.0,0.0,0.0
2025-05-21,0.0,0.0,0.0,0.0,0.0,0.0
2025-05-22,0.0,0.0,0.0,0.0,0.0,0.0
2025-05-23,0.0,0.0,0.0,0.0,0.0,0.0
2025-05-26,0.0,0.0,0.0,0.0,0.0,0.0
2025-05-27,0.0,0.0,0.0,0.0,0.0,0.0
2025-05-28,0.0,0.0,0.0,0.0,0.0,0.0
2025-05-29,0.0,0.0,0.0,0.0,0.0,0.0
2025-05-30,0.0,0.0,0.0,0.0,0.0,0.0
2025-06-02,0.3222392561412028,0.3064664472144741,0.274025513509145,0.22093987494412315,0.13154704110740947,1.6653345369377348e-16
2025-06-03,0.0,0.0,0.0,0.0,0.0,0.0
2025-06-04,0.0,0.0,0.0,0.0,0.0,0.0
2025-06-05,0.0,0.0,0.0,0.0,0.0,0.0
2025-06-06,0.0,0.0,0.0,0.0,0.0,0.0
2025-06-09,0.0,0.0,0.0,0.0,0.0,0.0
2025-06-10,0.0,0.0,0.0,0.0,0.0,0.0
2025-06-11,0.0,0.0,0.0,0.0,0.0,0.0
2025-06-12,0.0,0.0,0.0,0.0,0.0,0.0
2025-06-13,0.0,0.0,0.0,0.0,0.0,0.0
2025-06-16,0.0,0.0,0.0,0.0,0.0,0.0
2025-06-17,0.0,0.0,0.0,0.0,0.0,0.0
2025-06-18,0.0,0.0,0.0,0.0,0.0,0.0
2025-06-19,0.0,0.0,0.0,0.0,0.0,0.0
2025-06-20,0.0,0.0,0.0,0.0,0.0,0.0
2025-06-23,0.0,0.0,0.0,0.0,0.0,0.0
2025-06-24,0.0,0.0,0.0,0.0,0.0,0.0
2025-06-25,0.0,0.0,0.0,0.0,0.0,0.0
2025-06-26,0.0,0.0,0.0,0.0,0.0,0.0
2025-06-27,0.0,0.0,0.0,0.0,0.0,0.0
2025-06-30,0.0,0.0,0.0,0.0,0.0,0.0
2025-07-01,0.2166041389443001,0.21072034591509461,0.18827345834448994,0.10497819782053999,0.025900964146924946,2.3527187142935446e-16
2025-07-02,0.0,0.0,0.0,0.0,0.0,0.0
2025-07-03,0.0,0.0,0.0,0.0,0.0,0.0
2025-07-04,0.0,0.0,0.0,0.0,0.0,0.0
2025-07-07,0.0,0.0,0.0,0.0,0.0,0.0
2025-07-08,0.0,0.0,0.0,0.0,0.0,0.0
2025-07-09,0.0,0.0,0.0,0.0,0.0,0.0
2025-07-10,0.0,0.0,0.0,0.0,0.0,0.0
2025-07-11,0.0,0.0,0.0,0.0,0.0,0.0
2025-07-14,0.0,0.0,0.0,0.0,0.0,0.0
2025-07-15,0.0,0.0,0.0,0.0,0.0,0.0
2025-07-16,0.0,0.0,0.0,0.0,0.0,0.0
2025-07-17,0.0,0.0,0.0,0.0,0.0,0.0
2025-07-18,0.0,0.0,0.0,0.0,0.0,0.0
2025-07-21,0.0,0.0,0.0,0.0,0.0,0.0
2025-07-22,0.0,0.0,0.0,0.0,0.0,0.0
2025-07-23,0.0,0.0,0.0,0.0,0.0,0.0
2025-07-24,0.0,0.0,0.0,0.0,0.0,0.0
2025-07-25,0.0,0.0,0.0,0.0,0.0,0.0
2025-07-28,0.0,0.0,0.0,0.0,0.0,0.0
2025-07-29,0.0,0.0,0.0,0.0,0.0,0.0
2025-07-30,0.0,0.0,0.0,0.0,0.0,0.0
2025-07-31,0.0,0.0,0.0,0.0,0.0,0.0
2025-08-01,0.42425283983039724,0.3922782148769701,0.3114012923817734,0.15195010899798048,0.015597323324493075,1.700029006457271e-16
2025-08-04,0.0,0.0,0.0,0.0,0.0,0.0
2025-08-05,0.0,0.0,0.0,0.0,0.0,0.0
2025-08-06,0.0,0.0,0.0,0.0,0.0,0.0
2025-08-07,0.0,0.0,0.0,0.0,0.0,0.0
2025-08-08,0.0,0.0,0.0,0.0,0.0,0.0
2025-08-11,0.0,0.0,0.0,0.0,0.0,0.0
2025-08-12,0.0,0.0,0.0,0.0,0.0,0.0
2025-08-13,0.0,0.0,0.0,0.0,0.0,0.0
2025-08-14,0.0,0.0,0.0,0.0,0.0,0.0
2025-08-18,0.0,0.0,0.0,0.0,0.0,0.0
2025-08-19,0.0,0.0,0.0,0.0,0.0,0.0
2025-08-20,0.0,0.0,0.0,0.0,0.0,0.0
2025-08-21,0.0,0.0,0.0,0.0,0.0,0.0
2025-08-22,0.0,0.0,0.0,0.0,0.0,0.0
2025-08-25,0.0,0.0,0.0,0.0,0.0,0.0
2025-08-26,0.0,0.0,0.0,0.0,0.0,0.0
2025-08-28,0.0,0.0,0.0,0.0,0.0,0.0
2025-08-29,0.0,0.0,0.0,0.0,0.0,0.0
2025-09-01,0.3494161215667988,0.3231171695158678,0.2806267625985318,0.17026241672207904,0.052338106507602344,0.0
2025-09-02,0.0,0.0,0.0,0.0,0.0,0.0
2025-09-03,0.0,0.0,0.0,0.0,0.0,0.0
2025-09-04,0.0,0.0,0.0,0.0,0.0,0.0
2025-09-05,0.0,0.0,0.0,0.0,0.0,0.0
2025-09-08,0.0,0.0,0.0,0.0,0.0,0.0
2025-09-09,0.0,0.0,0.0,0.0,0.0,0.0
2025-09-10,0.0,0.0,0.0,0.0,0.0,0.0
2025-09-11,0.0,0.0,0.0,0.0,0.0,0.0
2025-09-12,0.0,0.0,0.0,0.0,0.0,0.0
2025-09-15,0.0,0.0,0.0,0.0,0.0,0.0
2025-09-16,0.0,0.0,0.0,0.0,0.0,0.0
2025-09-17,0.0,0.0,0.0,0.0,0.0,0.0
2025-09-18,0.0,0.0,0.0,0.0,0.0,0.0
2025-09-19,0.0,0.0,0.0,0.0,0.0,0.0
2025-09-22,0.0,0.0,0.0,0.0,0.0,0.0
2025-09-23,0.0,0.0,0.0,0.0,0.0,0.0
2025-09-24,0.0,0.0,0.0,0.0,0.0,0.0
2025-09-25,0.0,0.0,0.0,0.0,0.0,0.0
2025-09-26,0.0,0.0,0.0,0.0,0.0,0.0
2025-09-29,0.0,0.0,0.0,0.0,0.0,0.0
2025-09-30,0.0,0.0,0.0,0.0,0.0,0.0
2025-10-01,0.22002997908405617,0.1964305411360981,0.1841549219177182,0.13185406120102058,1.1232334506949826e-16,1.098296800727816e-16
2025-10-03,0.0,0.0,0.0,0.0,0.0,0.0
2025-10-06,0.0,0.0,0.0,0.0,0.0,0.0
2025-10-07,0.0,0.0,0.0,0.0,0.0,0.0
2025-10-08,0.0,0.0,0.0,0.0,0.0,0.0
2025-10-09,0.0,0.0,0.0,0.0,0.0,0.0
2025-10-10,0.0,0.0,0.0,0.0,0.0,0.0
2025-10-13,0.0,0.0,0.0,0.0,0.0,0.0
2025-10-14,0.0,0.0,0.0,0.0,0.0,0.0
2025-10-15,0.0,0.0,0.0,0.0,0.0,0.0
2025-10-16,0.0,0.0,0.0,0.0,0.0,0.0
2025-10-17,0.0,0.0,0.0,0.0,0.0,0.0
2025-10-20,0.0,0.0,0.0,0.0,0.0,0.0
2025-10-21,0.0,0.0,0.0,0.0,0.0,0.0
2025-10-23,0.0,0.0,0.0,0.0,0.0,0.0
2025-10-24,0.0,0.0,0.0,0.0,0.0,0.0
2025-10-27,0.0,0.0,0.0,0.0,0.0,0.0
2025-10-28,0.0,0.0,0.0,0.0,0.0,0.0
2025-10-29,0.0,0.0,0.0,0.0,0.0,0.0
2025-10-30,0.0,0.0,0.0,0.0,0.0,0.0
2025-10-31,0.0,0.0,0.0,0.0,0.0,0.0
2025-11-03,0.23476696006392567,0.19586482927268595,0.13571339370068045,0.096025721473623,0.06044799913134696,7.849623728795052e-17
2025-11-04,0.0,0.0,0.0,0.0,0.0,0.0
2025-11-06,0.0,0.0,0.0,0.0,0.0,0.0
2025-11-07,0.0,0.0,0.0,0.0,0.0,0.0
2025-11-10,0.0,0.0,0.0,0.0,0.0,0.0
2025-11-11,0.0,0.0,0.0,0.0,0.0,0.0
2025-11-12,0.0,0.0,0.0,0.0,0.0,0.0
2025-11-13,0.0,0.0,0.0,0.0,0.0,0.0
2025-11-14,0.0,0.0,0.0,0.0,0.0,0.0
2025-11-17,0.0,0.0,0.0,0.0,0.0,0.0
2025-11-18,0.0,0.0,0.0,0.0,0.0,0.0
2025-11-19,0.0,0.0,0.0,0.0,0.0,0.0
2025-11-20,0.0,0.0,0.0,0.0,0.0,0.0
2025-11-21,0.0,0.0,0.0,0.0,0.0,0.0
2025-11-24,0.0,0.0,0.0,0.0,0.0,0.0
2025-11-25,0.0,0.0,0.0,0.0,0.0,0.0
2025-11-26,0.0,0.0,0.0,0.0,0.0,0.0
2025-11-27,0.0,0.0,0.0,0.0,0.0,0.0
2025-11-28,0.0,0.0,0.0,0.0,0.0,0.0
2025-12-01,0.3581455008641362,0.3335589459137233,0.2706858162453638,0.08748785940625388,0.01907326277267639,0.0
2025-12-02,0.0,0.0,0.0,0.0,0.0,0.0
2025-12-03,0.0,0.0,0.0,0.0,0.0,0.0
2025-12-04,0.0,0.0,0.0,0.0,0.0,0.0
2025-12-05,0.0,0.0,0.0,0.0,0.0,0.0
2025-12-08,0.0,0.0,0.0,0.0,0.0,0.0
2025-12-09,0.0,0.0,0.0,0.0,0.0,0.0
2025-12-10,0.0,0.0,0.0,0.0,0.0,0.0
2025-12-11,0.0,0.0,0.0,0.0,0.0,0.0
2025-12-12,0.0,0.0,0.0,0.0,0.0,0.0
2025-12-15,0.0,0.0,0.0,0.0,0.0,0.0
2025-12-16,0.0,0.0,0.0,0.0,0.0,0.0
2025-12-17,0.0,0.0,0.0,0.0,0.0,0.0
2025-12-18,0.0,0.0,0.0,0.0,0.0,0.0
2025-12-19,0.0,0.0,0.0,0.0,0.0,0.0
2025-12-22,0.0,0.0,0.0,0.0,0.0,0.0
2025-12-23,0.0,0.0,0.0,0.0,0.0,0.0
2025-12-24,0.0,0.0,0.0,0.0,0.0,0.0
2025-12-26,0.0,0.0,0.0,0.0,0.0,0.0
2025-12-29,0.0,0.0,0.0,0.0,0.0,0.0
2025-12-30,0.0,0.0,0.0,0.0,0.0,0.0
2025-12-31,0.0,0.0,0.0,0.0,0.0,0.0
2026-01-01,0.31547259567917185,0.25934699156323066,0.1613136535006859,0.05852452694584313,0.010650731902846539,2.187919984075748e-16
2026-01-02,0.0,0.0,0.0,0.0,0.0,0.0
2026-01-05,0.0,0.0,0.0,0.0,0.0,0.0
2026-01-06,0.0,0.0,0.0,0.0,0.0,0.0
2026-01-07,0.0,0.0,0.0,0.0,0.0,0.0
2026-01-08,0.0,0.0,0.0,0.0,0.0,0.0
2026-01-09,0.0,0.0,0.0,0.0,0.0,0.0
2026-01-12,0.0,0.0,0.0,0.0,0.0,0.0
2026-01-13,0.0,0.0,0.0,0.0,0.0,0.0
2026-01-14,0.0,0.0,0.0,0.0,0.0,0.0
2026-01-16,0.0,0.0,0.0,0.0,0.0,0.0
2026-01-19,0.0,0.0,0.0,0.0,0.0,0.0
2026-01-20,0.0,0.0,0.0,0.0,0.0,0.0
2026-01-21,0.0,0.0,0.0,0.0,0.0,0.0
2026-01-22,0.0,0.0,0.0,0.0,0.0,0.0
2026-01-23,0.0,0.0,0.0,0.0,0.0,0.0
2026-01-27,0.0,0.0,0.0,0.0,0.0,0.0
2026-01-28,0.0,0.0,0.0,0.0,0.0,0.0
2026-01-29,0.0,0.0,0.0,0.0,0.0,0.0
2026-01-30,0.0,0.0,0.0,0.0,0.0,0.0
2026-02-02,0.3494063038477665,0.3058891731305701,0.23256845617585883,0.12112423043586115,0.04539385024965953,1.691355389077387e-16
2026-02-03,0.0,0.0,0.0,0.0,0.0,0.0
2026-02-04,0.0,0.0,0.0,0.0,0.0,0.0
2026-02-05,0.0,0.0,0.0,0.0,0.0,0.0
2026-02-06,0.0,0.0,0.0,0.0,0.0,0.0
2026-02-09,0.0,0.0,0.0,0.0,0.0,0.0
2026-02-10,0.0,0.0,0.0,0.0,0.0,0.0
2026-02-11,0.0,0.0,0.0,0.0,0.0,0.0
2026-02-12,0.0,0.0,0.0,0.0,0.0,0.0
2026-02-13,0.0,0.0,0.0,0.0,0.0,0.0
2026-02-16,0.0,0.0,0.0,0.0,0.0,0.0
2026-02-17,0.0,0.0,0.0,0.0,0.0,0.0
2026-02-18,0.0,0.0,0.0,0.0,0.0,0.0
2026-02-19,0.0,0.0,0.0,0.0,0.0,0.0
2026-02-20,0.0,0.0,0.0,0.0,0.0,0.0
2026-02-23,0.0,0.0,0.0,0.0,0.0,0.0
2026-02-24,0.0,0.0,0.0,0.0,0.0,0.0
2026-02-25,0.0,0.0,0.0,0.0,0.0,0.0
2026-02-26,0.0,0.0,0.0,0.0,0.0,0.0
2026-02-27,0.0,0.0,0.0,0.0,0.0,0.0
2026-03-02,0.4242425490118743,0.41082914020851147,0.3684138387227388,0.20734758250781046,0.06053398197170825,9.942133921692076e-17
2026-03-04,0.0,0.0,0.0,0.0,0.0,0.0
2026-03-05,0.0,0.0,0.0,0.0,0.0,0.0
2026-03-06,0.0,0.0,0.0,0.0,0.0,0.0
2026-03-09,0.0,0.0,0.0,0.0,0.0,0.0
2026-03-10,0.0,0.0,0.0,0.0,0.0,0.0
2026-03-11,0.0,0.0,0.0,0.0,0.0,0.0
2026-03-12,0.0,0.0,0.0,0.0,0.0,0.0
2026-03-13,0.0,0.0,0.0,0.0,0.0,0.0
2026-03-16,0.0,0.0,0.0,0.0,0.0,0.0
2026-03-17,0.0,0.0,0.0,0.0,0.0,0.0
2026-03-18,0.0,0.0,0.0,0.0,0.0,0.0
2026-03-19,0.0,0.0,0.0,0.0,0.0,0.0
2026-03-20,0.0,0.0,0.0,0.0,0.0,0.0
2026-03-23,0.0,0.0,0.0,0.0,0.0,0.0
2026-03-24,0.0,0.0,0.0,0.0,0.0,0.0
2026-03-25,0.0,0.0,0.0,0.0,0.0,0.0
2026-03-27,0.0,0.0,0.0,0.0,0.0,0.0
2026-03-30,0.0,0.0,0.0,0.0,0.0,0.0
2026-04-01,0.4225152437053634,0.4195749186314016,0.4205237550519639,0.39421482126578433,0.35626187904897655,0.06202556078348511
2026-04-02,0.0,0.0,0.0,0.0,0.0,0.0
2026-04-06,0.0,0.0,0.0,0.0,0.0,0.0
2026-04-07,0.0,0.0,0.0,0.0,0.0,0.0
2026-04-08,0.0,0.0,0.0,0.0,0.0,0.0
2026-04-09,0.0,0.0,0.0,0.0,0.0,0.0
2026-04-10,0.0,0.0,0.0,0.0,0.0,0.0
2026-04-13,0.0,0.0,0.0,0.0,0.0,0.0
2026-04-15,0.0,0.0,0.0,0.0,0.0,0.0
2026-04-16,0.0,0.0,0.0,0.0,0.0,0.0
2026-04-17,0.0,0.0,0.0,0.0,0.0,0.0
2026-04-20,0.0,0.0,0.0,0.0,0.0,0.0
2026-04-21,0.0,0.0,0.0,0.0,0.0,0.0
2026-04-22,0.0,0.0,0.0,0.0,0.0,0.0
2026-04-23,0.0,0.0,0.0,0.0,0.0,0.0
2026-04-24,0.0,0.0,0.0,0.0,0.0,0.0
2026-04-27,0.0,0.0,0.0,0.0,0.0,0.0
2026-04-28,0.0,0.0,0.0,0.0,0.0,0.0
2026-04-29,0.0,0.0,0.0,0.0,0.0,0.0
2026-04-30,0.0,0.0,0.0,0.0,0.0,0.0
2026-05-04,0.3199164115999895,0.29995658593759267,0.24944387148859934,0.163569780628221,0.05868796231343671,0.014513083588577419
2026-05-05,0.0,0.0,0.0,0.0,0.0,0.0
2026-05-06,0.0,0.0,0.0,0.0,0.0,0.0
2026-05-07,0.0,0.0,0.0,0.0,0.0,0.0
2026-05-08,0.0,0.0,0.0,0.0,0.0,0.0
2026-05-11,0.0,0.0,0.0,0.0,0.0,0.0
2026-05-12,0.0,0.0,0.0,0.0,0.0,0.0
2026-05-13,0.0,0.0,0.0,0.0,0.0,0.0
2026-05-14,0.0,0.0,0.0,0.0,0.0,0.0
2026-05-15,0.0,0.0,0.0,0.0,0.0,0.0
2026-05-18,0.0,0.0,0.0,0.0,0.0,0.0
2026-05-19,0.0,0.0,0.0,0.0,0.0,0.0
2026-05-20,0.0,0.0,0.0,0.0,0.0,0.0
2026-05-21,0.0,0.0,0.0,0.0,0.0,0.0
2026-05-22,0.0,0.0,0.0,0.0,0.0,0.0
2026-05-25,0.0,0.0,0.0,0.0,0.0,0.0
2026-05-26,0.0,0.0,0.0,0.0,0.0,0.0
2026-05-27,0.0,0.0,0.0,0.0,0.0,0.0
2026-05-29,0.0,0.0,0.0,0.0,0.0,0.0
2026-06-01,0.2696499335795384,0.26243230213834823,0.2313619342845747,0.16949093394186826,0.04689973311788344,0.022801948530000598
2026-06-02,0.0,0.0,0.0,0.0,0.0,0.0
2026-06-03,0.0,0.0,0.0,0.0,0.0,0.0
2026-06-04,0.0,0.0,0.0,0.0,0.0,0.0
2026-06-05,0.0,0.0,0.0,0.0,0.0,0.0
2026-06-08,0.0,0.0,0.0,0.0,0.0,0.0
2026-06-09,0.0,0.0,0.0,0.0,0.0,0.0
2026-06-10,0.0,0.0,0.0,0.0,0.0,0.0
2026-06-11,0.0,0.0,0.0,0.0,0.0,0.0
2026-06-12,0.0,0.0,0.0,0.0,0.0,0.0
2026-06-15,0.0,0.0,0.0,0.0,0.0,0.0
2026-06-16,0.0,0.0,0.0,0.0,0.0,0.0
2026-06-17,0.0,0.0,0.0,0.0,0.0,0.0
2026-06-18,0.0,0.0,0.0,0.0,0.0,0.0
2026-06-19,0.0,0.0,0.0,0.0,0.0,0.0
2026-06-22,0.0,0.0,0.0,0.0,0.0,0.0
2026-06-23,0.0,0.0,0.0,0.0,0.0,0.0
2026-06-24,0.0,0.0,0.0,0.0,0.0,0.0
2026-06-25,0.0,0.0,0.0,0.0,0.0,0.0
2026-06-29,0.0,0.0,0.0,0.0,0.0,0.0
2026-06-30,0.0,0.0,0.0,0.0,0.0,0.0
2026-07-01,0.33064646534957554,0.30451180337385597,0.26153232335027193,0.1461267885704595,0.01880184519531069,0.0006604145853210473
2026-07-02,0.0,0.0,0.0,0.0,0.0,0.0
2026-07-03,0.0,0.0,0.0,0.0,0.0,0.0
2026-07-06,0.0,0.0,0.0,0.0,0.0,0.0
2026-07-07,0.0,0.0,0.0,0.0,0.0,0.0
2026-07-08,0.0,0.0,0.0,0.0,0.0,0.0
2026-07-09,0.0,0.0,0.0,0.0,0.0,0.0
2026-07-10,0.0,0.0,0.0,0.0,0.0,0.0
2026-07-13,0.0,0.0,0.0,0.0,0.0,0.0
2026-07-14,0.0,0.0,0.0,0.0,0.0,0.0
2026-07-15,0.0,0.0,0.0,0.0,0.0,0.0
2026-07-16,0.0,0.0,0.0,0.0,0.0,0.0
2026-07-17,0.0,0.0,0.0,0.0,0.0,0.0
2026-07-20,0.0,0.0,0.0,0.0,0.0,0.0
2026-07-21,0.0,0.0,0.0,0.0,0.0,0.0
2026-07-22,0.0,0.0,0.0,0.0,0.0,0.0
2026-07-23,0.0,0.0,0.0,0.0,0.0,0.0
2026-07-24,0.0,0.0,0.0,0.0,0.0,0.0
2026-07-27,0.0,0.0,0.0,0.0,0.0,0.0
2026-07-28,0.0,0.0,0.0,0.0,0.0,0.0
2026-07-29,0.0,0.0,0.0,0.0,0.0,0.0
2026-07-30,0.0,0.0,0.0,0.0,0.0,0.0
2026-07-31,0.0,0.0,0.0,0.0,0.0,0.0
2026-08-03,0.2598444091146138,0.23141377378499325,0.19552842563912104,0.12011667052188992,0.031191829838754348,0.008267791598694996
2026-08-04,0.0,0.0,0.0,0.0,0.0,0.0
2026-08-05,0.0,0.0,0.0,0.0,0.0,0.0
2026-08-06,0.0,0.0,0.0,0.0,0.0,0.0
2026-08-07,0.0,0.0,0.0,0.0,0.0,0.0
2026-08-10,0.0,0.0,0.0,0.0,0.0,0.0
2026-08-11,0.0,0.0,0.0,0.0,0.0,0.0
2026-08-12,0.0,0.0,0.0,0.0,0.0,0.0
2026-08-13,0.0,0.0,0.0,0.0,0.0,0.0
2026-08-14,0.0,0.0,0.0,0.0,0.0,0.0
2026-08-17,0.0,0.0,0.0,0.0,0.0,0.0
2026-08-18,0.0,0.0,0.0,0.0,0.0,0.0
2026-08-19,0.0,0.0,0.0,0.0,0.0,0.0
2026-08-20,0.0,0.0,0.0,0.0,0.0,0.0
2026-08-21,0.0,0.0,0.0,0.0,0.0,0.0
2026-08-24,0.0,0.0,0.0,0.0,0.0,0.0
2026-08-25,0.0,0.0,0.0,0.0,0.0,0.0
2026-08-26,0.0,0.0,0.0,0.0,0.0,0.0
2026-08-27,0.0,0.0,0.0,0.0,0.0,0.0
2026-08-28,0.0,0.0,0.0,0.0,0.0,0.0
2026-08-31,0.0,0.0,0.0,0.0,0.0,0.0
