Model,Asset,Mean rebalance weight,Fraction of rebalances held
Dynamic covariance MVP (matched),ADANIPORTS.NS,0.0031857051867004924,0.2
Dynamic covariance MVP (matched),APOLLOHOSP.NS,0.02706510216942851,0.6521739130434783
Dynamic covariance MVP (matched),ASIANPAINT.NS,0.0431280576956687,0.7739130434782608
Dynamic covariance MVP (matched),AXISBANK.NS,0.015759896017437103,0.4608695652173913
Dynamic covariance MVP (matched),BAJAJ-AUTO.NS,0.03569261170703685,0.6782608695652174
Dynamic covariance MVP (matched),BAJAJFINSV.NS,0.005311228401425248,0.19130434782608696
Dynamic covariance MVP (matched),BAJFINANCE.NS,0.008770116188641677,0.34782608695652173
Dynamic covariance MVP (matched),BEL.NS,0.009488541068206987,0.33043478260869563
Dynamic covariance MVP (matched),BHARTIARTL.NS,0.0260584881922835,0.6260869565217392
Dynamic covariance MVP (matched),CIPLA.NS,0.039856997681044594,0.7304347826086957
Dynamic covariance MVP (matched),COALINDIA.NS,0.03138285366737736,0.6
Dynamic covariance MVP (matched),DRREDDY.NS,0.05175567482459277,0.8434782608695652
Dynamic covariance MVP (matched),EICHERMOT.NS,0.01209664888720307,0.391304347826087
Dynamic covariance MVP (matched),GRASIM.NS,0.0060955764114172155,0.25217391304347825
Dynamic covariance MVP (matched),HCLTECH.NS,0.02852172546565645,0.591304347826087
Dynamic covariance MVP (matched),HDFCBANK.NS,0.05375245864003225,0.7652173913043478
Dynamic covariance MVP (matched),HINDALCO.NS,0.004599683861719485,0.12173913043478261
Dynamic covariance MVP (matched),HINDUNILVR.NS,0.05901637888409486,0.8956521739130435
Dynamic covariance MVP (matched),ICICIBANK.NS,0.029972153817519394,0.591304347826087
Dynamic covariance MVP (matched),INFY.NS,0.02555358508383668,0.5478260869565217
Dynamic covariance MVP (matched),ITC.NS,0.05502947327925711,0.9304347826086956
Dynamic covariance MVP (matched),JSWSTEEL.NS,0.0022583687604263623,0.14782608695652175
Dynamic covariance MVP (matched),KOTAKBANK.NS,0.030641486890205086,0.6521739130434783
Dynamic covariance MVP (matched),LT.NS,0.014864230299522073,0.4
Dynamic covariance MVP (matched),M&M.NS,0.007617353376611306,0.3217391304347826
Dynamic covariance MVP (matched),MARUTI.NS,0.027158766023465012,0.5739130434782609
Dynamic covariance MVP (matched),NESTLEIND.NS,0.05516834481876529,0.8434782608695652
Dynamic covariance MVP (matched),NTPC.NS,0.0270314224026676,0.6347826086956522
Dynamic covariance MVP (matched),ONGC.NS,0.022077806684180173,0.5478260869565217
Dynamic covariance MVP (matched),POWERGRID.NS,0.044279868441693404,0.7043478260869566
Dynamic covariance MVP (matched),RELIANCE.NS,0.02056672176721801,0.5304347826086957
Dynamic covariance MVP (matched),SBIN.NS,0.007761940102342287,0.24347826086956523
Dynamic covariance MVP (matched),SUNPHARMA.NS,0.03100416382654847,0.6260869565217392
Dynamic covariance MVP (matched),TATASTEEL.NS,0.001808954354354289,0.09565217391304348
Dynamic covariance MVP (matched),TCS.NS,0.05412416531473199,0.8
Dynamic covariance MVP (matched),TECHM.NS,0.020576619724638957,0.4782608695652174
Dynamic covariance MVP (matched),TITAN.NS,0.018964868684445073,0.4956521739130435
Dynamic covariance MVP (matched),ULTRACEMCO.NS,0.013418567437841906,0.391304347826087
Dynamic covariance MVP (matched),WIPRO.NS,0.02858339395976155,0.5565217391304348
Dynamic-factor CVaR (matched),ADANIPORTS.NS,0.0031082752121039336,0.11304347826086956
Dynamic-factor CVaR (matched),APOLLOHOSP.NS,0.027174192428882565,0.5478260869565217
Dynamic-factor CVaR (matched),ASIANPAINT.NS,0.0393507374541501,0.5826086956521739
Dynamic-factor CVaR (matched),AXISBANK.NS,0.015680073508850707,0.40869565217391307
Dynamic-factor CVaR (matched),BAJAJ-AUTO.NS,0.029303508665039172,0.5478260869565217
Dynamic-factor CVaR (matched),BAJAJFINSV.NS,0.00642478664078953,0.1391304347826087
Dynamic-factor CVaR (matched),BAJFINANCE.NS,0.008472404915570554,0.3217391304347826
Dynamic-factor CVaR (matched),BEL.NS,0.007064350213238149,0.2
Dynamic-factor CVaR (matched),BHARTIARTL.NS,0.03337486587654636,0.5739130434782609
Dynamic-factor CVaR (matched),CIPLA.NS,0.04647251902592273,0.6869565217391305
Dynamic-factor CVaR (matched),COALINDIA.NS,0.027632534122007228,0.4782608695652174
Dynamic-factor CVaR (matched),DRREDDY.NS,0.045056856760438226,0.7217391304347827
Dynamic-factor CVaR (matched),EICHERMOT.NS,0.014461465728805172,0.3391304347826087
Dynamic-factor CVaR (matched),GRASIM.NS,0.007387079994769649,0.1391304347826087
Dynamic-factor CVaR (matched),HCLTECH.NS,0.032505055985284394,0.5130434782608696
Dynamic-factor CVaR (matched),HDFCBANK.NS,0.051891025768977805,0.6869565217391305
Dynamic-factor CVaR (matched),HINDALCO.NS,0.0037917281420582253,0.10434782608695652
Dynamic-factor CVaR (matched),HINDUNILVR.NS,0.06828914860644957,0.9043478260869565
Dynamic-factor CVaR (matched),ICICIBANK.NS,0.037819553085055684,0.5652173913043478
Dynamic-factor CVaR (matched),INFY.NS,0.0337184377156996,0.5739130434782609
Dynamic-factor CVaR (matched),ITC.NS,0.04314705580902211,0.7565217391304347
Dynamic-factor CVaR (matched),JSWSTEEL.NS,0.004960051124640361,0.16521739130434782
Dynamic-factor CVaR (matched),KOTAKBANK.NS,0.024443288026551612,0.41739130434782606
Dynamic-factor CVaR (matched),LT.NS,0.018919456924647277,0.3391304347826087
Dynamic-factor CVaR (matched),M&M.NS,0.0063518594316863235,0.17391304347826086
Dynamic-factor CVaR (matched),MARUTI.NS,0.02243420883366467,0.391304347826087
Dynamic-factor CVaR (matched),NESTLEIND.NS,0.05841593716936841,0.8
Dynamic-factor CVaR (matched),NTPC.NS,0.021859788591403202,0.43478260869565216
Dynamic-factor CVaR (matched),ONGC.NS,0.01983810780380335,0.41739130434782606
Dynamic-factor CVaR (matched),POWERGRID.NS,0.045954156684465675,0.6695652173913044
Dynamic-factor CVaR (matched),RELIANCE.NS,0.019561392465408424,0.3826086956521739
Dynamic-factor CVaR (matched),SBIN.NS,0.007712172048282116,0.22608695652173913
Dynamic-factor CVaR (matched),SUNPHARMA.NS,0.034609797898182526,0.48695652173913045
Dynamic-factor CVaR (matched),TATASTEEL.NS,0.0011512437195529844,0.043478260869565216
Dynamic-factor CVaR (matched),TCS.NS,0.050405440137080475,0.7043478260869566
Dynamic-factor CVaR (matched),TECHM.NS,0.017923355489330897,0.3826086956521739
Dynamic-factor CVaR (matched),TITAN.NS,0.021947294464323495,0.4434782608695652
Dynamic-factor CVaR (matched),ULTRACEMCO.NS,0.012173387018500627,0.28695652173913044
Dynamic-factor CVaR (matched),WIPRO.NS,0.02921340650925756,0.43478260869565216
Equal weight,ADANIPORTS.NS,0.0256410256410256,1.0
Equal weight,APOLLOHOSP.NS,0.0256410256410256,1.0
Equal weight,ASIANPAINT.NS,0.0256410256410256,1.0
Equal weight,AXISBANK.NS,0.0256410256410256,1.0
Equal weight,BAJAJ-AUTO.NS,0.0256410256410256,1.0
Equal weight,BAJAJFINSV.NS,0.0256410256410256,1.0
Equal weight,BAJFINANCE.NS,0.0256410256410256,1.0
Equal weight,BEL.NS,0.0256410256410256,1.0
Equal weight,BHARTIARTL.NS,0.0256410256410256,1.0
Equal weight,CIPLA.NS,0.0256410256410256,1.0
Equal weight,COALINDIA.NS,0.0256410256410256,1.0
Equal weight,DRREDDY.NS,0.0256410256410256,1.0
Equal weight,EICHERMOT.NS,0.0256410256410256,1.0
Equal weight,GRASIM.NS,0.0256410256410256,1.0
Equal weight,HCLTECH.NS,0.0256410256410256,1.0
Equal weight,HDFCBANK.NS,0.0256410256410256,1.0
Equal weight,HINDALCO.NS,0.0256410256410256,1.0
Equal weight,HINDUNILVR.NS,0.0256410256410256,1.0
Equal weight,ICICIBANK.NS,0.0256410256410256,1.0
Equal weight,INFY.NS,0.0256410256410256,1.0
Equal weight,ITC.NS,0.0256410256410256,1.0
Equal weight,JSWSTEEL.NS,0.0256410256410256,1.0
Equal weight,KOTAKBANK.NS,0.0256410256410256,1.0
Equal weight,LT.NS,0.0256410256410256,1.0
Equal weight,M&M.NS,0.0256410256410256,1.0
Equal weight,MARUTI.NS,0.0256410256410256,1.0
Equal weight,NESTLEIND.NS,0.0256410256410256,1.0
Equal weight,NTPC.NS,0.0256410256410256,1.0
Equal weight,ONGC.NS,0.0256410256410256,1.0
Equal weight,POWERGRID.NS,0.0256410256410256,1.0
Equal weight,RELIANCE.NS,0.0256410256410256,1.0
Equal weight,SBIN.NS,0.0256410256410256,1.0
Equal weight,SUNPHARMA.NS,0.0256410256410256,1.0
Equal weight,TATASTEEL.NS,0.0256410256410256,1.0
Equal weight,TCS.NS,0.0256410256410256,1.0
Equal weight,TECHM.NS,0.0256410256410256,1.0
Equal weight,TITAN.NS,0.0256410256410256,1.0
Equal weight,ULTRACEMCO.NS,0.0256410256410256,1.0
Equal weight,WIPRO.NS,0.0256410256410256,1.0
Original covariance MVP (matched),ADANIPORTS.NS,0.0029612119722978877,0.16521739130434782
Original covariance MVP (matched),APOLLOHOSP.NS,0.027369491676598086,0.6521739130434783
Original covariance MVP (matched),ASIANPAINT.NS,0.04328429309978428,0.7652173913043478
Original covariance MVP (matched),AXISBANK.NS,0.015632825637428457,0.4608695652173913
Original covariance MVP (matched),BAJAJ-AUTO.NS,0.03550502951291882,0.6782608695652174
Original covariance MVP (matched),BAJAJFINSV.NS,0.004872012210608836,0.14782608695652175
Original covariance MVP (matched),BAJFINANCE.NS,0.007978518409239507,0.3130434782608696
Original covariance MVP (matched),BEL.NS,0.008006369475330337,0.2956521739130435
Original covariance MVP (matched),BHARTIARTL.NS,0.026407315366608414,0.6347826086956522
Original covariance MVP (matched),CIPLA.NS,0.039935890358471095,0.7391304347826086
Original covariance MVP (matched),COALINDIA.NS,0.03045830205971196,0.5739130434782609
Original covariance MVP (matched),DRREDDY.NS,0.05224137531234217,0.8434782608695652
Original covariance MVP (matched),EICHERMOT.NS,0.012528514200928586,0.3739130434782609
Original covariance MVP (matched),GRASIM.NS,0.0057182122563403034,0.21739130434782608
Original covariance MVP (matched),HCLTECH.NS,0.028904506747577552,0.5739130434782609
Original covariance MVP (matched),HDFCBANK.NS,0.0535000022456327,0.782608695652174
Original covariance MVP (matched),HINDALCO.NS,0.003917408566574324,0.13043478260869565
Original covariance MVP (matched),HINDUNILVR.NS,0.06051021595292764,0.8956521739130435
Original covariance MVP (matched),ICICIBANK.NS,0.029666083917291062,0.5652173913043478
Original covariance MVP (matched),INFY.NS,0.02677623163537161,0.591304347826087
Original covariance MVP (matched),ITC.NS,0.05629988114422299,0.9304347826086956
Original covariance MVP (matched),JSWSTEEL.NS,0.001563091849517422,0.12173913043478261
Original covariance MVP (matched),KOTAKBANK.NS,0.03153523979311563,0.6434782608695652
Original covariance MVP (matched),LT.NS,0.012631409641727149,0.34782608695652173
Original covariance MVP (matched),M&M.NS,0.007314305226005641,0.2782608695652174
Original covariance MVP (matched),MARUTI.NS,0.026971680197602894,0.591304347826087
Original covariance MVP (matched),NESTLEIND.NS,0.05704326142155711,0.8260869565217391
Original covariance MVP (matched),NTPC.NS,0.027695330898077554,0.6086956521739131
Original covariance MVP (matched),ONGC.NS,0.02220313273401634,0.5217391304347826
Original covariance MVP (matched),POWERGRID.NS,0.04565511088402599,0.7304347826086957
Original covariance MVP (matched),RELIANCE.NS,0.020017542087928226,0.4782608695652174
Original covariance MVP (matched),SBIN.NS,0.00732943004425517,0.22608695652173913
Original covariance MVP (matched),SUNPHARMA.NS,0.03189627882255403,0.6260869565217392
Original covariance MVP (matched),TATASTEEL.NS,0.0012520128155823354,0.0782608695652174
Original covariance MVP (matched),TCS.NS,0.05561585057758969,0.782608695652174
Original covariance MVP (matched),TECHM.NS,0.019714421618464362,0.46956521739130436
Original covariance MVP (matched),TITAN.NS,0.01885235956649395,0.5217391304347826
Original covariance MVP (matched),ULTRACEMCO.NS,0.013598024838583732,0.3739130434782609
Original covariance MVP (matched),WIPRO.NS,0.026637825224695332,0.5217391304347826
