Cohort,Date,Model,Effective positions (1/sum(w^2)),Gross exposure,Top five signed weights,Positions at 10% cap,Nonzero positions
Matched,2017-01-31,Dynamic covariance MVP (matched),14.882305815312074,0.9999999999999992,0.48613404607130073,4,21
Matched,2017-01-31,Dynamic-factor CVaR (matched),11.810396158747638,0.9999999999999997,0.5,7,15
Matched,2017-01-31,Equal weight,39.00000000000013,0.999999999999998,0.128205128205128,0,39
Matched,2017-01-31,Original covariance MVP (matched),14.514404528194595,0.9999999999999989,0.49088451698595326,4,21
Matched,2017-02-28,Dynamic covariance MVP (matched),17.645058826686565,0.9999999999999988,0.4023853563699144,0,25
Matched,2017-02-28,Dynamic-factor CVaR (matched),12.377688152924168,0.999999999999999,0.49118101366001765,4,19
Matched,2017-02-28,Equal weight,39.00000000000013,0.999999999999998,0.128205128205128,0,39
Matched,2017-02-28,Original covariance MVP (matched),15.708608904213966,0.9999999999999989,0.4344793368542663,1,22
Matched,2017-03-31,Dynamic covariance MVP (matched),18.39374300529897,0.999999999999999,0.3661158672527489,1,25
Matched,2017-03-31,Dynamic-factor CVaR (matched),13.686756979443379,0.999999999999998,0.4760937714936949,2,19
Matched,2017-03-31,Equal weight,39.00000000000013,0.999999999999998,0.128205128205128,0,39
Matched,2017-03-31,Original covariance MVP (matched),17.522188959134827,0.9999999999999991,0.37943977906301796,1,22
Matched,2017-04-28,Dynamic covariance MVP (matched),18.92813948389242,0.9999999999999989,0.38121854054330806,1,27
Matched,2017-04-28,Dynamic-factor CVaR (matched),14.502037505452536,0.9999999999999992,0.49562603198755517,4,22
Matched,2017-04-28,Equal weight,39.00000000000013,0.999999999999998,0.128205128205128,0,39
Matched,2017-04-28,Original covariance MVP (matched),18.007042812150946,0.9999999999999989,0.3949042241417009,1,26
Matched,2017-05-31,Dynamic covariance MVP (matched),15.037201406804591,0.9999999999999989,0.4812024162308989,3,25
Matched,2017-05-31,Dynamic-factor CVaR (matched),13.573868790782315,0.999999999999999,0.5,5,21
Matched,2017-05-31,Equal weight,39.00000000000013,0.999999999999998,0.128205128205128,0,39
Matched,2017-05-31,Original covariance MVP (matched),15.66073118601366,0.9999999999999989,0.47404560738122803,2,26
Matched,2017-06-30,Dynamic covariance MVP (matched),18.837267370339212,0.9999999999999984,0.4014985864625466,0,32
Matched,2017-06-30,Dynamic-factor CVaR (matched),14.283341154929962,0.9999999999999986,0.4865021565224442,3,22
Matched,2017-06-30,Equal weight,39.00000000000013,0.999999999999998,0.128205128205128,0,39
Matched,2017-06-30,Original covariance MVP (matched),17.459804400628904,0.9999999999999984,0.42395585384546697,1,28
Matched,2017-07-31,Dynamic covariance MVP (matched),19.549802895400124,0.999999999999999,0.3472438516960041,1,27
Matched,2017-07-31,Dynamic-factor CVaR (matched),15.244133443412858,0.9999999999999991,0.4471046874475575,2,23
Matched,2017-07-31,Equal weight,39.00000000000013,0.999999999999998,0.128205128205128,0,39
Matched,2017-07-31,Original covariance MVP (matched),18.427160181340277,0.999999999999999,0.36250099481393416,1,26
Matched,2017-08-31,Dynamic covariance MVP (matched),14.405372138784536,0.9999999999999991,0.4738050846073525,2,20
Matched,2017-08-31,Dynamic-factor CVaR (matched),14.273751627391581,0.9999999999999991,0.42787291681107076,1,18
Matched,2017-08-31,Equal weight,39.00000000000013,0.999999999999998,0.128205128205128,0,39
Matched,2017-08-31,Original covariance MVP (matched),16.58645458366094,0.9999999999999989,0.4202632147027172,0,22
Matched,2017-09-29,Dynamic covariance MVP (matched),15.069750291656263,0.999999999999999,0.4503517075470589,2,21
Matched,2017-09-29,Dynamic-factor CVaR (matched),14.497289875492939,1.0000000000000318,0.4663879501886766,2,19
Matched,2017-09-29,Equal weight,39.00000000000013,0.999999999999998,0.128205128205128,0,39
Matched,2017-09-29,Original covariance MVP (matched),16.220401912350543,0.999999999999999,0.4210363653869972,2,22
Matched,2017-10-31,Dynamic covariance MVP (matched),19.91802491046157,0.9999999999999988,0.3766605202132265,0,29
Matched,2017-10-31,Dynamic-factor CVaR (matched),13.128912781495794,0.9999999999999994,0.5,5,18
Matched,2017-10-31,Equal weight,39.00000000000013,0.999999999999998,0.128205128205128,0,39
Matched,2017-10-31,Original covariance MVP (matched),15.298571719103604,0.999999999999999,0.4566957587671444,3,22
Matched,2017-11-30,Dynamic covariance MVP (matched),19.040399231650266,0.9999999999999987,0.38028138691465374,0,26
Matched,2017-11-30,Dynamic-factor CVaR (matched),15.132492710094073,0.9999999999999988,0.45225841327533434,1,21
Matched,2017-11-30,Equal weight,39.00000000000013,0.999999999999998,0.128205128205128,0,39
Matched,2017-11-30,Original covariance MVP (matched),17.624005114900218,0.9999999999999987,0.40585457749839515,1,24
Matched,2017-12-29,Dynamic covariance MVP (matched),17.380176525280714,0.9999999999999989,0.44460789370986076,1,29
Matched,2017-12-29,Dynamic-factor CVaR (matched),14.287465623428506,0.9999999999997118,0.4374965893928945,1,18
Matched,2017-12-29,Equal weight,39.00000000000013,0.999999999999998,0.128205128205128,0,39
Matched,2017-12-29,Original covariance MVP (matched),16.338357905638443,0.9999999999999987,0.4653292055590238,2,27
Matched,2018-01-31,Dynamic covariance MVP (matched),15.79347441803707,0.9999999999999987,0.44649773016781646,2,27
Matched,2018-01-31,Dynamic-factor CVaR (matched),13.367992885108285,0.9999999999999991,0.4709977387455162,3,18
Matched,2018-01-31,Equal weight,39.00000000000013,0.999999999999998,0.128205128205128,0,39
Matched,2018-01-31,Original covariance MVP (matched),14.949407386267179,0.9999999999999988,0.4602027172699221,2,26
Matched,2018-02-28,Dynamic covariance MVP (matched),12.171281520964563,0.9999999999999992,0.4899683578321876,4,17
Matched,2018-02-28,Dynamic-factor CVaR (matched),13.9444198221751,1.000000000000002,0.47902601123109245,4,20
Matched,2018-02-28,Equal weight,39.00000000000013,0.999999999999998,0.128205128205128,0,39
Matched,2018-02-28,Original covariance MVP (matched),12.656266019352888,0.9999999999999993,0.487792637427629,4,19
Matched,2018-03-28,Dynamic covariance MVP (matched),13.330396268752086,0.9999999999999993,0.4836450937609208,3,18
Matched,2018-03-28,Dynamic-factor CVaR (matched),11.86992468610218,0.9999999999999997,0.5,7,16
Matched,2018-03-28,Equal weight,39.00000000000013,0.999999999999998,0.128205128205128,0,39
Matched,2018-03-28,Original covariance MVP (matched),13.551111187854527,0.9999999999999993,0.47796526956542007,3,18
Matched,2018-04-30,Dynamic covariance MVP (matched),16.674192814425023,0.999999999999999,0.4097128596660702,2,23
Matched,2018-04-30,Dynamic-factor CVaR (matched),13.058214396222489,1.0000000000001197,0.4997462955492046,4,22
Matched,2018-04-30,Equal weight,39.00000000000013,0.999999999999998,0.128205128205128,0,39
Matched,2018-04-30,Original covariance MVP (matched),15.479933784398638,0.9999999999999989,0.4415934779251356,2,23
Matched,2018-05-31,Dynamic covariance MVP (matched),15.421049873742795,0.9999999999999992,0.4461103954060308,1,23
Matched,2018-05-31,Dynamic-factor CVaR (matched),13.330935679376056,1.0000000000000004,0.4766658866132738,3,17
Matched,2018-05-31,Equal weight,39.00000000000013,0.999999999999998,0.128205128205128,0,39
Matched,2018-05-31,Original covariance MVP (matched),14.861230484230258,0.999999999999999,0.45967222649437134,1,22
Matched,2018-06-29,Dynamic covariance MVP (matched),13.990447187525799,0.9999999999999992,0.48557500284908894,3,18
Matched,2018-06-29,Dynamic-factor CVaR (matched),13.176495386004653,0.999999999999999,0.482901305435111,4,20
Matched,2018-06-29,Equal weight,39.00000000000013,0.999999999999998,0.128205128205128,0,39
Matched,2018-06-29,Original covariance MVP (matched),14.009693098767901,0.9999999999999992,0.48047103122031143,2,20
Matched,2018-07-31,Dynamic covariance MVP (matched),14.331056711551927,0.9999999999999993,0.4787050473579303,4,20
Matched,2018-07-31,Dynamic-factor CVaR (matched),14.982236335961781,1.000000000000001,0.464825526776363,4,21
Matched,2018-07-31,Equal weight,39.00000000000013,0.999999999999998,0.128205128205128,0,39
Matched,2018-07-31,Original covariance MVP (matched),14.953779829075145,0.9999999999999989,0.4670804501725253,3,21
Matched,2018-08-31,Dynamic covariance MVP (matched),18.434601290907153,0.999999999999999,0.39503993204916155,1,29
Matched,2018-08-31,Dynamic-factor CVaR (matched),14.546743554398441,0.9999999999999988,0.47433785628770364,3,22
Matched,2018-08-31,Equal weight,39.00000000000013,0.999999999999998,0.128205128205128,0,39
Matched,2018-08-31,Original covariance MVP (matched),16.26725899356977,0.9999999999999989,0.4263746714793788,2,25
Matched,2018-09-28,Dynamic covariance MVP (matched),12.911874882769188,0.9999999999999991,0.5,5,19
Matched,2018-09-28,Dynamic-factor CVaR (matched),14.296685642560895,0.9999999999999994,0.4724092822685729,3,20
Matched,2018-09-28,Equal weight,39.00000000000013,0.999999999999998,0.128205128205128,0,39
Matched,2018-09-28,Original covariance MVP (matched),13.574381049181913,0.9999999999999997,0.5,5,19
Matched,2018-10-31,Dynamic covariance MVP (matched),11.672287631483956,0.9999999999999996,0.5,7,15
Matched,2018-10-31,Dynamic-factor CVaR (matched),13.500567704005164,1.000000000000001,0.5,5,18
Matched,2018-10-31,Equal weight,39.00000000000013,0.999999999999998,0.128205128205128,0,39
Matched,2018-10-31,Original covariance MVP (matched),12.757480614280182,0.9999999999999992,0.4999999999999998,5,16
Matched,2018-11-30,Dynamic covariance MVP (matched),13.098752601946254,0.999999999999999,0.4999999999999999,5,18
Matched,2018-11-30,Dynamic-factor CVaR (matched),12.336742493625612,0.9999999999999991,0.5,6,19
Matched,2018-11-30,Equal weight,39.00000000000013,0.999999999999998,0.128205128205128,0,39
Matched,2018-11-30,Original covariance MVP (matched),12.889630005472263,0.9999999999999997,0.5,5,17
Matched,2018-12-31,Dynamic covariance MVP (matched),12.598304608708924,0.9999999999999996,0.5,6,19
Matched,2018-12-31,Dynamic-factor CVaR (matched),12.683624326101544,0.9999999999999991,0.5,5,20
Matched,2018-12-31,Equal weight,39.00000000000013,0.999999999999998,0.128205128205128,0,39
Matched,2018-12-31,Original covariance MVP (matched),12.28325017126202,0.9999999999999997,0.5,6,16
Matched,2019-01-31,Dynamic covariance MVP (matched),13.11515723719442,0.999999999999999,0.4780948982339045,3,19
Matched,2019-01-31,Dynamic-factor CVaR (matched),13.660840374872508,0.9999999999999996,0.4779897180413597,3,19
Matched,2019-01-31,Equal weight,39.00000000000013,0.999999999999998,0.128205128205128,0,39
Matched,2019-01-31,Original covariance MVP (matched),12.486830101530254,0.9999999999999994,0.5,5,18
Matched,2019-02-28,Dynamic covariance MVP (matched),14.594026648535493,0.9999999999999993,0.4564252553365563,3,21
Matched,2019-02-28,Dynamic-factor CVaR (matched),13.136414519044148,0.9999999999999403,0.4801753531607841,3,17
Matched,2019-02-28,Equal weight,39.00000000000013,0.999999999999998,0.128205128205128,0,39
Matched,2019-02-28,Original covariance MVP (matched),13.468333304216243,0.9999999999999992,0.476043137700246,3,17
Matched,2019-03-28,Dynamic covariance MVP (matched),15.868292256950564,0.9999999999999989,0.4201699492991322,1,22
Matched,2019-03-28,Dynamic-factor CVaR (matched),12.861198136533373,0.9999999999999991,0.4961232911555161,4,19
Matched,2019-03-28,Equal weight,39.00000000000013,0.999999999999998,0.128205128205128,0,39
Matched,2019-03-28,Original covariance MVP (matched),14.274284774461833,0.9999999999999991,0.44975571514849655,1,19
Matched,2019-04-30,Dynamic covariance MVP (matched),15.457214769319927,0.9999999999999988,0.4328191335458744,1,26
Matched,2019-04-30,Dynamic-factor CVaR (matched),13.98207848578049,0.9999999999999992,0.45932399833187376,3,18
Matched,2019-04-30,Equal weight,39.00000000000013,0.999999999999998,0.128205128205128,0,39
Matched,2019-04-30,Original covariance MVP (matched),13.913025786923447,0.9999999999999993,0.46612274875089776,1,21
Matched,2019-05-31,Dynamic covariance MVP (matched),12.506946334298629,0.9999999999999992,0.4921051976247688,3,18
Matched,2019-05-31,Dynamic-factor CVaR (matched),13.120827208277209,0.9999999999999996,0.5,5,17
Matched,2019-05-31,Equal weight,39.00000000000013,0.999999999999998,0.128205128205128,0,39
Matched,2019-05-31,Original covariance MVP (matched),13.059534412804071,0.9999999999999993,0.4846419885893203,3,20
Matched,2019-06-28,Dynamic covariance MVP (matched),13.815770871998092,0.999999999999999,0.5,5,22
Matched,2019-06-28,Dynamic-factor CVaR (matched),13.16517120223161,0.9999999999999788,0.4952310392064635,4,19
Matched,2019-06-28,Equal weight,39.00000000000013,0.999999999999998,0.128205128205128,0,39
Matched,2019-06-28,Original covariance MVP (matched),13.45585325799511,0.9999999999999992,0.5,5,21
Matched,2019-07-31,Dynamic covariance MVP (matched),12.8102510110905,0.9999999999999992,0.4962641919492008,4,17
Matched,2019-07-31,Dynamic-factor CVaR (matched),13.621536958499117,1.000000000000006,0.49910747743154893,4,19
Matched,2019-07-31,Equal weight,39.00000000000013,0.999999999999998,0.128205128205128,0,39
Matched,2019-07-31,Original covariance MVP (matched),13.124098248000617,0.9999999999999996,0.4904560772092408,4,18
Matched,2019-08-30,Dynamic covariance MVP (matched),13.143810863710694,0.9999999999999994,0.47653076160065555,3,18
Matched,2019-08-30,Dynamic-factor CVaR (matched),13.913016445318448,0.9999999999999983,0.46687323152137117,3,17
Matched,2019-08-30,Equal weight,39.00000000000013,0.999999999999998,0.128205128205128,0,39
Matched,2019-08-30,Original covariance MVP (matched),13.418547374286423,0.9999999999999994,0.4703818962018542,2,18
Matched,2019-09-30,Dynamic covariance MVP (matched),12.901963323561615,0.9999999999999994,0.5,5,16
Matched,2019-09-30,Dynamic-factor CVaR (matched),12.95028814791882,0.9999999999999998,0.48575466771520404,4,15
Matched,2019-09-30,Equal weight,39.00000000000013,0.999999999999998,0.128205128205128,0,39
Matched,2019-09-30,Original covariance MVP (matched),13.047912088027058,0.9999999999999997,0.49938180803810894,4,16
Matched,2019-10-31,Dynamic covariance MVP (matched),12.71793702644279,0.9999999999999993,0.4999999999999999,5,17
Matched,2019-10-31,Dynamic-factor CVaR (matched),12.34832526199245,0.9999999999999921,0.5,5,16
Matched,2019-10-31,Equal weight,39.00000000000013,0.999999999999998,0.128205128205128,0,39
Matched,2019-10-31,Original covariance MVP (matched),12.475199911720443,0.9999999999999994,0.5,5,17
Matched,2019-11-29,Dynamic covariance MVP (matched),13.996797994529706,0.9999999999999992,0.4692592675559709,3,22
Matched,2019-11-29,Dynamic-factor CVaR (matched),11.779449758568838,0.9999999999999999,0.5,5,15
Matched,2019-11-29,Equal weight,39.00000000000013,0.999999999999998,0.128205128205128,0,39
Matched,2019-11-29,Original covariance MVP (matched),11.988448238681297,0.9999999999999993,0.5,5,21
Matched,2019-12-31,Dynamic covariance MVP (matched),24.567522211137373,0.9999999999999983,0.2857327068137629,0,33
Matched,2019-12-31,Dynamic-factor CVaR (matched),14.168501091775958,0.9999999999999993,0.4881509688524981,4,22
Matched,2019-12-31,Equal weight,39.00000000000013,0.999999999999998,0.128205128205128,0,39
Matched,2019-12-31,Original covariance MVP (matched),16.93741272877783,0.999999999999999,0.41751328730691717,1,25
Matched,2020-01-31,Dynamic covariance MVP (matched),15.00857428036673,0.9999999999999991,0.46791507097786866,2,22
Matched,2020-01-31,Dynamic-factor CVaR (matched),13.6932057275619,0.9999999999999992,0.4763912367534313,4,18
Matched,2020-01-31,Equal weight,39.00000000000013,0.999999999999998,0.128205128205128,0,39
Matched,2020-01-31,Original covariance MVP (matched),15.184830116831575,0.999999999999999,0.4673176427061596,2,23
Matched,2020-02-28,Dynamic covariance MVP (matched),11.630535504102857,0.9999999999999996,0.5,7,16
Matched,2020-02-28,Dynamic-factor CVaR (matched),12.840222445928836,0.9999999999999997,0.5,5,18
Matched,2020-02-28,Equal weight,39.00000000000013,0.999999999999998,0.128205128205128,0,39
Matched,2020-02-28,Original covariance MVP (matched),13.209082824867131,0.9999999999999994,0.4887771312479241,4,17
Matched,2020-03-31,Dynamic covariance MVP (matched),11.207482891484066,0.9999999999999994,0.5,8,14
Matched,2020-03-31,Dynamic-factor CVaR (matched),10.731381860985897,0.9999999999999987,0.5,9,13
Matched,2020-03-31,Equal weight,39.00000000000013,0.999999999999998,0.128205128205128,0,39
Matched,2020-03-31,Original covariance MVP (matched),11.395160152769266,0.9999999999999998,0.5,8,14
Matched,2020-04-30,Dynamic covariance MVP (matched),10.000000000000009,0.9999999999999997,0.5,10,10
Matched,2020-04-30,Dynamic-factor CVaR (matched),10.668686187681274,0.9999999999999982,0.5,9,12
Matched,2020-04-30,Equal weight,39.00000000000013,0.999999999999998,0.128205128205128,0,39
Matched,2020-04-30,Original covariance MVP (matched),10.482711095670217,0.9999999999999996,0.4999999999999998,9,12
Matched,2020-05-29,Dynamic covariance MVP (matched),11.37003094450379,0.9999999999999996,0.4999999999999998,7,13
Matched,2020-05-29,Dynamic-factor CVaR (matched),10.97552948236542,0.9999999999999999,0.5,8,12
Matched,2020-05-29,Equal weight,39.00000000000013,0.999999999999998,0.128205128205128,0,39
Matched,2020-05-29,Original covariance MVP (matched),10.988908558675018,0.9999999999999993,0.4999999999999998,7,13
Matched,2020-06-30,Dynamic covariance MVP (matched),14.511420811424376,0.9999999999999993,0.4665948474061187,2,19
Matched,2020-06-30,Dynamic-factor CVaR (matched),11.27775470189432,0.9999999999999999,0.5,7,13
Matched,2020-06-30,Equal weight,39.00000000000013,0.999999999999998,0.128205128205128,0,39
Matched,2020-06-30,Original covariance MVP (matched),12.213424231401929,0.9999999999999992,0.4999999999999999,5,16
Matched,2020-07-31,Dynamic covariance MVP (matched),13.90414361239263,0.9999999999999989,0.4847566259561259,3,22
Matched,2020-07-31,Dynamic-factor CVaR (matched),11.77021838994123,1.0000000000000009,0.5,7,16
Matched,2020-07-31,Equal weight,39.00000000000013,0.999999999999998,0.128205128205128,0,39
Matched,2020-07-31,Original covariance MVP (matched),11.863704270658543,0.9999999999999993,0.5,6,18
Matched,2020-08-31,Dynamic covariance MVP (matched),13.247787346619067,0.9999999999999993,0.4802984313376578,2,18
Matched,2020-08-31,Dynamic-factor CVaR (matched),11.55446266924756,0.9999999999996044,0.5,8,16
Matched,2020-08-31,Equal weight,39.00000000000013,0.999999999999998,0.128205128205128,0,39
Matched,2020-08-31,Original covariance MVP (matched),13.149519513552924,0.9999999999999992,0.4954106008393774,4,18
Matched,2020-09-30,Dynamic covariance MVP (matched),11.667008720045436,0.9999999999999996,0.5,5,15
Matched,2020-09-30,Dynamic-factor CVaR (matched),11.38123358402983,0.9999999999999968,0.5,7,16
Matched,2020-09-30,Equal weight,39.00000000000013,0.999999999999998,0.128205128205128,0,39
Matched,2020-09-30,Original covariance MVP (matched),13.332460546679512,0.999999999999999,0.4800161949604652,3,17
Matched,2020-10-30,Dynamic covariance MVP (matched),14.552712249631044,0.999999999999999,0.45397400035292423,2,19
Matched,2020-10-30,Dynamic-factor CVaR (matched),12.264941460691592,0.9999999999999998,0.5,6,16
Matched,2020-10-30,Equal weight,39.00000000000013,0.999999999999998,0.128205128205128,0,39
Matched,2020-10-30,Original covariance MVP (matched),14.540197322616546,0.9999999999999993,0.44720919324705244,2,19
Matched,2020-11-27,Dynamic covariance MVP (matched),14.397090341921697,0.9999999999999994,0.4589809068198547,3,19
Matched,2020-11-27,Dynamic-factor CVaR (matched),11.53344695460644,1.0000000000000004,0.5,6,15
Matched,2020-11-27,Equal weight,39.00000000000013,0.999999999999998,0.128205128205128,0,39
Matched,2020-11-27,Original covariance MVP (matched),14.281627611917317,0.9999999999999988,0.4543845188601249,2,20
Matched,2020-12-31,Dynamic covariance MVP (matched),12.935420116607553,0.9999999999999992,0.5,6,20
Matched,2020-12-31,Dynamic-factor CVaR (matched),11.461168641962562,0.9999999999999998,0.5,7,16
Matched,2020-12-31,Equal weight,39.00000000000013,0.999999999999998,0.128205128205128,0,39
Matched,2020-12-31,Original covariance MVP (matched),12.995362516652543,0.9999999999999992,0.4963252705676726,4,19
Matched,2021-01-29,Dynamic covariance MVP (matched),13.054323279109138,0.9999999999999996,0.4903184491814626,3,17
Matched,2021-01-29,Dynamic-factor CVaR (matched),12.213026212793086,0.9999999999999994,0.5,6,16
Matched,2021-01-29,Equal weight,39.00000000000013,0.999999999999998,0.128205128205128,0,39
Matched,2021-01-29,Original covariance MVP (matched),13.664496752442783,0.9999999999999993,0.4882390518424117,3,18
Matched,2021-02-26,Dynamic covariance MVP (matched),12.496561932606946,0.9999999999999997,0.4953680947906419,4,15
Matched,2021-02-26,Dynamic-factor CVaR (matched),11.073769266415937,0.9999999999999998,0.5,6,12
Matched,2021-02-26,Equal weight,39.00000000000013,0.999999999999998,0.128205128205128,0,39
Matched,2021-02-26,Original covariance MVP (matched),13.296602330753437,0.9999999999999991,0.4761180631467228,3,19
Matched,2021-03-31,Dynamic covariance MVP (matched),11.855648625735963,0.9999999999999996,0.5,6,16
Matched,2021-03-31,Dynamic-factor CVaR (matched),12.07364384537668,1.000000000000003,0.5,6,15
Matched,2021-03-31,Equal weight,39.00000000000013,0.999999999999998,0.128205128205128,0,39
Matched,2021-03-31,Original covariance MVP (matched),12.937152222729477,0.9999999999999994,0.5,5,18
Matched,2021-04-30,Dynamic covariance MVP (matched),12.017690189973967,0.9999999999999996,0.5,7,16
Matched,2021-04-30,Dynamic-factor CVaR (matched),11.479816443464259,0.9999999999999998,0.5,6,14
Matched,2021-04-30,Equal weight,39.00000000000013,0.999999999999998,0.128205128205128,0,39
Matched,2021-04-30,Original covariance MVP (matched),12.330938979249142,0.9999999999999996,0.5,7,17
Matched,2021-05-31,Dynamic covariance MVP (matched),14.68155580387211,0.999999999999999,0.4605623791430976,1,21
Matched,2021-05-31,Dynamic-factor CVaR (matched),13.120258262146072,0.9999999999999991,0.4908264010180525,4,19
Matched,2021-05-31,Equal weight,39.00000000000013,0.999999999999998,0.128205128205128,0,39
Matched,2021-05-31,Original covariance MVP (matched),12.927009140605726,0.9999999999999991,0.494044340612804,4,18
Matched,2021-06-30,Dynamic covariance MVP (matched),18.421253390632426,0.9999999999999986,0.4127798388747567,0,29
Matched,2021-06-30,Dynamic-factor CVaR (matched),14.21823700836993,0.9999999999999991,0.4745399378771382,3,22
Matched,2021-06-30,Equal weight,39.00000000000013,0.999999999999998,0.128205128205128,0,39
Matched,2021-06-30,Original covariance MVP (matched),15.069757904296385,0.9999999999999993,0.48278154030875065,4,24
Matched,2021-07-30,Dynamic covariance MVP (matched),22.01686601918216,0.9999999999999988,0.34927857309133714,0,30
Matched,2021-07-30,Dynamic-factor CVaR (matched),18.89852364461352,1.0000000000001135,0.37321948837503793,1,27
Matched,2021-07-30,Equal weight,39.00000000000013,0.999999999999998,0.128205128205128,0,39
Matched,2021-07-30,Original covariance MVP (matched),21.489627414648144,0.9999999999999986,0.36055489003365,0,30
Matched,2021-08-31,Dynamic covariance MVP (matched),17.216321720170225,0.999999999999999,0.4051167611951655,2,25
Matched,2021-08-31,Dynamic-factor CVaR (matched),16.00367970152856,0.9999999999999993,0.43260033351282423,3,23
Matched,2021-08-31,Equal weight,39.00000000000013,0.999999999999998,0.128205128205128,0,39
Matched,2021-08-31,Original covariance MVP (matched),18.834570018826884,0.999999999999999,0.3766490493659266,1,27
Matched,2021-09-30,Dynamic covariance MVP (matched),16.583860804175483,0.999999999999999,0.44467972346074824,2,26
Matched,2021-09-30,Dynamic-factor CVaR (matched),14.100905898789081,1.0000000000000335,0.49267238906356503,4,24
Matched,2021-09-30,Equal weight,39.00000000000013,0.999999999999998,0.128205128205128,0,39
Matched,2021-09-30,Original covariance MVP (matched),17.35796967163068,0.9999999999999988,0.4241001289554809,1,28
Matched,2021-10-29,Dynamic covariance MVP (matched),15.187923422536443,0.9999999999999992,0.460352243396414,3,20
Matched,2021-10-29,Dynamic-factor CVaR (matched),13.3692451572343,1.0000000000000018,0.4905755767180904,4,19
Matched,2021-10-29,Equal weight,39.00000000000013,0.999999999999998,0.128205128205128,0,39
Matched,2021-10-29,Original covariance MVP (matched),15.610989853570919,0.9999999999999991,0.46134354232839014,3,22
Matched,2021-11-30,Dynamic covariance MVP (matched),12.155986687980453,0.9999999999999996,0.5,6,16
Matched,2021-11-30,Dynamic-factor CVaR (matched),12.336658889619414,0.999999999999998,0.4952023938983925,4,15
Matched,2021-11-30,Equal weight,39.00000000000013,0.999999999999998,0.128205128205128,0,39
Matched,2021-11-30,Original covariance MVP (matched),12.797206957405766,0.9999999999999997,0.5,5,17
Matched,2021-12-31,Dynamic covariance MVP (matched),13.5856659437672,0.9999999999999993,0.4881248720356941,4,19
Matched,2021-12-31,Dynamic-factor CVaR (matched),11.801057012345762,0.9999999999999997,0.5,5,13
Matched,2021-12-31,Equal weight,39.00000000000013,0.999999999999998,0.128205128205128,0,39
Matched,2021-12-31,Original covariance MVP (matched),13.807770458284,0.999999999999999,0.4882616475075531,3,21
Matched,2022-01-31,Dynamic covariance MVP (matched),12.83551784877197,0.9999999999999991,0.49986531810391677,4,18
Matched,2022-01-31,Dynamic-factor CVaR (matched),11.728237943426238,0.9999999999999998,0.5,6,15
Matched,2022-01-31,Equal weight,39.00000000000013,0.999999999999998,0.128205128205128,0,39
Matched,2022-01-31,Original covariance MVP (matched),14.123215285600477,0.9999999999999994,0.48354421457283514,4,20
Matched,2022-02-28,Dynamic covariance MVP (matched),10.524374019458845,0.9999999999999997,0.5,9,11
Matched,2022-02-28,Dynamic-factor CVaR (matched),11.447951031291055,1.0000000000000515,0.5,7,13
Matched,2022-02-28,Equal weight,39.00000000000013,0.999999999999998,0.128205128205128,0,39
Matched,2022-02-28,Original covariance MVP (matched),10.937463478604183,0.9999999999999994,0.5,8,15
Matched,2022-03-31,Dynamic covariance MVP (matched),12.958532825370714,0.9999999999999994,0.48752436114819475,4,17
Matched,2022-03-31,Dynamic-factor CVaR (matched),10.933596384613372,0.9999999999999999,0.5,8,13
Matched,2022-03-31,Equal weight,39.00000000000013,0.999999999999998,0.128205128205128,0,39
Matched,2022-03-31,Original covariance MVP (matched),12.289711490337902,0.9999999999999993,0.49872555852212763,4,18
Matched,2022-04-29,Dynamic covariance MVP (matched),13.207666856795273,0.9999999999999992,0.48913017126801683,4,18
Matched,2022-04-29,Dynamic-factor CVaR (matched),10.668243321456021,0.9999999999999976,0.5,9,13
Matched,2022-04-29,Equal weight,39.00000000000013,0.999999999999998,0.128205128205128,0,39
Matched,2022-04-29,Original covariance MVP (matched),13.264132319849487,0.9999999999999992,0.4899879611707276,3,18
Matched,2022-05-31,Dynamic covariance MVP (matched),12.752565048098129,0.9999999999999996,0.5,5,17
Matched,2022-05-31,Dynamic-factor CVaR (matched),10.809339089080693,0.9999999999999997,0.5,6,12
Matched,2022-05-31,Equal weight,39.00000000000013,0.999999999999998,0.128205128205128,0,39
Matched,2022-05-31,Original covariance MVP (matched),11.93739614501965,0.9999999999999999,0.5,5,16
Matched,2022-06-30,Dynamic covariance MVP (matched),11.935218577595474,0.9999999999999996,0.5,6,17
Matched,2022-06-30,Dynamic-factor CVaR (matched),11.583492036543635,0.9999999999999986,0.5,6,15
Matched,2022-06-30,Equal weight,39.00000000000013,0.999999999999998,0.128205128205128,0,39
Matched,2022-06-30,Original covariance MVP (matched),12.017873016877159,0.9999999999999993,0.5,6,18
Matched,2022-07-29,Dynamic covariance MVP (matched),13.687517079572952,0.9999999999999993,0.5,5,22
Matched,2022-07-29,Dynamic-factor CVaR (matched),11.039369870671004,1.0000000000000038,0.5,8,14
Matched,2022-07-29,Equal weight,39.00000000000013,0.999999999999998,0.128205128205128,0,39
Matched,2022-07-29,Original covariance MVP (matched),12.790910176603761,0.9999999999999992,0.5,6,18
Matched,2022-08-30,Dynamic covariance MVP (matched),12.740502754163439,0.9999999999999991,0.495996856103324,3,19
Matched,2022-08-30,Dynamic-factor CVaR (matched),10.981531593993438,0.9999999999999999,0.5,7,13
Matched,2022-08-30,Equal weight,39.00000000000013,0.999999999999998,0.128205128205128,0,39
Matched,2022-08-30,Original covariance MVP (matched),12.703248119579046,0.9999999999999992,0.49908768839787054,4,18
Matched,2022-09-30,Dynamic covariance MVP (matched),12.765951703555038,0.9999999999999993,0.4815047941439252,3,19
Matched,2022-09-30,Dynamic-factor CVaR (matched),11.88685295376149,0.9999999999999872,0.4989489999458163,4,15
Matched,2022-09-30,Equal weight,39.00000000000013,0.999999999999998,0.128205128205128,0,39
Matched,2022-09-30,Original covariance MVP (matched),13.794260229860006,0.9999999999999992,0.4855975590609286,3,19
Matched,2022-10-31,Dynamic covariance MVP (matched),15.816620058315362,0.9999999999999989,0.4518738364896525,2,23
Matched,2022-10-31,Dynamic-factor CVaR (matched),12.59161258520229,0.9999999999999999,0.5,5,16
Matched,2022-10-31,Equal weight,39.00000000000013,0.999999999999998,0.128205128205128,0,39
Matched,2022-10-31,Original covariance MVP (matched),15.306877232828041,0.999999999999999,0.4443033394151683,2,23
Matched,2022-11-30,Dynamic covariance MVP (matched),17.322943731576633,0.9999999999999988,0.38749325366736487,0,29
Matched,2022-11-30,Dynamic-factor CVaR (matched),12.93503541962748,0.9999999999999993,0.4960895995103689,4,16
Matched,2022-11-30,Equal weight,39.00000000000013,0.999999999999998,0.128205128205128,0,39
Matched,2022-11-30,Original covariance MVP (matched),14.355300515106437,0.9999999999999991,0.45379448800425337,2,21
Matched,2022-12-30,Dynamic covariance MVP (matched),16.481831346119826,0.9999999999999989,0.4269655580848394,1,25
Matched,2022-12-30,Dynamic-factor CVaR (matched),13.428071971189159,0.9999999999999992,0.5,5,20
Matched,2022-12-30,Equal weight,39.00000000000013,0.999999999999998,0.128205128205128,0,39
Matched,2022-12-30,Original covariance MVP (matched),16.2732384142139,0.999999999999999,0.42894405262741253,1,26
Matched,2023-01-31,Dynamic covariance MVP (matched),17.057400262810788,0.9999999999999989,0.4202548430476647,2,26
Matched,2023-01-31,Dynamic-factor CVaR (matched),13.298248457570631,0.9999999999999998,0.5,5,20
Matched,2023-01-31,Equal weight,39.00000000000013,0.999999999999998,0.128205128205128,0,39
Matched,2023-01-31,Original covariance MVP (matched),15.569419639707887,0.999999999999999,0.44322793880001565,1,23
Matched,2023-02-28,Dynamic covariance MVP (matched),17.501336046228314,0.999999999999999,0.36968116110051935,0,21
Matched,2023-02-28,Dynamic-factor CVaR (matched),12.53119183894325,0.999999999999999,0.5,6,16
Matched,2023-02-28,Equal weight,39.00000000000013,0.999999999999998,0.128205128205128,0,39
Matched,2023-02-28,Original covariance MVP (matched),16.60318296448498,0.999999999999999,0.3913132816998496,0,21
Matched,2023-03-31,Dynamic covariance MVP (matched),14.30121316028891,0.999999999999999,0.4336547525726871,0,20
Matched,2023-03-31,Dynamic-factor CVaR (matched),12.358625803109636,0.9999999999999989,0.5,5,19
Matched,2023-03-31,Equal weight,39.00000000000013,0.999999999999998,0.128205128205128,0,39
Matched,2023-03-31,Original covariance MVP (matched),15.590877298580478,0.9999999999999989,0.4055581653107042,0,22
Matched,2023-04-28,Dynamic covariance MVP (matched),17.12900721817096,0.9999999999999988,0.41176762054581173,2,29
Matched,2023-04-28,Dynamic-factor CVaR (matched),14.936855524707685,0.9999999999999991,0.42974801114427397,2,20
Matched,2023-04-28,Equal weight,39.00000000000013,0.999999999999998,0.128205128205128,0,39
Matched,2023-04-28,Original covariance MVP (matched),15.762965993301046,0.9999999999999988,0.4333711327719848,2,24
Matched,2023-05-31,Dynamic covariance MVP (matched),22.5311530605861,0.9999999999999986,0.3252413331205197,0,32
Matched,2023-05-31,Dynamic-factor CVaR (matched),13.553079298098693,0.9999999999999993,0.46763175975000215,2,17
Matched,2023-05-31,Equal weight,39.00000000000013,0.999999999999998,0.128205128205128,0,39
Matched,2023-05-31,Original covariance MVP (matched),17.797432063835313,0.9999999999999987,0.38384706501297944,0,26
Matched,2023-06-30,Dynamic covariance MVP (matched),18.962390354319897,0.9999999999999988,0.3822557115751676,2,29
Matched,2023-06-30,Dynamic-factor CVaR (matched),12.320209411081352,0.9999999999999996,0.5,5,16
Matched,2023-06-30,Equal weight,39.00000000000013,0.999999999999998,0.128205128205128,0,39
Matched,2023-06-30,Original covariance MVP (matched),18.78762954820119,0.9999999999999987,0.38432808112212,2,29
Matched,2023-07-31,Dynamic covariance MVP (matched),18.140909239216203,0.9999999999999988,0.3796547630859146,0,26
Matched,2023-07-31,Dynamic-factor CVaR (matched),12.838118229231368,0.9999999999999992,0.4968549066873291,3,17
Matched,2023-07-31,Equal weight,39.00000000000013,0.999999999999998,0.128205128205128,0,39
Matched,2023-07-31,Original covariance MVP (matched),18.095219611824955,0.999999999999999,0.3790621362290431,0,26
Matched,2023-08-31,Dynamic covariance MVP (matched),20.47096228375404,0.9999999999999988,0.35651971787130055,0,29
Matched,2023-08-31,Dynamic-factor CVaR (matched),13.550535626628285,1.0000000000000013,0.4901582553283652,4,18
Matched,2023-08-31,Equal weight,39.00000000000013,0.999999999999998,0.128205128205128,0,39
Matched,2023-08-31,Original covariance MVP (matched),19.16087678475971,0.9999999999999988,0.3760534086174167,0,28
Matched,2023-09-29,Dynamic covariance MVP (matched),17.092652927820563,0.9999999999999987,0.42694118886539156,1,25
Matched,2023-09-29,Dynamic-factor CVaR (matched),14.729971451500177,0.9999999999999991,0.4664308242194396,2,21
Matched,2023-09-29,Equal weight,39.00000000000013,0.999999999999998,0.128205128205128,0,39
Matched,2023-09-29,Original covariance MVP (matched),18.298753808961884,0.9999999999999992,0.4096438670506962,0,25
Matched,2023-10-31,Dynamic covariance MVP (matched),15.275102513610056,0.9999999999999992,0.4221709269782895,1,21
Matched,2023-10-31,Dynamic-factor CVaR (matched),13.444000243348656,0.9999999999999991,0.5,5,18
Matched,2023-10-31,Equal weight,39.00000000000013,0.999999999999998,0.128205128205128,0,39
Matched,2023-10-31,Original covariance MVP (matched),16.576150635822408,0.9999999999999989,0.41227358208773546,1,23
Matched,2023-11-30,Dynamic covariance MVP (matched),15.487923871946661,0.9999999999999993,0.452820870410929,2,21
Matched,2023-11-30,Dynamic-factor CVaR (matched),13.762008562900375,0.9999999999779821,0.4743334666829798,4,20
Matched,2023-11-30,Equal weight,39.00000000000013,0.999999999999998,0.128205128205128,0,39
Matched,2023-11-30,Original covariance MVP (matched),14.620165274960039,0.9999999999999988,0.4551239286472978,2,20
Matched,2023-12-29,Dynamic covariance MVP (matched),14.28841926019901,0.9999999999999991,0.45933590090715404,2,19
Matched,2023-12-29,Dynamic-factor CVaR (matched),12.680714109065486,1.0000000000000009,0.49284964285275434,3,16
Matched,2023-12-29,Equal weight,39.00000000000013,0.999999999999998,0.128205128205128,0,39
Matched,2023-12-29,Original covariance MVP (matched),14.222556849149695,0.9999999999999993,0.45063874437125506,2,19
Matched,2024-01-31,Dynamic covariance MVP (matched),12.711852695281552,0.9999999999999997,0.4936830032320739,4,17
Matched,2024-01-31,Dynamic-factor CVaR (matched),11.636299721510598,0.9999999999999996,0.49915764265738605,4,13
Matched,2024-01-31,Equal weight,39.00000000000013,0.999999999999998,0.128205128205128,0,39
Matched,2024-01-31,Original covariance MVP (matched),13.018992706061148,0.9999999999999994,0.48492964647272563,3,17
Matched,2024-02-29,Dynamic covariance MVP (matched),14.167027710360975,0.9999999999999996,0.4898096233273924,4,19
Matched,2024-02-29,Dynamic-factor CVaR (matched),11.714534154644186,1.0000000000000007,0.4941002090974911,4,14
Matched,2024-02-29,Equal weight,39.00000000000013,0.999999999999998,0.128205128205128,0,39
Matched,2024-02-29,Original covariance MVP (matched),13.990272229640517,0.9999999999999992,0.49233042527258086,4,19
Matched,2024-03-28,Dynamic covariance MVP (matched),13.537536839988766,0.9999999999999993,0.4548205474638911,1,15
Matched,2024-03-28,Dynamic-factor CVaR (matched),12.128912096241779,1.0000000000002105,0.5,6,16
Matched,2024-03-28,Equal weight,39.00000000000013,0.999999999999998,0.128205128205128,0,39
Matched,2024-03-28,Original covariance MVP (matched),13.702382123121987,0.9999999999999996,0.45618779435049406,1,16
Matched,2024-04-30,Dynamic covariance MVP (matched),12.544313740367635,0.9999999999999996,0.5,5,17
Matched,2024-04-30,Dynamic-factor CVaR (matched),11.084536995309666,1.0000000000002829,0.5,7,15
Matched,2024-04-30,Equal weight,39.00000000000013,0.999999999999998,0.128205128205128,0,39
Matched,2024-04-30,Original covariance MVP (matched),12.745227195103734,0.9999999999999993,0.4928901171715162,4,16
Matched,2024-05-31,Dynamic covariance MVP (matched),12.916002190098494,0.9999999999999994,0.4954752342039538,4,19
Matched,2024-05-31,Dynamic-factor CVaR (matched),11.587210487632092,0.9999999999999997,0.5,5,13
Matched,2024-05-31,Equal weight,39.00000000000013,0.999999999999998,0.128205128205128,0,39
Matched,2024-05-31,Original covariance MVP (matched),13.210427665025406,0.9999999999999992,0.48520531031735914,3,19
Matched,2024-06-28,Dynamic covariance MVP (matched),12.192315557938315,0.9999999999999994,0.5,5,16
Matched,2024-06-28,Dynamic-factor CVaR (matched),11.826303538097887,1.000000000000001,0.49662590449057187,4,15
Matched,2024-06-28,Equal weight,39.00000000000013,0.999999999999998,0.128205128205128,0,39
Matched,2024-06-28,Original covariance MVP (matched),12.378880167377654,0.9999999999999996,0.4999999999999999,5,16
Matched,2024-07-31,Dynamic covariance MVP (matched),12.169343432481234,0.9999999999999994,0.5,6,17
Matched,2024-07-31,Dynamic-factor CVaR (matched),11.480992644077288,0.9999999999999998,0.5,6,13
Matched,2024-07-31,Equal weight,39.00000000000013,0.999999999999998,0.128205128205128,0,39
Matched,2024-07-31,Original covariance MVP (matched),11.599415586675653,0.9999999999999996,0.5,7,16
Matched,2024-08-30,Dynamic covariance MVP (matched),12.577413645100275,0.9999999999999994,0.5,6,17
Matched,2024-08-30,Dynamic-factor CVaR (matched),11.986615506877099,0.9999999999999996,0.5,7,16
Matched,2024-08-30,Equal weight,39.00000000000013,0.999999999999998,0.128205128205128,0,39
Matched,2024-08-30,Original covariance MVP (matched),12.141196831530353,0.9999999999999997,0.5,6,16
Matched,2024-09-30,Dynamic covariance MVP (matched),13.046664489456584,0.9999999999999994,0.5,5,17
Matched,2024-09-30,Dynamic-factor CVaR (matched),11.402389392393696,0.9999999999999997,0.5,5,14
Matched,2024-09-30,Equal weight,39.00000000000013,0.999999999999998,0.128205128205128,0,39
Matched,2024-09-30,Original covariance MVP (matched),12.429982375019296,0.9999999999999996,0.49471135674399247,4,16
Matched,2024-10-31,Dynamic covariance MVP (matched),13.879717714116042,0.9999999999999993,0.48562699657324426,4,20
Matched,2024-10-31,Dynamic-factor CVaR (matched),11.64447492374382,0.9999999999999997,0.5,7,17
Matched,2024-10-31,Equal weight,39.00000000000013,0.999999999999998,0.128205128205128,0,39
Matched,2024-10-31,Original covariance MVP (matched),13.048150953822088,0.999999999999999,0.48780800329868057,4,19
Matched,2024-11-29,Dynamic covariance MVP (matched),11.492066407821582,0.9999999999999997,0.5,6,16
Matched,2024-11-29,Dynamic-factor CVaR (matched),11.0990638510406,1.0000000000000004,0.5,6,14
Matched,2024-11-29,Equal weight,39.00000000000013,0.999999999999998,0.128205128205128,0,39
Matched,2024-11-29,Original covariance MVP (matched),12.36596848229453,0.9999999999999994,0.4889297987894544,2,18
Matched,2024-12-31,Dynamic covariance MVP (matched),14.202163553752355,0.9999999999999996,0.4458685680579654,2,18
Matched,2024-12-31,Dynamic-factor CVaR (matched),11.117538870666776,0.9999999999999996,0.5,6,14
Matched,2024-12-31,Equal weight,39.00000000000013,0.999999999999998,0.128205128205128,0,39
Matched,2024-12-31,Original covariance MVP (matched),13.698934042959582,0.9999999999999994,0.4563270808089288,2,18
Matched,2025-01-31,Dynamic covariance MVP (matched),12.530246026991207,0.9999999999999993,0.5,6,17
Matched,2025-01-31,Dynamic-factor CVaR (matched),11.794708283118739,1.0000000000003693,0.5,5,15
Matched,2025-01-31,Equal weight,39.00000000000013,0.999999999999998,0.128205128205128,0,39
Matched,2025-01-31,Original covariance MVP (matched),12.928641149146165,0.9999999999999994,0.5,5,17
Matched,2025-02-28,Dynamic covariance MVP (matched),12.15091967119995,0.9999999999999997,0.5,6,16
Matched,2025-02-28,Dynamic-factor CVaR (matched),11.538602163590896,0.999999999999995,0.5,7,15
Matched,2025-02-28,Equal weight,39.00000000000013,0.999999999999998,0.128205128205128,0,39
Matched,2025-02-28,Original covariance MVP (matched),12.259739551953118,0.9999999999999994,0.5,6,16
Matched,2025-03-28,Dynamic covariance MVP (matched),12.284988631694006,0.9999999999999997,0.5,6,17
Matched,2025-03-28,Dynamic-factor CVaR (matched),12.815641609144636,1.0000000000000047,0.5,5,18
Matched,2025-03-28,Equal weight,39.00000000000013,0.999999999999998,0.128205128205128,0,39
Matched,2025-03-28,Original covariance MVP (matched),12.60978690955915,0.9999999999999991,0.4999999999999999,5,18
Matched,2025-04-30,Dynamic covariance MVP (matched),11.1853331262542,0.9999999999999998,0.5,7,13
Matched,2025-04-30,Dynamic-factor CVaR (matched),11.168132181390503,0.9999999999999668,0.5,7,13
Matched,2025-04-30,Equal weight,39.00000000000013,0.999999999999998,0.128205128205128,0,39
Matched,2025-04-30,Original covariance MVP (matched),11.323532923557519,0.9999999999999997,0.5,7,14
Matched,2025-05-30,Dynamic covariance MVP (matched),12.865187733565186,0.9999999999999993,0.4800264023785058,4,16
Matched,2025-05-30,Dynamic-factor CVaR (matched),10.880624519196552,0.9999999999999986,0.5,7,12
Matched,2025-05-30,Equal weight,39.00000000000013,0.999999999999998,0.128205128205128,0,39
Matched,2025-05-30,Original covariance MVP (matched),12.292546805314794,0.9999999999999997,0.5,6,16
Matched,2025-06-30,Dynamic covariance MVP (matched),12.87242438152733,0.9999999999999989,0.4868951138635291,2,20
Matched,2025-06-30,Dynamic-factor CVaR (matched),12.680697640205963,1.0000000000000002,0.49244139102583195,4,15
Matched,2025-06-30,Equal weight,39.00000000000013,0.999999999999998,0.128205128205128,0,39
Matched,2025-06-30,Original covariance MVP (matched),12.442854299490861,0.9999999999999996,0.49907979217061105,4,18
Matched,2025-07-31,Dynamic covariance MVP (matched),18.478827063560214,0.9999999999999989,0.39382037782021156,0,27
Matched,2025-07-31,Dynamic-factor CVaR (matched),13.579068570923289,0.9999999999998168,0.4762331321722153,3,17
Matched,2025-07-31,Equal weight,39.00000000000013,0.999999999999998,0.128205128205128,0,39
Matched,2025-07-31,Original covariance MVP (matched),14.125730855105086,0.9999999999999987,0.4744540876674096,2,25
Matched,2025-08-29,Dynamic covariance MVP (matched),14.754376974877475,0.9999999999999993,0.46404069645471524,3,19
Matched,2025-08-29,Dynamic-factor CVaR (matched),14.157490409911313,0.9999999999999992,0.463379573053582,3,20
Matched,2025-08-29,Equal weight,39.00000000000013,0.999999999999998,0.128205128205128,0,39
Matched,2025-08-29,Original covariance MVP (matched),14.819778034993318,0.999999999999999,0.4544760133456419,3,19
Matched,2025-09-30,Dynamic covariance MVP (matched),15.034368790395515,0.999999999999999,0.45414446404844266,1,22
Matched,2025-09-30,Dynamic-factor CVaR (matched),13.868292825684438,0.9999999999999992,0.45615896050807503,2,19
Matched,2025-09-30,Equal weight,39.00000000000013,0.999999999999998,0.128205128205128,0,39
Matched,2025-09-30,Original covariance MVP (matched),14.916610691741823,0.999999999999999,0.4552290740166224,1,23
Matched,2025-10-31,Dynamic covariance MVP (matched),17.053410654135767,0.9999999999999988,0.41675420731472923,1,25
Matched,2025-10-31,Dynamic-factor CVaR (matched),13.140086060989637,1.000000000000006,0.5,5,20
Matched,2025-10-31,Equal weight,39.00000000000013,0.999999999999998,0.128205128205128,0,39
Matched,2025-10-31,Original covariance MVP (matched),16.37623278608453,0.9999999999999991,0.43026994211474,2,23
Matched,2025-11-28,Dynamic covariance MVP (matched),15.946886468365284,0.999999999999999,0.41988037893484464,1,22
Matched,2025-11-28,Dynamic-factor CVaR (matched),14.225532029599956,0.999999999999903,0.4713154570255703,3,21
Matched,2025-11-28,Equal weight,39.00000000000013,0.999999999999998,0.128205128205128,0,39
Matched,2025-11-28,Original covariance MVP (matched),16.340531797324378,0.9999999999999991,0.4163988025356544,1,22
Matched,2025-12-31,Dynamic covariance MVP (matched),17.102636386227136,0.9999999999999991,0.40530149646959357,0,23
Matched,2025-12-31,Dynamic-factor CVaR (matched),13.58941713924615,1.0000000000000013,0.4820617919638517,3,19
Matched,2025-12-31,Equal weight,39.00000000000013,0.999999999999998,0.128205128205128,0,39
Matched,2025-12-31,Original covariance MVP (matched),16.904895476791584,0.9999999999999989,0.41206010687548983,0,22
Matched,2026-01-30,Dynamic covariance MVP (matched),13.85125870058739,0.9999999999999994,0.4813890027701757,4,20
Matched,2026-01-30,Dynamic-factor CVaR (matched),13.767319457614535,0.9999999999999988,0.4818052371360608,3,22
Matched,2026-01-30,Equal weight,39.00000000000013,0.999999999999998,0.128205128205128,0,39
Matched,2026-01-30,Original covariance MVP (matched),14.7978434608857,0.999999999999999,0.46871906225943893,2,23
Matched,2026-02-27,Dynamic covariance MVP (matched),12.635607824410645,0.999999999999999,0.4810752732308057,4,16
Matched,2026-02-27,Dynamic-factor CVaR (matched),13.140383660836747,0.9999999999999996,0.4745203930241415,3,17
Matched,2026-02-27,Equal weight,39.00000000000013,0.999999999999998,0.128205128205128,0,39
Matched,2026-02-27,Original covariance MVP (matched),13.475531780358772,0.9999999999999988,0.4673344358195014,2,19
Matched,2026-03-30,Dynamic covariance MVP (matched),10.943136395008157,0.9999999999999997,0.5,7,13
Matched,2026-03-30,Dynamic-factor CVaR (matched),11.428766173077785,0.9999999999999927,0.5,7,14
Matched,2026-03-30,Equal weight,39.00000000000013,0.999999999999998,0.128205128205128,0,39
Matched,2026-03-30,Original covariance MVP (matched),11.514833956473796,0.9999999999999994,0.5,6,15
Matched,2026-04-30,Dynamic covariance MVP (matched),12.073261185305428,0.9999999999999992,0.4999999999999998,5,16
Matched,2026-04-30,Dynamic-factor CVaR (matched),11.969743033800018,0.9999999999999996,0.5,6,15
Matched,2026-04-30,Equal weight,39.00000000000013,0.999999999999998,0.128205128205128,0,39
Matched,2026-04-30,Original covariance MVP (matched),12.224350888203004,0.9999999999999996,0.4999999999999999,6,16
Matched,2026-05-29,Dynamic covariance MVP (matched),12.730728096941828,0.9999999999999997,0.49518070720984453,4,18
Matched,2026-05-29,Dynamic-factor CVaR (matched),12.01565272596267,0.9999999999999998,0.5,6,14
Matched,2026-05-29,Equal weight,39.00000000000013,0.999999999999998,0.128205128205128,0,39
Matched,2026-05-29,Original covariance MVP (matched),12.322019421616874,0.9999999999999994,0.5,6,16
Matched,2026-06-30,Dynamic covariance MVP (matched),14.311178709288187,0.9999999999999992,0.46710854586582207,3,21
Matched,2026-06-30,Dynamic-factor CVaR (matched),11.972661667769358,1.0000000000002578,0.5,6,15
Matched,2026-06-30,Equal weight,39.00000000000013,0.999999999999998,0.128205128205128,0,39
Matched,2026-06-30,Original covariance MVP (matched),12.325088849784635,0.9999999999999993,0.4950649866237493,4,17
Matched,2026-07-31,Dynamic covariance MVP (matched),16.143722567133125,0.999999999999999,0.41873879023912264,2,22
Matched,2026-07-31,Dynamic-factor CVaR (matched),12.884602722801212,0.9999999999999993,0.47358105812449147,2,18
Matched,2026-07-31,Equal weight,39.00000000000013,0.999999999999998,0.128205128205128,0,39
Matched,2026-07-31,Original covariance MVP (matched),15.208209906798542,0.9999999999999993,0.43931400434809176,2,22
CVaR repair,2021-01-29,Dynamic covariance MVP (matched),13.054323279109138,0.9999999999999996,0.4903184491814626,3,17
CVaR repair,2021-01-29,Empirical CVaR (matched),12.213026212793086,0.9999999999999994,0.5,6,16
CVaR repair,2021-01-29,Equal weight,39.00000000000013,0.999999999999998,0.128205128205128,0,39
CVaR repair,2021-01-29,Filtered-stressed CVaR (matched),10.923288316665548,0.9999999999999998,0.5,7,13
CVaR repair,2021-01-29,Original covariance MVP (matched),13.664496752442783,0.9999999999999993,0.4882390518424117,3,18
CVaR repair,2021-01-29,Regularized filtered CVaR (matched),11.750271442116544,0.9999999999999997,0.5,5,15
CVaR repair,2021-02-26,Dynamic covariance MVP (matched),12.496561932606946,0.9999999999999997,0.4953680947906419,4,15
CVaR repair,2021-02-26,Empirical CVaR (matched),11.073769266415937,0.9999999999999998,0.5,6,12
CVaR repair,2021-02-26,Equal weight,39.00000000000013,0.999999999999998,0.128205128205128,0,39
CVaR repair,2021-02-26,Filtered-stressed CVaR (matched),10.961538803964398,0.9999999999999991,0.5,6,12
CVaR repair,2021-02-26,Original covariance MVP (matched),13.296602330753437,0.9999999999999991,0.4761180631467228,3,19
CVaR repair,2021-02-26,Regularized filtered CVaR (matched),11.253700470687575,0.9999999999999998,0.5,6,13
CVaR repair,2021-03-31,Dynamic covariance MVP (matched),11.855648625735963,0.9999999999999996,0.5,6,16
CVaR repair,2021-03-31,Empirical CVaR (matched),12.07364384537668,1.000000000000003,0.5,6,15
CVaR repair,2021-03-31,Equal weight,39.00000000000013,0.999999999999998,0.128205128205128,0,39
CVaR repair,2021-03-31,Filtered-stressed CVaR (matched),11.185689657406078,1.0000000000004279,0.5,8,13
CVaR repair,2021-03-31,Original covariance MVP (matched),12.937152222729475,0.9999999999999994,0.5,5,18
CVaR repair,2021-03-31,Regularized filtered CVaR (matched),11.317341695295527,0.9999999999999999,0.5,6,13
CVaR repair,2021-04-30,Dynamic covariance MVP (matched),12.017690189973967,0.9999999999999996,0.5,7,16
CVaR repair,2021-04-30,Empirical CVaR (matched),11.479816443464259,0.9999999999999998,0.5,6,14
CVaR repair,2021-04-30,Equal weight,39.00000000000013,0.999999999999998,0.128205128205128,0,39
CVaR repair,2021-04-30,Filtered-stressed CVaR (matched),10.399173028496593,0.9999999999999996,0.5,8,11
CVaR repair,2021-04-30,Original covariance MVP (matched),12.330938979249142,0.9999999999999996,0.5,7,17
CVaR repair,2021-04-30,Regularized filtered CVaR (matched),10.893631430080124,0.9999999999999997,0.5,7,14
CVaR repair,2021-05-31,Dynamic covariance MVP (matched),14.68155580387211,0.999999999999999,0.4605623791430976,1,21
CVaR repair,2021-05-31,Empirical CVaR (matched),13.120258262146072,0.9999999999999991,0.4908264010180525,4,19
CVaR repair,2021-05-31,Equal weight,39.00000000000013,0.999999999999998,0.128205128205128,0,39
CVaR repair,2021-05-31,Filtered-stressed CVaR (matched),11.711669453476558,1.000000000000005,0.5,6,14
CVaR repair,2021-05-31,Original covariance MVP (matched),12.927009140605724,0.9999999999999991,0.494044340612804,4,18
CVaR repair,2021-05-31,Regularized filtered CVaR (matched),11.796172930482406,0.9999999999999996,0.5,7,15
CVaR repair,2021-06-30,Dynamic covariance MVP (matched),18.421253390632426,0.9999999999999986,0.4127798388747567,0,29
CVaR repair,2021-06-30,Empirical CVaR (matched),14.21823700836993,0.9999999999999991,0.4745399378771382,3,22
CVaR repair,2021-06-30,Equal weight,39.00000000000013,0.999999999999998,0.128205128205128,0,39
CVaR repair,2021-06-30,Filtered-stressed CVaR (matched),12.874108948012813,0.9999999999999983,0.5,5,18
CVaR repair,2021-06-30,Original covariance MVP (matched),15.069757904296385,0.9999999999999993,0.48278154030875065,4,24
CVaR repair,2021-06-30,Regularized filtered CVaR (matched),13.135073333450826,0.9999999999999993,0.478945834776098,2,19
CVaR repair,2021-07-30,Dynamic covariance MVP (matched),22.01686601918216,0.9999999999999988,0.34927857309133714,0,30
CVaR repair,2021-07-30,Empirical CVaR (matched),18.89852364461352,1.0000000000001135,0.37321948837503793,1,27
CVaR repair,2021-07-30,Equal weight,39.00000000000013,0.999999999999998,0.128205128205128,0,39
CVaR repair,2021-07-30,Filtered-stressed CVaR (matched),15.368520880804292,0.9999999999999989,0.48642613259480505,4,25
CVaR repair,2021-07-30,Original covariance MVP (matched),21.489627414648144,0.9999999999999986,0.36055489003365,0,30
CVaR repair,2021-07-30,Regularized filtered CVaR (matched),16.122658582008853,0.9999999999999992,0.4594522803169486,1,22
CVaR repair,2021-08-31,Dynamic covariance MVP (matched),17.216321720170225,0.999999999999999,0.4051167611951655,2,25
CVaR repair,2021-08-31,Empirical CVaR (matched),16.00367970152856,0.9999999999999993,0.43260033351282423,3,23
CVaR repair,2021-08-31,Equal weight,39.00000000000013,0.999999999999998,0.128205128205128,0,39
CVaR repair,2021-08-31,Filtered-stressed CVaR (matched),12.918232842536517,0.9999999999999991,0.49432709444158585,3,19
CVaR repair,2021-08-31,Original covariance MVP (matched),18.834570018826884,0.999999999999999,0.3766490493659266,1,27
CVaR repair,2021-08-31,Regularized filtered CVaR (matched),14.764108238334828,0.9999999999999994,0.48656583055508973,4,23
CVaR repair,2021-09-30,Dynamic covariance MVP (matched),16.583860804175483,0.999999999999999,0.44467972346074824,2,26
CVaR repair,2021-09-30,Empirical CVaR (matched),14.100905898789081,1.0000000000000335,0.49267238906356503,4,24
CVaR repair,2021-09-30,Equal weight,39.00000000000013,0.999999999999998,0.128205128205128,0,39
CVaR repair,2021-09-30,Filtered-stressed CVaR (matched),14.706935796432493,0.9999999999999999,0.47824117405385524,3,21
CVaR repair,2021-09-30,Original covariance MVP (matched),17.35796967163068,0.9999999999999988,0.4241001289554809,1,28
CVaR repair,2021-09-30,Regularized filtered CVaR (matched),15.405822758072642,0.9999999999999991,0.46085196155686325,3,23
CVaR repair,2021-10-29,Dynamic covariance MVP (matched),15.187923422536443,0.9999999999999992,0.460352243396414,3,20
CVaR repair,2021-10-29,Empirical CVaR (matched),13.3692451572343,1.0000000000000018,0.4905755767180904,4,19
CVaR repair,2021-10-29,Equal weight,39.00000000000013,0.999999999999998,0.128205128205128,0,39
CVaR repair,2021-10-29,Filtered-stressed CVaR (matched),11.629500731325848,0.9999999999999655,0.5,6,15
CVaR repair,2021-10-29,Original covariance MVP (matched),15.610989853570919,0.9999999999999991,0.46134354232839014,3,22
CVaR repair,2021-10-29,Regularized filtered CVaR (matched),12.744410777196439,0.9999999999999996,0.5,6,16
CVaR repair,2021-11-30,Dynamic covariance MVP (matched),12.155986687980453,0.9999999999999996,0.5,6,16
CVaR repair,2021-11-30,Empirical CVaR (matched),12.336658889619414,0.999999999999998,0.4952023938983925,4,15
CVaR repair,2021-11-30,Equal weight,39.00000000000013,0.999999999999998,0.128205128205128,0,39
CVaR repair,2021-11-30,Filtered-stressed CVaR (matched),11.830228659475608,1.0,0.5,5,14
CVaR repair,2021-11-30,Original covariance MVP (matched),12.797206957405766,0.9999999999999997,0.5,5,17
CVaR repair,2021-11-30,Regularized filtered CVaR (matched),11.771090361660399,0.9999999999999997,0.5,6,15
CVaR repair,2021-12-31,Dynamic covariance MVP (matched),13.5856659437672,0.9999999999999993,0.4881248720356941,4,19
CVaR repair,2021-12-31,Empirical CVaR (matched),11.801057012345762,0.9999999999999997,0.5,5,13
CVaR repair,2021-12-31,Equal weight,39.00000000000013,0.999999999999998,0.128205128205128,0,39
CVaR repair,2021-12-31,Filtered-stressed CVaR (matched),11.049696497360546,0.9999999999999998,0.5,6,12
CVaR repair,2021-12-31,Original covariance MVP (matched),13.807770458284002,0.999999999999999,0.4882616475075531,3,21
CVaR repair,2021-12-31,Regularized filtered CVaR (matched),11.721262169481582,0.9999999999999998,0.5,7,14
CVaR repair,2022-01-31,Dynamic covariance MVP (matched),12.83551784877197,0.9999999999999991,0.49986531810391677,4,18
CVaR repair,2022-01-31,Empirical CVaR (matched),11.728237943426238,0.9999999999999998,0.5,6,15
CVaR repair,2022-01-31,Equal weight,39.00000000000013,0.999999999999998,0.128205128205128,0,39
CVaR repair,2022-01-31,Filtered-stressed CVaR (matched),11.071649627986417,0.9999999999999998,0.5,7,13
CVaR repair,2022-01-31,Original covariance MVP (matched),14.123215285600477,0.9999999999999994,0.48354421457283514,4,20
CVaR repair,2022-01-31,Regularized filtered CVaR (matched),11.18819108984023,0.9999999999999996,0.5,6,13
CVaR repair,2022-02-28,Dynamic covariance MVP (matched),10.524374019458845,0.9999999999999997,0.5,9,11
CVaR repair,2022-02-28,Empirical CVaR (matched),11.447951031291055,1.0000000000000515,0.5,7,13
CVaR repair,2022-02-28,Equal weight,39.00000000000013,0.999999999999998,0.128205128205128,0,39
CVaR repair,2022-02-28,Filtered-stressed CVaR (matched),10.537873483639007,1.0,0.5,9,12
CVaR repair,2022-02-28,Original covariance MVP (matched),10.93746347860418,0.9999999999999994,0.5,8,15
CVaR repair,2022-02-28,Regularized filtered CVaR (matched),10.534131039814497,1.0,0.5,8,12
CVaR repair,2022-03-31,Dynamic covariance MVP (matched),12.958532825370714,0.9999999999999994,0.48752436114819475,4,17
CVaR repair,2022-03-31,Empirical CVaR (matched),10.933596384613372,0.9999999999999999,0.5,8,13
CVaR repair,2022-03-31,Equal weight,39.00000000000013,0.999999999999998,0.128205128205128,0,39
CVaR repair,2022-03-31,Filtered-stressed CVaR (matched),10.715459554125005,0.9999999999999999,0.5,7,12
CVaR repair,2022-03-31,Original covariance MVP (matched),12.289711490337902,0.9999999999999993,0.49872555852212763,4,18
CVaR repair,2022-03-31,Regularized filtered CVaR (matched),11.349687618592496,0.9999999999999998,0.5,7,14
CVaR repair,2022-04-29,Dynamic covariance MVP (matched),13.207666856795273,0.9999999999999992,0.48913017126801683,4,18
CVaR repair,2022-04-29,Empirical CVaR (matched),10.668243321456021,0.9999999999999976,0.5,9,13
CVaR repair,2022-04-29,Equal weight,39.00000000000013,0.999999999999998,0.128205128205128,0,39
CVaR repair,2022-04-29,Filtered-stressed CVaR (matched),11.589233460482415,0.9999999999999997,0.5,6,14
CVaR repair,2022-04-29,Original covariance MVP (matched),13.264132319849487,0.9999999999999992,0.4899879611707276,3,18
CVaR repair,2022-04-29,Regularized filtered CVaR (matched),12.122730327161726,0.9999999999999994,0.5,6,16
CVaR repair,2022-05-31,Dynamic covariance MVP (matched),12.752565048098129,0.9999999999999996,0.5,5,17
CVaR repair,2022-05-31,Empirical CVaR (matched),10.809339089080693,0.9999999999999997,0.5,6,12
CVaR repair,2022-05-31,Equal weight,39.00000000000013,0.999999999999998,0.128205128205128,0,39
CVaR repair,2022-05-31,Filtered-stressed CVaR (matched),11.78857733343211,1.0000000000000602,0.5,6,14
CVaR repair,2022-05-31,Original covariance MVP (matched),11.93739614501965,0.9999999999999999,0.5,5,16
CVaR repair,2022-05-31,Regularized filtered CVaR (matched),11.359252527879082,0.9999999999999999,0.5,7,15
CVaR repair,2022-06-30,Dynamic covariance MVP (matched),11.935218577595474,0.9999999999999996,0.5,6,17
CVaR repair,2022-06-30,Empirical CVaR (matched),11.583492036543635,0.9999999999999986,0.5,6,15
CVaR repair,2022-06-30,Equal weight,39.00000000000013,0.999999999999998,0.128205128205128,0,39
CVaR repair,2022-06-30,Filtered-stressed CVaR (matched),10.851412646427011,0.9999999999999998,0.5,9,15
CVaR repair,2022-06-30,Original covariance MVP (matched),12.017873016877159,0.9999999999999993,0.5,6,18
CVaR repair,2022-06-30,Regularized filtered CVaR (matched),10.900638777929665,0.9999999999999997,0.5,7,15
CVaR repair,2022-07-29,Dynamic covariance MVP (matched),13.687517079572952,0.9999999999999993,0.5,5,22
CVaR repair,2022-07-29,Empirical CVaR (matched),11.039369870671004,1.0000000000000038,0.5,8,14
CVaR repair,2022-07-29,Equal weight,39.00000000000013,0.999999999999998,0.128205128205128,0,39
CVaR repair,2022-07-29,Filtered-stressed CVaR (matched),11.906990979995848,0.9999999999999997,0.5,6,15
CVaR repair,2022-07-29,Original covariance MVP (matched),12.790910176603761,0.9999999999999992,0.5,6,18
CVaR repair,2022-07-29,Regularized filtered CVaR (matched),11.979961688565576,0.9999999999999997,0.5,6,14
CVaR repair,2022-08-30,Dynamic covariance MVP (matched),12.740502754163439,0.9999999999999991,0.495996856103324,3,19
CVaR repair,2022-08-30,Empirical CVaR (matched),10.981531593993438,0.9999999999999999,0.5,7,13
CVaR repair,2022-08-30,Equal weight,39.00000000000013,0.999999999999998,0.128205128205128,0,39
CVaR repair,2022-08-30,Filtered-stressed CVaR (matched),10.821476058660979,0.9999999999999999,0.5,7,13
CVaR repair,2022-08-30,Original covariance MVP (matched),12.703248119579046,0.9999999999999992,0.49908768839787054,4,18
CVaR repair,2022-08-30,Regularized filtered CVaR (matched),11.0371400764926,0.9999999999999996,0.5,8,15
CVaR repair,2022-09-30,Dynamic covariance MVP (matched),12.765951703555038,0.9999999999999993,0.4815047941439252,3,19
CVaR repair,2022-09-30,Empirical CVaR (matched),11.88685295376149,0.9999999999999872,0.4989489999458163,4,15
CVaR repair,2022-09-30,Equal weight,39.00000000000013,0.999999999999998,0.128205128205128,0,39
CVaR repair,2022-09-30,Filtered-stressed CVaR (matched),12.153093951047657,0.9999999999999996,0.5,6,16
CVaR repair,2022-09-30,Original covariance MVP (matched),13.794260229860006,0.9999999999999992,0.4855975590609286,3,19
CVaR repair,2022-09-30,Regularized filtered CVaR (matched),12.478979079164226,0.9999999999999998,0.5,5,15
CVaR repair,2022-10-31,Dynamic covariance MVP (matched),15.816620058315362,0.9999999999999989,0.4518738364896525,2,23
CVaR repair,2022-10-31,Empirical CVaR (matched),12.59161258520229,0.9999999999999999,0.5,5,16
CVaR repair,2022-10-31,Equal weight,39.00000000000013,0.999999999999998,0.128205128205128,0,39
CVaR repair,2022-10-31,Filtered-stressed CVaR (matched),11.626099222779185,0.9999999999999998,0.5,6,15
CVaR repair,2022-10-31,Original covariance MVP (matched),15.306877232828038,0.999999999999999,0.4443033394151683,2,23
CVaR repair,2022-10-31,Regularized filtered CVaR (matched),12.360192713441036,0.9999999999999993,0.499930614986944,4,16
CVaR repair,2022-11-30,Dynamic covariance MVP (matched),17.322943731576633,0.9999999999999988,0.38749325366736487,0,29
CVaR repair,2022-11-30,Empirical CVaR (matched),12.93503541962748,0.9999999999999993,0.4960895995103689,4,16
CVaR repair,2022-11-30,Equal weight,39.00000000000013,0.999999999999998,0.128205128205128,0,39
CVaR repair,2022-11-30,Filtered-stressed CVaR (matched),13.53742516055887,0.9999999999999993,0.4802877788753931,4,21
CVaR repair,2022-11-30,Original covariance MVP (matched),14.355300515106437,0.9999999999999991,0.45379448800425337,2,21
CVaR repair,2022-11-30,Regularized filtered CVaR (matched),13.274210775580661,0.999999999999999,0.49575639027660856,4,21
CVaR repair,2022-12-30,Dynamic covariance MVP (matched),16.481831346119826,0.9999999999999989,0.4269655580848394,1,25
CVaR repair,2022-12-30,Empirical CVaR (matched),13.428071971189159,0.9999999999999992,0.5,5,20
CVaR repair,2022-12-30,Equal weight,39.00000000000013,0.999999999999998,0.128205128205128,0,39
CVaR repair,2022-12-30,Filtered-stressed CVaR (matched),11.895887254748986,0.9999999999999998,0.5,6,15
CVaR repair,2022-12-30,Original covariance MVP (matched),16.2732384142139,0.999999999999999,0.42894405262741253,1,26
CVaR repair,2022-12-30,Regularized filtered CVaR (matched),12.74037381587145,0.9999999999999994,0.5,5,16
CVaR repair,2023-01-31,Dynamic covariance MVP (matched),17.057400262810788,0.9999999999999989,0.4202548430476647,2,26
CVaR repair,2023-01-31,Empirical CVaR (matched),13.298248457570631,0.9999999999999998,0.5,5,20
CVaR repair,2023-01-31,Equal weight,39.00000000000013,0.999999999999998,0.128205128205128,0,39
CVaR repair,2023-01-31,Filtered-stressed CVaR (matched),13.494531399710278,0.9999999999999994,0.4764619679415928,3,18
CVaR repair,2023-01-31,Original covariance MVP (matched),15.56941963970789,0.999999999999999,0.44322793880001565,1,23
CVaR repair,2023-01-31,Regularized filtered CVaR (matched),14.313047926778024,0.9999999999999992,0.46831415306458446,2,19
CVaR repair,2023-02-28,Dynamic covariance MVP (matched),17.501336046228314,0.999999999999999,0.36968116110051935,0,21
CVaR repair,2023-02-28,Empirical CVaR (matched),12.53119183894325,0.999999999999999,0.5,6,16
CVaR repair,2023-02-28,Equal weight,39.00000000000013,0.999999999999998,0.128205128205128,0,39
CVaR repair,2023-02-28,Filtered-stressed CVaR (matched),12.302136491803951,1.000000000000098,0.5,5,14
CVaR repair,2023-02-28,Original covariance MVP (matched),16.60318296448498,0.999999999999999,0.3913132816998496,0,21
CVaR repair,2023-02-28,Regularized filtered CVaR (matched),13.28509976991287,0.9999999999999992,0.48651597051179674,3,19
CVaR repair,2023-03-31,Dynamic covariance MVP (matched),14.30121316028891,0.999999999999999,0.4336547525726871,0,20
CVaR repair,2023-03-31,Empirical CVaR (matched),12.358625803109636,0.9999999999999989,0.5,5,19
CVaR repair,2023-03-31,Equal weight,39.00000000000013,0.999999999999998,0.128205128205128,0,39
CVaR repair,2023-03-31,Filtered-stressed CVaR (matched),13.151225029908971,0.9999999999999996,0.48915325101540097,4,18
CVaR repair,2023-03-31,Original covariance MVP (matched),15.590877298580475,0.9999999999999989,0.4055581653107042,0,22
CVaR repair,2023-03-31,Regularized filtered CVaR (matched),13.529963948263923,0.9999999999999991,0.47552320458072117,3,18
CVaR repair,2023-04-28,Dynamic covariance MVP (matched),17.12900721817096,0.9999999999999988,0.41176762054581173,2,29
CVaR repair,2023-04-28,Empirical CVaR (matched),14.936855524707685,0.9999999999999991,0.42974801114427397,2,20
CVaR repair,2023-04-28,Equal weight,39.00000000000013,0.999999999999998,0.128205128205128,0,39
CVaR repair,2023-04-28,Filtered-stressed CVaR (matched),14.063778607113054,0.999999999999999,0.4672679111177608,2,21
CVaR repair,2023-04-28,Original covariance MVP (matched),15.762965993301046,0.9999999999999988,0.4333711327719848,2,24
CVaR repair,2023-04-28,Regularized filtered CVaR (matched),15.059553631346683,0.9999999999999986,0.4392782243737755,1,22
CVaR repair,2023-05-31,Dynamic covariance MVP (matched),22.5311530605861,0.9999999999999986,0.3252413331205197,0,32
CVaR repair,2023-05-31,Empirical CVaR (matched),13.553079298098693,0.9999999999999993,0.46763175975000215,2,17
CVaR repair,2023-05-31,Equal weight,39.00000000000013,0.999999999999998,0.128205128205128,0,39
CVaR repair,2023-05-31,Filtered-stressed CVaR (matched),13.625490245515486,0.9999999999999987,0.477375995305374,3,18
CVaR repair,2023-05-31,Original covariance MVP (matched),17.797432063835313,0.9999999999999987,0.38384706501297944,0,26
CVaR repair,2023-05-31,Regularized filtered CVaR (matched),15.981391724044844,0.9999999999999988,0.4366401665793783,3,22
CVaR repair,2023-06-30,Dynamic covariance MVP (matched),18.962390354319897,0.9999999999999988,0.3822557115751676,2,29
CVaR repair,2023-06-30,Empirical CVaR (matched),12.320209411081352,0.9999999999999996,0.5,5,16
CVaR repair,2023-06-30,Equal weight,39.00000000000013,0.999999999999998,0.128205128205128,0,39
CVaR repair,2023-06-30,Filtered-stressed CVaR (matched),12.792701435316571,0.9999999999999994,0.5,5,19
CVaR repair,2023-06-30,Original covariance MVP (matched),18.78762954820119,0.9999999999999987,0.38432808112212,2,29
CVaR repair,2023-06-30,Regularized filtered CVaR (matched),14.987697238706488,0.9999999999999987,0.4962464764294868,3,24
CVaR repair,2023-07-31,Dynamic covariance MVP (matched),18.140909239216203,0.9999999999999988,0.3796547630859146,0,26
CVaR repair,2023-07-31,Empirical CVaR (matched),12.838118229231368,0.9999999999999992,0.4968549066873291,3,17
CVaR repair,2023-07-31,Equal weight,39.00000000000013,0.999999999999998,0.128205128205128,0,39
CVaR repair,2023-07-31,Filtered-stressed CVaR (matched),12.027663760904863,0.9999999999999997,0.5,6,17
CVaR repair,2023-07-31,Original covariance MVP (matched),18.095219611824955,0.999999999999999,0.3790621362290431,0,26
CVaR repair,2023-07-31,Regularized filtered CVaR (matched),11.915213583611031,0.9999999999999994,0.498213570784488,4,16
CVaR repair,2023-08-31,Dynamic covariance MVP (matched),20.47096228375404,0.9999999999999988,0.35651971787130055,0,29
CVaR repair,2023-08-31,Empirical CVaR (matched),13.550535626628285,1.0000000000000013,0.4901582553283652,4,18
CVaR repair,2023-08-31,Equal weight,39.00000000000013,0.999999999999998,0.128205128205128,0,39
CVaR repair,2023-08-31,Filtered-stressed CVaR (matched),13.612047516999082,0.9999999999999993,0.4806436861740385,4,18
CVaR repair,2023-08-31,Original covariance MVP (matched),19.16087678475971,0.9999999999999988,0.3760534086174167,0,28
CVaR repair,2023-08-31,Regularized filtered CVaR (matched),12.956469630873244,0.9999999999999991,0.49389255567232326,2,18
CVaR repair,2023-09-29,Dynamic covariance MVP (matched),17.092652927820563,0.9999999999999987,0.42694118886539156,1,25
CVaR repair,2023-09-29,Empirical CVaR (matched),14.729971451500177,0.9999999999999991,0.4664308242194396,2,21
CVaR repair,2023-09-29,Equal weight,39.00000000000013,0.999999999999998,0.128205128205128,0,39
CVaR repair,2023-09-29,Filtered-stressed CVaR (matched),11.578840567339808,1.0000000000000022,0.4999127984297739,4,15
CVaR repair,2023-09-29,Original covariance MVP (matched),18.29875380896188,0.9999999999999992,0.4096438670506962,0,25
CVaR repair,2023-09-29,Regularized filtered CVaR (matched),12.715846733974947,0.9999999999999992,0.49957434130594247,4,18
CVaR repair,2023-10-31,Dynamic covariance MVP (matched),15.275102513610056,0.9999999999999992,0.4221709269782895,1,21
CVaR repair,2023-10-31,Empirical CVaR (matched),13.444000243348656,0.9999999999999991,0.5,5,18
CVaR repair,2023-10-31,Equal weight,39.00000000000013,0.999999999999998,0.128205128205128,0,39
CVaR repair,2023-10-31,Filtered-stressed CVaR (matched),11.558603726346233,0.9999999999999998,0.5,7,16
CVaR repair,2023-10-31,Original covariance MVP (matched),16.576150635822408,0.9999999999999989,0.41227358208773546,1,23
CVaR repair,2023-10-31,Regularized filtered CVaR (matched),12.895147712481174,0.9999999999999991,0.4754235298823166,2,15
CVaR repair,2023-11-30,Dynamic covariance MVP (matched),15.487923871946661,0.9999999999999993,0.452820870410929,2,21
CVaR repair,2023-11-30,Empirical CVaR (matched),13.762008562900375,0.9999999999779821,0.4743334666829798,4,20
CVaR repair,2023-11-30,Equal weight,39.00000000000013,0.999999999999998,0.128205128205128,0,39
CVaR repair,2023-11-30,Filtered-stressed CVaR (matched),12.097574409296039,1.000000000000066,0.49745152843642093,4,16
CVaR repair,2023-11-30,Original covariance MVP (matched),14.620165274960039,0.9999999999999988,0.4551239286472978,2,20
CVaR repair,2023-11-30,Regularized filtered CVaR (matched),12.655344396438501,0.9999999999999991,0.4906664984319048,3,17
CVaR repair,2023-12-29,Dynamic covariance MVP (matched),14.28841926019901,0.9999999999999991,0.45933590090715404,2,19
CVaR repair,2023-12-29,Empirical CVaR (matched),12.680714109065486,1.0000000000000009,0.49284964285275434,3,16
CVaR repair,2023-12-29,Equal weight,39.00000000000013,0.999999999999998,0.128205128205128,0,39
CVaR repair,2023-12-29,Filtered-stressed CVaR (matched),11.096226150078051,0.9999999999999991,0.5,7,12
CVaR repair,2023-12-29,Original covariance MVP (matched),14.222556849149695,0.9999999999999993,0.45063874437125506,2,19
CVaR repair,2023-12-29,Regularized filtered CVaR (matched),11.550170320764868,0.9999999999999997,0.5,6,16
CVaR repair,2024-01-31,Dynamic covariance MVP (matched),12.711852695281552,0.9999999999999997,0.4936830032320739,4,17
CVaR repair,2024-01-31,Empirical CVaR (matched),11.636299721510598,0.9999999999999996,0.49915764265738605,4,13
CVaR repair,2024-01-31,Equal weight,39.00000000000013,0.999999999999998,0.128205128205128,0,39
CVaR repair,2024-01-31,Filtered-stressed CVaR (matched),10.930256571844565,1.0,0.5,8,12
CVaR repair,2024-01-31,Original covariance MVP (matched),13.018992706061148,0.9999999999999994,0.48492964647272563,3,17
CVaR repair,2024-01-31,Regularized filtered CVaR (matched),11.550290616971067,0.9999999999999994,0.5,5,14
CVaR repair,2024-02-29,Dynamic covariance MVP (matched),14.167027710360975,0.9999999999999996,0.4898096233273924,4,19
CVaR repair,2024-02-29,Empirical CVaR (matched),11.714534154644186,1.0000000000000007,0.4941002090974911,4,14
CVaR repair,2024-02-29,Equal weight,39.00000000000013,0.999999999999998,0.128205128205128,0,39
CVaR repair,2024-02-29,Filtered-stressed CVaR (matched),12.153704859279712,0.9999999999999991,0.5,5,15
CVaR repair,2024-02-29,Original covariance MVP (matched),13.990272229640517,0.9999999999999992,0.49233042527258086,4,19
CVaR repair,2024-02-29,Regularized filtered CVaR (matched),11.489705511066527,0.9999999999999994,0.5,5,17
CVaR repair,2024-03-28,Dynamic covariance MVP (matched),13.537536839988766,0.9999999999999993,0.4548205474638911,1,15
CVaR repair,2024-03-28,Empirical CVaR (matched),12.128912096241779,1.0000000000002105,0.5,6,16
CVaR repair,2024-03-28,Equal weight,39.00000000000013,0.999999999999998,0.128205128205128,0,39
CVaR repair,2024-03-28,Filtered-stressed CVaR (matched),12.482739256600285,0.9999999999999994,0.5,5,18
CVaR repair,2024-03-28,Original covariance MVP (matched),13.702382123121987,0.9999999999999996,0.45618779435049406,1,16
CVaR repair,2024-03-28,Regularized filtered CVaR (matched),11.371844170361493,0.9999999999999996,0.5,6,17
CVaR repair,2024-04-30,Dynamic covariance MVP (matched),12.544313740367635,0.9999999999999996,0.5,5,17
CVaR repair,2024-04-30,Empirical CVaR (matched),11.084536995309666,1.0000000000002829,0.5,7,15
CVaR repair,2024-04-30,Equal weight,39.00000000000013,0.999999999999998,0.128205128205128,0,39
CVaR repair,2024-04-30,Filtered-stressed CVaR (matched),12.132680029807664,1.0000000000009632,0.4953515419141308,4,16
CVaR repair,2024-04-30,Original covariance MVP (matched),12.745227195103734,0.9999999999999993,0.4928901171715162,4,16
CVaR repair,2024-04-30,Regularized filtered CVaR (matched),12.74042640566135,0.9999999999999993,0.49941425927041183,4,18
CVaR repair,2024-05-31,Dynamic covariance MVP (matched),12.916002190098494,0.9999999999999994,0.4954752342039538,4,19
CVaR repair,2024-05-31,Empirical CVaR (matched),11.587210487632092,0.9999999999999997,0.5,5,13
CVaR repair,2024-05-31,Equal weight,39.00000000000013,0.999999999999998,0.128205128205128,0,39
CVaR repair,2024-05-31,Filtered-stressed CVaR (matched),12.0913775581636,0.9999999999999996,0.5,6,16
CVaR repair,2024-05-31,Original covariance MVP (matched),13.210427665025406,0.9999999999999992,0.48520531031735914,3,19
CVaR repair,2024-05-31,Regularized filtered CVaR (matched),12.546985492025907,0.9999999999999994,0.5,5,16
CVaR repair,2024-06-28,Dynamic covariance MVP (matched),12.192315557938315,0.9999999999999994,0.5,5,16
CVaR repair,2024-06-28,Empirical CVaR (matched),11.826303538097887,1.000000000000001,0.49662590449057187,4,15
CVaR repair,2024-06-28,Equal weight,39.00000000000013,0.999999999999998,0.128205128205128,0,39
CVaR repair,2024-06-28,Filtered-stressed CVaR (matched),11.585124980836518,0.9999999999999997,0.5,6,14
CVaR repair,2024-06-28,Original covariance MVP (matched),12.378880167377654,0.9999999999999996,0.4999999999999999,5,16
CVaR repair,2024-06-28,Regularized filtered CVaR (matched),12.063256156297031,0.9999999999999997,0.5,5,16
CVaR repair,2024-07-31,Dynamic covariance MVP (matched),12.169343432481234,0.9999999999999994,0.5,6,17
CVaR repair,2024-07-31,Empirical CVaR (matched),11.480992644077288,0.9999999999999998,0.5,6,13
CVaR repair,2024-07-31,Equal weight,39.00000000000013,0.999999999999998,0.128205128205128,0,39
CVaR repair,2024-07-31,Filtered-stressed CVaR (matched),11.630596081079345,0.9999999999999997,0.5,5,13
CVaR repair,2024-07-31,Original covariance MVP (matched),11.599415586675653,0.9999999999999996,0.5,7,16
CVaR repair,2024-07-31,Regularized filtered CVaR (matched),12.148783655097432,0.9999999999999992,0.48169343507944773,3,14
CVaR repair,2024-08-30,Dynamic covariance MVP (matched),12.577413645100275,0.9999999999999994,0.5,6,17
CVaR repair,2024-08-30,Empirical CVaR (matched),11.986615506877099,0.9999999999999996,0.5,7,16
CVaR repair,2024-08-30,Equal weight,39.00000000000013,0.999999999999998,0.128205128205128,0,39
CVaR repair,2024-08-30,Filtered-stressed CVaR (matched),10.96247661126121,0.9999999999999999,0.5,8,13
CVaR repair,2024-08-30,Original covariance MVP (matched),12.141196831530353,0.9999999999999997,0.5,6,16
CVaR repair,2024-08-30,Regularized filtered CVaR (matched),11.057217596800413,1.0,0.5,8,13
CVaR repair,2024-09-30,Dynamic covariance MVP (matched),13.046664489456584,0.9999999999999994,0.5,5,17
CVaR repair,2024-09-30,Empirical CVaR (matched),11.402389392393696,0.9999999999999997,0.5,5,14
CVaR repair,2024-09-30,Equal weight,39.00000000000013,0.999999999999998,0.128205128205128,0,39
CVaR repair,2024-09-30,Filtered-stressed CVaR (matched),11.904786361564426,0.9999999999999981,0.5,7,16
CVaR repair,2024-09-30,Original covariance MVP (matched),12.429982375019296,0.9999999999999996,0.49471135674399247,4,16
CVaR repair,2024-09-30,Regularized filtered CVaR (matched),11.21119994865741,0.9999999999999998,0.5,7,14
CVaR repair,2024-10-31,Dynamic covariance MVP (matched),13.879717714116042,0.9999999999999993,0.48562699657324426,4,20
CVaR repair,2024-10-31,Empirical CVaR (matched),11.64447492374382,0.9999999999999997,0.5,7,17
CVaR repair,2024-10-31,Equal weight,39.00000000000013,0.999999999999998,0.128205128205128,0,39
CVaR repair,2024-10-31,Filtered-stressed CVaR (matched),11.56484680367864,0.9999999999999993,0.5,7,16
CVaR repair,2024-10-31,Original covariance MVP (matched),13.048150953822088,0.999999999999999,0.48780800329868057,4,19
CVaR repair,2024-10-31,Regularized filtered CVaR (matched),12.88713873932919,0.9999999999999994,0.5,5,19
CVaR repair,2024-11-29,Dynamic covariance MVP (matched),11.492066407821582,0.9999999999999997,0.5,6,16
CVaR repair,2024-11-29,Empirical CVaR (matched),11.0990638510406,1.0000000000000004,0.5,6,14
CVaR repair,2024-11-29,Equal weight,39.00000000000013,0.999999999999998,0.128205128205128,0,39
CVaR repair,2024-11-29,Filtered-stressed CVaR (matched),11.784109505061028,0.9999999999999993,0.5,7,14
CVaR repair,2024-11-29,Original covariance MVP (matched),12.36596848229453,0.9999999999999994,0.4889297987894544,2,18
CVaR repair,2024-11-29,Regularized filtered CVaR (matched),12.301539165549682,0.9999999999999997,0.5,7,16
CVaR repair,2024-12-31,Dynamic covariance MVP (matched),14.202163553752355,0.9999999999999996,0.4458685680579654,2,18
CVaR repair,2024-12-31,Empirical CVaR (matched),11.117538870666776,0.9999999999999996,0.5,6,14
CVaR repair,2024-12-31,Equal weight,39.00000000000013,0.999999999999998,0.128205128205128,0,39
CVaR repair,2024-12-31,Filtered-stressed CVaR (matched),11.537275744258874,1.0000000000000013,0.5,7,14
CVaR repair,2024-12-31,Original covariance MVP (matched),13.698934042959582,0.9999999999999994,0.4563270808089288,2,18
CVaR repair,2024-12-31,Regularized filtered CVaR (matched),12.193367585298168,0.9999999999999993,0.4990274406087484,4,16
CVaR repair,2025-01-31,Dynamic covariance MVP (matched),12.530246026991207,0.9999999999999993,0.5,6,17
CVaR repair,2025-01-31,Empirical CVaR (matched),11.794708283118739,1.0000000000003693,0.5,5,15
CVaR repair,2025-01-31,Equal weight,39.00000000000013,0.999999999999998,0.128205128205128,0,39
CVaR repair,2025-01-31,Filtered-stressed CVaR (matched),12.37095667335973,0.9999999999999993,0.5,5,17
CVaR repair,2025-01-31,Original covariance MVP (matched),12.928641149146165,0.9999999999999994,0.5,5,17
CVaR repair,2025-01-31,Regularized filtered CVaR (matched),12.956551530018926,0.9999999999999994,0.5,5,18
CVaR repair,2025-02-28,Dynamic covariance MVP (matched),12.15091967119995,0.9999999999999997,0.5,6,16
CVaR repair,2025-02-28,Empirical CVaR (matched),11.538602163590896,0.999999999999995,0.5,7,15
CVaR repair,2025-02-28,Equal weight,39.00000000000013,0.999999999999998,0.128205128205128,0,39
CVaR repair,2025-02-28,Filtered-stressed CVaR (matched),12.036467543097553,0.9999999999999996,0.5,7,15
CVaR repair,2025-02-28,Original covariance MVP (matched),12.259739551953118,0.9999999999999994,0.5,6,16
CVaR repair,2025-02-28,Regularized filtered CVaR (matched),11.481840441650908,0.9999999999999997,0.5,7,15
CVaR repair,2025-03-28,Dynamic covariance MVP (matched),12.284988631694006,0.9999999999999997,0.5,6,17
CVaR repair,2025-03-28,Empirical CVaR (matched),12.815641609144636,1.0000000000000047,0.5,5,18
CVaR repair,2025-03-28,Equal weight,39.00000000000013,0.999999999999998,0.128205128205128,0,39
CVaR repair,2025-03-28,Filtered-stressed CVaR (matched),11.016689799001718,0.999999999999999,0.5,8,15
CVaR repair,2025-03-28,Original covariance MVP (matched),12.60978690955915,0.9999999999999991,0.4999999999999999,5,18
CVaR repair,2025-03-28,Regularized filtered CVaR (matched),11.751370769015866,0.9999999999999996,0.5,6,16
CVaR repair,2025-04-30,Dynamic covariance MVP (matched),11.1853331262542,0.9999999999999998,0.5,7,13
CVaR repair,2025-04-30,Empirical CVaR (matched),11.168132181390503,0.9999999999999668,0.5,7,13
CVaR repair,2025-04-30,Equal weight,39.00000000000013,0.999999999999998,0.128205128205128,0,39
CVaR repair,2025-04-30,Filtered-stressed CVaR (matched),11.064203788844006,0.9999999999999999,0.5,6,13
CVaR repair,2025-04-30,Original covariance MVP (matched),11.323532923557519,0.9999999999999997,0.5,7,14
CVaR repair,2025-04-30,Regularized filtered CVaR (matched),10.982118531719001,0.9999999999999998,0.5,7,13
CVaR repair,2025-05-30,Dynamic covariance MVP (matched),12.865187733565186,0.9999999999999993,0.4800264023785058,4,16
CVaR repair,2025-05-30,Empirical CVaR (matched),10.880624519196552,0.9999999999999986,0.5,7,12
CVaR repair,2025-05-30,Equal weight,39.00000000000013,0.999999999999998,0.128205128205128,0,39
CVaR repair,2025-05-30,Filtered-stressed CVaR (matched),11.54002521990186,1.000000000000002,0.5,7,15
CVaR repair,2025-05-30,Original covariance MVP (matched),12.292546805314794,0.9999999999999997,0.5,6,16
CVaR repair,2025-05-30,Regularized filtered CVaR (matched),11.574290557820175,0.9999999999999994,0.5,7,15
CVaR repair,2025-06-30,Dynamic covariance MVP (matched),12.87242438152733,0.9999999999999989,0.4868951138635291,2,20
CVaR repair,2025-06-30,Empirical CVaR (matched),12.680697640205963,1.0000000000000002,0.49244139102583195,4,15
CVaR repair,2025-06-30,Equal weight,39.00000000000013,0.999999999999998,0.128205128205128,0,39
CVaR repair,2025-06-30,Filtered-stressed CVaR (matched),11.605056750366424,1.0000000000000107,0.5,7,14
CVaR repair,2025-06-30,Original covariance MVP (matched),12.442854299490861,0.9999999999999996,0.49907979217061105,4,18
CVaR repair,2025-06-30,Regularized filtered CVaR (matched),11.746239013161356,0.9999999999999994,0.49693277170358063,3,15
CVaR repair,2025-07-31,Dynamic covariance MVP (matched),18.478827063560214,0.9999999999999989,0.39382037782021156,0,27
CVaR repair,2025-07-31,Empirical CVaR (matched),13.579068570923289,0.9999999999998168,0.4762331321722153,3,17
CVaR repair,2025-07-31,Equal weight,39.00000000000013,0.999999999999998,0.128205128205128,0,39
CVaR repair,2025-07-31,Filtered-stressed CVaR (matched),13.136786325003053,0.9999999999999994,0.5,5,19
CVaR repair,2025-07-31,Original covariance MVP (matched),14.125730855105086,0.9999999999999987,0.4744540876674096,2,25
CVaR repair,2025-07-31,Regularized filtered CVaR (matched),13.289589482115124,0.999999999999999,0.46868274136480215,3,19
CVaR repair,2025-08-29,Dynamic covariance MVP (matched),14.754376974877475,0.9999999999999993,0.46404069645471524,3,19
CVaR repair,2025-08-29,Empirical CVaR (matched),14.157490409911313,0.9999999999999992,0.463379573053582,3,20
CVaR repair,2025-08-29,Equal weight,39.00000000000013,0.999999999999998,0.128205128205128,0,39
CVaR repair,2025-08-29,Filtered-stressed CVaR (matched),12.370502758444909,0.9999999999999991,0.5,5,15
CVaR repair,2025-08-29,Original covariance MVP (matched),14.819778034993318,0.999999999999999,0.4544760133456419,3,19
CVaR repair,2025-08-29,Regularized filtered CVaR (matched),12.578888991386949,0.9999999999999993,0.5,5,17
CVaR repair,2025-09-30,Dynamic covariance MVP (matched),15.034368790395515,0.999999999999999,0.45414446404844266,1,22
CVaR repair,2025-09-30,Empirical CVaR (matched),13.868292825684438,0.9999999999999992,0.45615896050807503,2,19
CVaR repair,2025-09-30,Equal weight,39.00000000000013,0.999999999999998,0.128205128205128,0,39
CVaR repair,2025-09-30,Filtered-stressed CVaR (matched),12.750347217614355,1.0000000000000517,0.4953951354275783,4,16
CVaR repair,2025-09-30,Original covariance MVP (matched),14.916610691741823,0.999999999999999,0.4552290740166224,1,23
CVaR repair,2025-09-30,Regularized filtered CVaR (matched),14.005174436547806,0.9999999999999991,0.489554103094621,4,20
CVaR repair,2025-10-31,Dynamic covariance MVP (matched),17.053410654135767,0.9999999999999988,0.41675420731472923,1,25
CVaR repair,2025-10-31,Empirical CVaR (matched),13.140086060989637,1.000000000000006,0.5,5,20
CVaR repair,2025-10-31,Equal weight,39.00000000000013,0.999999999999998,0.128205128205128,0,39
CVaR repair,2025-10-31,Filtered-stressed CVaR (matched),13.290872634700241,0.9999999999975193,0.4855376679905349,4,18
CVaR repair,2025-10-31,Original covariance MVP (matched),16.37623278608453,0.9999999999999991,0.43026994211474,2,23
CVaR repair,2025-10-31,Regularized filtered CVaR (matched),14.317723875377908,0.9999999999999991,0.4710045081345018,4,18
CVaR repair,2025-11-28,Dynamic covariance MVP (matched),15.946886468365284,0.999999999999999,0.41988037893484464,1,22
CVaR repair,2025-11-28,Empirical CVaR (matched),14.225532029599956,0.999999999999903,0.4713154570255703,3,21
CVaR repair,2025-11-28,Equal weight,39.00000000000013,0.999999999999998,0.128205128205128,0,39
CVaR repair,2025-11-28,Filtered-stressed CVaR (matched),13.182268280169696,0.9999999999999996,0.4865144290217742,4,17
CVaR repair,2025-11-28,Original covariance MVP (matched),16.34053179732438,0.9999999999999991,0.4163988025356544,1,22
CVaR repair,2025-11-28,Regularized filtered CVaR (matched),14.787041105434,0.9999999999999991,0.4782754188667414,3,21
CVaR repair,2025-12-31,Dynamic covariance MVP (matched),17.102636386227136,0.9999999999999991,0.40530149646959357,0,23
CVaR repair,2025-12-31,Empirical CVaR (matched),13.58941713924615,1.0000000000000013,0.4820617919638517,3,19
CVaR repair,2025-12-31,Equal weight,39.00000000000013,0.999999999999998,0.128205128205128,0,39
CVaR repair,2025-12-31,Filtered-stressed CVaR (matched),12.736017054712915,0.9999999999999225,0.5,6,18
CVaR repair,2025-12-31,Original covariance MVP (matched),16.904895476791584,0.9999999999999989,0.41206010687548983,0,22
CVaR repair,2025-12-31,Regularized filtered CVaR (matched),13.047050850368457,0.9999999999999994,0.49954284412630146,4,18
CVaR repair,2026-01-30,Dynamic covariance MVP (matched),13.85125870058739,0.9999999999999994,0.4813890027701757,4,20
CVaR repair,2026-01-30,Empirical CVaR (matched),13.767319457614535,0.9999999999999988,0.4818052371360608,3,22
CVaR repair,2026-01-30,Equal weight,39.00000000000013,0.999999999999998,0.128205128205128,0,39
CVaR repair,2026-01-30,Filtered-stressed CVaR (matched),12.403422698994515,0.9999999999999911,0.4783974099223234,3,14
CVaR repair,2026-01-30,Original covariance MVP (matched),14.7978434608857,0.999999999999999,0.46871906225943893,2,23
CVaR repair,2026-01-30,Regularized filtered CVaR (matched),12.921404664505813,0.9999999999999993,0.4919989443837737,3,17
CVaR repair,2026-02-27,Dynamic covariance MVP (matched),12.635607824410645,0.999999999999999,0.4810752732308057,4,16
CVaR repair,2026-02-27,Empirical CVaR (matched),13.140383660836747,0.9999999999999996,0.4745203930241415,3,17
CVaR repair,2026-02-27,Equal weight,39.00000000000013,0.999999999999998,0.128205128205128,0,39
CVaR repair,2026-02-27,Filtered-stressed CVaR (matched),11.778990469466219,1.0000000000000058,0.5,5,14
CVaR repair,2026-02-27,Original covariance MVP (matched),13.475531780358775,0.9999999999999988,0.4673344358195014,2,19
CVaR repair,2026-02-27,Regularized filtered CVaR (matched),12.02145676205702,0.9999999999999994,0.5,5,17
CVaR repair,2026-03-30,Dynamic covariance MVP (matched),10.943136395008157,0.9999999999999997,0.5,7,13
CVaR repair,2026-03-30,Empirical CVaR (matched),11.428766173077785,0.9999999999999927,0.5,7,14
CVaR repair,2026-03-30,Equal weight,39.00000000000013,0.999999999999998,0.128205128205128,0,39
CVaR repair,2026-03-30,Filtered-stressed CVaR (matched),11.244395692297964,0.9999999999999998,0.5,6,12
CVaR repair,2026-03-30,Original covariance MVP (matched),11.514833956473794,0.9999999999999994,0.5,6,15
CVaR repair,2026-03-30,Regularized filtered CVaR (matched),11.7291395110233,0.9999999999999996,0.5,5,14
CVaR repair,2026-04-30,Dynamic covariance MVP (matched),12.073261185305428,0.9999999999999992,0.4999999999999998,5,16
CVaR repair,2026-04-30,Empirical CVaR (matched),11.969743033800018,0.9999999999999996,0.5,6,15
CVaR repair,2026-04-30,Equal weight,39.00000000000013,0.999999999999998,0.128205128205128,0,39
CVaR repair,2026-04-30,Filtered-stressed CVaR (matched),10.992794797639643,0.9999999999999999,0.5,7,13
CVaR repair,2026-04-30,Original covariance MVP (matched),12.224350888203002,0.9999999999999996,0.4999999999999999,6,16
CVaR repair,2026-04-30,Regularized filtered CVaR (matched),11.126222472982228,0.9999999999999997,0.5,6,12
CVaR repair,2026-05-29,Dynamic covariance MVP (matched),12.730728096941828,0.9999999999999997,0.49518070720984453,4,18
CVaR repair,2026-05-29,Empirical CVaR (matched),12.01565272596267,0.9999999999999998,0.5,6,14
CVaR repair,2026-05-29,Equal weight,39.00000000000013,0.999999999999998,0.128205128205128,0,39
CVaR repair,2026-05-29,Filtered-stressed CVaR (matched),12.155050028381433,0.9999999999999994,0.5,5,16
CVaR repair,2026-05-29,Original covariance MVP (matched),12.322019421616874,0.9999999999999994,0.5,6,16
CVaR repair,2026-05-29,Regularized filtered CVaR (matched),12.513567032850142,0.9999999999999994,0.5,5,17
CVaR repair,2026-06-30,Dynamic covariance MVP (matched),14.311178709288187,0.9999999999999992,0.46710854586582207,3,21
CVaR repair,2026-06-30,Empirical CVaR (matched),11.972661667769358,1.0000000000002578,0.5,6,15
CVaR repair,2026-06-30,Equal weight,39.00000000000013,0.999999999999998,0.128205128205128,0,39
CVaR repair,2026-06-30,Filtered-stressed CVaR (matched),12.049891839341901,1.0,0.5,5,18
CVaR repair,2026-06-30,Original covariance MVP (matched),12.325088849784631,0.9999999999999993,0.4950649866237493,4,17
CVaR repair,2026-06-30,Regularized filtered CVaR (matched),13.639664839586427,0.999999999999999,0.5,5,22
CVaR repair,2026-07-31,Dynamic covariance MVP (matched),16.143722567133125,0.999999999999999,0.41873879023912264,2,22
CVaR repair,2026-07-31,Empirical CVaR (matched),12.884602722801212,0.9999999999999993,0.47358105812449147,2,18
CVaR repair,2026-07-31,Equal weight,39.00000000000013,0.999999999999998,0.128205128205128,0,39
CVaR repair,2026-07-31,Filtered-stressed CVaR (matched),14.174464040347702,0.9999999999999991,0.4625528714988517,2,20
CVaR repair,2026-07-31,Original covariance MVP (matched),15.208209906798542,0.9999999999999993,0.43931400434809176,2,22
CVaR repair,2026-07-31,Regularized filtered CVaR (matched),15.264280974995494,0.9999999999999988,0.45678174825745965,2,22
