Cohort,Model,Effective positions (1/sum(w^2)),Gross exposure,Top five signed weights,Positions at 10% cap,Nonzero positions
CVaR repair,Dynamic covariance MVP (matched),14.49143712287044,0.9999999999999991,0.4596548254286383,3.1940298507462686,20.208955223880597
CVaR repair,Empirical CVaR (matched),12.538089688908029,0.9999999999996859,0.48991138413229407,4.880597014925373,16.492537313432837
CVaR repair,Equal weight,39.00000000000013,0.9999999999999981,0.128205128205128,0.0,39.0
CVaR repair,Filtered-stressed CVaR (matched),12.061399397989476,0.999999999999986,0.4959895279725551,5.611940298507463,15.522388059701493
CVaR repair,Original covariance MVP (matched),14.246888634422815,0.9999999999999991,0.46436176550144465,3.1641791044776117,20.029850746268657
CVaR repair,Regularized filtered CVaR (matched),12.554348525703436,0.9999999999999993,0.49215969879068144,4.8059701492537314,16.776119402985074
Matched,Dynamic covariance MVP (matched),14.61190562010931,0.9999999999999991,0.4586396019585845,3.1739130434782608,20.565217391304348
Matched,Dynamic-factor CVaR (matched),12.754822839737267,0.9999999999998116,0.4882662361106072,4.739130434782608,17.104347826086958
Matched,Equal weight,39.00000000000013,0.999999999999998,0.128205128205128,0.0,39.0
Matched,Original covariance MVP (matched),14.238514455018167,0.9999999999999991,0.4654479775350016,3.1826086956521737,20.078260869565216
