State,Model,Days,Mean gross daily return,Mean difference vs equal weight,Gross volatility,Gross daily ES95
Index up days,Equal weight,1277,0.006782820047082945,0.0,0.10709024755082125,0.002315000381598325
Index up days,Original covariance MVP (matched),1277,0.005252991429957009,-0.0015298286171259367,0.10239801637754577,0.004398819175790424
Index up days,Dynamic covariance MVP (matched),1277,0.00525718496932969,-0.0015256350777532555,0.10275854453851783,0.004460348423103639
Index up days,Dynamic-factor CVaR (matched),1277,0.005319614983814551,-0.0014632050632683938,0.10428824025176404,0.0047736160448090615
Index down days,Equal weight,1083,-0.0063250022446897265,0.0,0.13592572236761394,0.03149077631811161
Index down days,Original covariance MVP (matched),1083,-0.0049138353524958165,0.0014111668921939092,0.12299596160995493,0.025576138713236905
Index down days,Dynamic covariance MVP (matched),1083,-0.004904675972235416,0.0014203262724543095,0.12467696905750054,0.02572389306170361
Index down days,Dynamic-factor CVaR (matched),1083,-0.005090417448196276,0.0012345847964934497,0.12761959420949892,0.02655541870673378
Worst 5% index days (ex post),Equal weight,119,-0.022276915958345737,0.0,0.23406301503634275,0.07109260867360358
Worst 5% index days (ex post),Original covariance MVP (matched),119,-0.01669256513197038,0.005584350826375362,0.22892397577618057,0.0640519109395985
Worst 5% index days (ex post),Dynamic covariance MVP (matched),119,-0.016704407970816456,0.005572507987529285,0.23538927226117415,0.06477925190175302
Worst 5% index days (ex post),Dynamic-factor CVaR (matched),119,-0.017265301654998542,0.005011614303347195,0.23989193287324334,0.06717250773954711
Lagged high volatility,Equal weight,560,0.001309438568604161,0.0,0.24174265328685532,0.03744476148642148
Lagged high volatility,Original covariance MVP (matched),560,0.0009681713961143142,-0.0003412671724898464,0.2121983919975624,0.030671471018009728
Lagged high volatility,Dynamic covariance MVP (matched),560,0.0009814344935407686,-0.000328004075063392,0.21350416897287455,0.03087470320206196
Lagged high volatility,Dynamic-factor CVaR (matched),560,0.0007719708299874125,-0.0005374677386167481,0.21746919203238776,0.031882857344251433
Other days,Equal weight,1802,0.0006002176954912879,0.0,0.12306676120833385,0.017817140678149705
Other days,Original covariance MVP (matched),1802,0.00046762310346710307,-0.00013259459202418476,0.10491223832367971,0.014854558222160471
Other days,Dynamic covariance MVP (matched),1802,0.0004732466191716453,-0.0001269710763196426,0.10547613361875642,0.014931437030654285
Other days,Dynamic-factor CVaR (matched),1802,0.0004687825371103597,-0.00013143515838092814,0.10814355808397236,0.015441458995474317
