Metric,count,mean,std,min,25%,50%,75%,max
Variance explained,115.0,0.48905717931958015,0.08344591554089903,0.3538279351317531,0.42754808448980763,0.4823878318582848,0.5333683143403332,0.7678421956765441
Maximum principal angle (degrees),114.0,54.47599006404629,21.469386781878086,14.826596113160806,36.40240658404263,51.268956895318695,75.0875154099688,89.97665946392729
Residual-correlation sparsity,115.0,0.1447397758610573,0.015984669530302833,0.1106612685560054,0.13292847503373814,0.1443994601889338,0.1592442645074224,0.1794871794871795
Mean factor excess kurtosis,115.0,2.427184970485177,0.8459012567839562,1.105025777437384,1.6575443733999786,2.3612242541966677,2.7586458898458694,4.160435011953072
Median residual excess kurtosis,115.0,2.492853260101884,0.46751754429088216,1.5595662631245553,2.1712855476845565,2.5193383132150613,2.7820632125846125,3.483330747748731
Residual covariance eigenvalues clipped,115.0,0.0,0.0,0.0,0.0,0.0,0.0,0.0
Factor covariance eigenvalues clipped (original),115.0,0.0,0.0,0.0,0.0,0.0,0.0,0.0
Factor covariance eigenvalues clipped (dynamic),115.0,0.0,0.0,0.0,0.0,0.0,0.0,0.0
EWMA effective observations,115.0,32.333333333331446,7.136523468347093e-15,32.33333333333145,32.33333333333145,32.33333333333145,32.33333333333145,32.33333333333145
