Year,Days,Partial calendar year,Mean pair correlation,Index volatility,Index period return (price index),First covariance PC share,Median asset excess kurtosis
2015,243,False,0.26005858678933413,0.16326642361689808,-0.0534932716176284,0.3007344446812692,2.236243429923727
2016,244,False,0.2597341377560849,0.151947184379637,0.030133294416580192,0.32062262029893185,1.9717879980936646
2017,248,False,0.13662942020571453,0.09028931478682267,0.28645953316333217,0.1943303014330101,2.3252859148873677
2018,245,False,0.1952043381988517,0.1288379397343118,0.03151258731378381,0.2425119456724791,1.920682228526799
2019,241,False,0.23080983240273942,0.1394145236932908,0.12022042836168967,0.3149370990690451,2.589681276961766
2020,250,False,0.4319233731353762,0.313289904765983,0.14901649557549135,0.4841530839806076,5.493556419706339
2021,248,False,0.25256757001922714,0.15653467322425602,0.24119303958731964,0.31201514758994503,2.3634492508132148
2022,248,False,0.3308024042552266,0.17327454198680867,0.04328960480003308,0.3697468301506982,1.4319701188684038
2023,245,False,0.18956807668777026,0.09815334180146897,0.20027834130903743,0.23599419455769638,2.251933181477123
2024,246,False,0.27094412293297415,0.14063984434490767,0.08804772615831591,0.3596530702114663,3.433819961247562
2025,249,False,0.28825202318390214,0.11811123976804837,0.105088592249861,0.324632592993234,2.720768608094673
2026,167,True,0.24955534529986056,0.1503923423932658,-0.08541655532405501,0.3107091468824544,2.1971464451836504
