Cohort,Period,Model,Observations,Start,End,Net CAGR,Gross CAGR,Net Sharpe (rf=0),Gross volatility,Gross daily ES95,Net daily ES95,Net max drawdown,Annual one-way turnover,Annual arithmetic cost drag
Matched,All available,Equal weight,2362,2017-02-01,2026-08-31,0.19739239664220665,0.19813652905060963,1.2107488057089264,0.15941277660952513,0.023290856152996812,0.023293843900532123,-0.35797401609244917,0.31100941472946114,0.0006220188294589222
Matched,All available,Original covariance MVP (matched),2362,2017-02-01,2026-08-31,0.13975777497579567,0.1481086805025229,1.0170215723696707,0.13808848306185892,0.019231760567390337,0.019270704344164915,-0.3144945266010504,3.6515849458983087,0.0073031698917966174
Matched,All available,Dynamic covariance MVP (matched),2362,2017-02-01,2026-08-31,0.14129224250652284,0.15012405470879875,1.0217156420375022,0.13889164486239713,0.019357753517474527,0.01939859111533433,-0.3220194668344959,3.8562369877419083,0.007712473975483816
Matched,All available,Dynamic-factor CVaR (matched),2362,2017-02-01,2026-08-31,0.12369103301881079,0.13436911976889454,0.8935969195522226,0.1418539838746806,0.01999324294860612,0.020031026897224538,-0.3442174616239655,4.72863030939552,0.009457260618791041
Matched,Through 2020,Equal weight,963,2017-02-01,2020-12-31,0.1925498914338164,0.19336585844802245,1.0431911008565489,0.18552826720971716,0.027735829534202734,0.027743157737399424,-0.35797401609244917,0.3411214482501102,0.000682242896500221
Matched,Through 2020,Original covariance MVP (matched),963,2017-02-01,2020-12-31,0.1572112225066531,0.16557786729759716,0.9813176851078355,0.16232768556745616,0.02321871121545415,0.023270282600796024,-0.3144945266010504,3.5963407298239587,0.007192681459647916
Matched,Through 2020,Dynamic covariance MVP (matched),963,2017-02-01,2020-12-31,0.1636225694873592,0.17218789662231004,1.0101425292465296,0.16334707045872732,0.02345602124105993,0.02350831997756829,-0.3220194668344959,3.6611212948685323,0.007322242589737065
Matched,Through 2020,Dynamic-factor CVaR (matched),963,2017-02-01,2020-12-31,0.15649276135394152,0.1674230656221154,0.9531838627666104,0.16736832838534946,0.024109980862847,0.024160966976910492,-0.3442174616239655,4.696100464306898,0.009392200928613795
Matched,2021 onward,Equal weight,1399,2021-01-01,2026-08-31,0.20073715084512367,0.20143149213763611,1.3891839950058482,0.13867862740940143,0.02021666523162603,0.02021666523162603,-0.15171957000495728,0.29028183197007223,0.0005805636639401442
Matched,2021 onward,Original covariance MVP (matched),1399,2021-01-01,2026-08-31,0.12789692028334243,0.13623616492591162,1.074815080351771,0.11861535959179195,0.01648732914667379,0.01651748979926425,-0.17417813908642266,3.689612236877293,0.007379224473754586
Matched,2021 onward,Dynamic covariance MVP (matched),1399,2021-01-01,2026-08-31,0.12617069898235256,0.13517823690945407,1.0571010524245656,0.11923124745422395,0.01653671010605529,0.01656965707218252,-0.17810119628526877,3.9905446448091424,0.007981089289618286
Matched,2021 onward,Dynamic-factor CVaR (matched),1399,2021-01-01,2026-08-31,0.101654228917476,0.11216191466282921,0.8594572480995274,0.12125569332415576,0.017156134758616246,0.017181084154949577,-0.19019080193832105,4.751022189896123,0.009502044379792246
CVaR repair,All available,Equal weight,1399,2021-01-01,2026-08-31,0.20073715084512367,0.20143149213763611,1.3891839950058482,0.13867862740940143,0.02021666523162603,0.02021666523162603,-0.15171957000495728,0.29028183197007223,0.0005805636639401442
CVaR repair,All available,Original covariance MVP (matched),1399,2021-01-01,2026-08-31,0.12789692028334243,0.13623616492591162,1.074815080351771,0.11861535959179195,0.01648732914667379,0.01651748979926425,-0.17417813908642266,3.689612236877293,0.007379224473754586
CVaR repair,All available,Dynamic covariance MVP (matched),1399,2021-01-01,2026-08-31,0.12617069898235256,0.13517823690945407,1.0571010524245656,0.11923124745422395,0.01653671010605529,0.01656965707218252,-0.17810119628526877,3.9905446448091424,0.007981089289618286
CVaR repair,All available,Empirical CVaR (matched),1399,2021-01-01,2026-08-31,0.101654228917476,0.11216191466282921,0.8594572480995274,0.12125569332415576,0.017156134758616246,0.017181084154949577,-0.19019080193832105,4.751022189896123,0.009502044379792246
CVaR repair,All available,Filtered-stressed CVaR (matched),1399,2021-01-01,2026-08-31,0.12876675955222594,0.13919047588464184,1.0626007376408033,0.12099193664215767,0.01700962184508335,0.017035875327465644,-0.17343812322207453,4.604507763167307,0.009209015526334614
CVaR repair,All available,Regularized filtered CVaR (matched),1399,2021-01-01,2026-08-31,0.14296618141087825,0.15098235269474247,1.1789966930103841,0.11950835759362453,0.016731718820947226,0.01674707075779363,-0.15971764338014893,3.5020099716391786,0.007004019943278358
CVaR repair,2021 onward,Equal weight,1399,2021-01-01,2026-08-31,0.20073715084512367,0.20143149213763611,1.3891839950058482,0.13867862740940143,0.02021666523162603,0.02021666523162603,-0.15171957000495728,0.29028183197007223,0.0005805636639401442
CVaR repair,2021 onward,Original covariance MVP (matched),1399,2021-01-01,2026-08-31,0.12789692028334243,0.13623616492591162,1.074815080351771,0.11861535959179195,0.01648732914667379,0.01651748979926425,-0.17417813908642266,3.689612236877293,0.007379224473754586
CVaR repair,2021 onward,Dynamic covariance MVP (matched),1399,2021-01-01,2026-08-31,0.12617069898235256,0.13517823690945407,1.0571010524245656,0.11923124745422395,0.01653671010605529,0.01656965707218252,-0.17810119628526877,3.9905446448091424,0.007981089289618286
CVaR repair,2021 onward,Empirical CVaR (matched),1399,2021-01-01,2026-08-31,0.101654228917476,0.11216191466282921,0.8594572480995274,0.12125569332415576,0.017156134758616246,0.017181084154949577,-0.19019080193832105,4.751022189896123,0.009502044379792246
CVaR repair,2021 onward,Filtered-stressed CVaR (matched),1399,2021-01-01,2026-08-31,0.12876675955222594,0.13919047588464184,1.0626007376408033,0.12099193664215767,0.01700962184508335,0.017035875327465644,-0.17343812322207453,4.604507763167307,0.009209015526334614
CVaR repair,2021 onward,Regularized filtered CVaR (matched),1399,2021-01-01,2026-08-31,0.14296618141087825,0.15098235269474247,1.1789966930103841,0.11950835759362453,0.016731718820947226,0.01674707075779363,-0.15971764338014893,3.5020099716391786,0.007004019943278358
Fixed turnover,All available,TV-MVP baseline,2362,2017-02-01,2026-08-31,0.1396306150385913,0.14810868050527137,1.0162224800269894,0.13808848306180513,0.01923176056739805,0.019270704344172704,-0.3144945266010484,3.707503740743604,0.007415007481487142
Fixed turnover,All available,TV-MVP L1=1e-06,2362,2017-02-01,2026-08-31,0.14038680410156812,0.14821484135794405,1.022737201841731,0.13781960442142335,0.01921625929339761,0.019251746986295736,-0.31326970568449575,3.421891331949069,0.0068437826638980724
Fixed turnover,All available,TV-MVP L1=3e-06,2362,2017-02-01,2026-08-31,0.1405914740412093,0.1473234647128836,1.0272698144312815,0.13731815332918051,0.019164527881652203,0.01919763409322345,-0.31328471925777446,2.9436328518438644,0.005887265703687683
Fixed turnover,All available,TV-MVP L1=1e-05,2362,2017-02-01,2026-08-31,0.14238930944359884,0.14682178654072908,1.0478300922893595,0.13593552555452593,0.01889202645166463,0.018915771619689232,-0.31194003998973996,1.9366815111628144,0.003873363022325634
Fixed turnover,All available,TV-MVP L1=3e-05,2362,2017-02-01,2026-08-31,0.1426113357917118,0.1444623482241394,1.0689285967233981,0.13303719185490484,0.018552418361513643,0.01857006440569803,-0.2796002054661142,0.8083351047018695,0.0016166702094037257
Fixed turnover,All available,TV-MVP L1=0.0001,2362,2017-02-01,2026-08-31,0.16115988128800596,0.16163281419058695,1.1471007319844122,0.13868744190757593,0.019246661799525132,0.0192546472760249,-0.28561922922119765,0.20259319150164032,0.00040518638300326526
Fixed turnover,Through 2020,TV-MVP baseline,963,2017-02-01,2020-12-31,0.15689458031025172,0.16557786730357282,0.9796464871538406,0.16232768556729754,0.023218711215467844,0.023270282600809704,-0.3144945266010484,3.7334956555089045,0.0074669913110178
Fixed turnover,Through 2020,TV-MVP L1=1e-06,963,2017-02-01,2020-12-31,0.15831666991046078,0.16636980653502365,0.9893951432949257,0.1618997797863226,0.02315998698757165,0.023206227389503908,-0.31326970568449575,3.4591114903485547,0.006918222980697087
Fixed turnover,Through 2020,TV-MVP L1=3e-06,963,2017-02-01,2020-12-31,0.15890281938973883,0.16587416817934675,0.9973246499558472,0.16097243628490907,0.02301455225245992,0.02305711442424284,-0.31328471925777446,2.9940835982628213,0.005988167196525615
Fixed turnover,Through 2020,TV-MVP L1=1e-05,963,2017-02-01,2020-12-31,0.16767883654579485,0.17233950667965958,1.0564455901326222,0.15876554722636427,0.022488370031705802,0.02252406597326669,-0.31194003998973996,1.9880188040501798,0.003976037608100455
Fixed turnover,Through 2020,TV-MVP L1=3e-05,963,2017-02-01,2020-12-31,0.19243304739177458,0.19475906596384962,1.2178732821426423,0.15432788443095866,0.021751378245521445,0.02177997493904474,-0.2796002054661142,0.9699109582783404,0.001939821916556648
Fixed turnover,Through 2020,TV-MVP L1=0.0001,963,2017-02-01,2020-12-31,0.1882873553776574,0.18906737661059947,1.146351985240766,0.1619887944246553,0.022956438860441183,0.022976025252437512,-0.28561922922119765,0.32483721907043456,0.0006496744381407845
Fixed turnover,2021 onward,TV-MVP baseline,1399,2021-01-01,2026-08-31,0.1278969202839384,0.13623616492649537,1.074815080355887,0.11861535959183359,0.016487329146677384,0.016517489799267995,-0.17417813908643487,3.689612236870133,0.007379224473740163
Fixed turnover,2021 onward,TV-MVP L1=1e-06,1399,2021-01-01,2026-08-31,0.12820633795894953,0.13588236776266527,1.0781066578589533,0.11848918860288281,0.016500394300932624,0.01652956309689339,-0.17230205966152357,3.396270879812753,0.006792541759625412
Fixed turnover,2021 onward,TV-MVP L1=3e-06,1399,2021-01-01,2026-08-31,0.1281552842264826,0.13472591291407054,1.0785922767099467,0.11837511277464514,0.016513793605172446,0.016540776865664446,-0.17039771246661706,2.908905140048686,0.005817810280097311
Fixed turnover,2021 onward,TV-MVP L1=1e-05,1399,2021-01-01,2026-08-31,0.12530028675219596,0.12958018264673532,1.0621659055675183,0.11772409676327453,0.016413284305320797,0.016431260381936808,-0.1633806034799652,1.9013435461517114,0.0038026870923033667
Fixed turnover,2021 onward,TV-MVP L1=3e-05,1399,2021-01-01,2026-08-31,0.10953154922711605,0.11107649971208211,0.953219986073499,0.11615353143749914,0.01633259914600874,0.016342707323636047,-0.17752321997386666,0.6971145564573079,0.0013942291129146165
Fixed turnover,2021 onward,TV-MVP L1=0.0001,1399,2021-01-01,2026-08-31,0.14284744005245886,0.1431169696313439,1.1722088640691894,0.12009790853645047,0.016684133739242248,0.016684133739242248,-0.17985771489899194,0.11844665930096213,0.00023689331860195643
