Asset,Static mean rebalance weight,Equal mean rebalance weight,Asset CAGR over OOS dates,Static annual arithmetic return contribution,Equal annual arithmetic return contribution,Equal-minus-static contribution
BAJFINANCE.NS,0.007978518409239506,0.02564102564102556,0.2858965650654084,-0.0007686101280162647,0.008374314498178659,0.009142924626194922
BEL.NS,0.008006369475330337,0.02564102564102556,0.2860335760152266,-0.0003770133199683666,0.008116039033158053,0.00849305235312642
ADANIPORTS.NS,0.002961211972297886,0.02564102564102556,0.2047372137079171,-0.0009636567710496048,0.006069401653589877,0.007033058424639483
HINDALCO.NS,0.003917408566574324,0.02564102564102556,0.20382979400648393,-0.00013953760079784823,0.006557716431163797,0.006697254031961645
JSWSTEEL.NS,0.001563091849517422,0.02564102564102556,0.23721562216131264,0.00025792554973948353,0.006929811416305534,0.0066718858665660505
BAJAJFINSV.NS,0.004872012210608836,0.02564102564102556,0.21605829928414888,0.00042571040273572903,0.006803034325253999,0.00637732392251827
TATASTEEL.NS,0.0012520128155823352,0.02564102564102556,0.19719165953860407,-7.191745031886015e-06,0.006131301199144684,0.006138492944176569
M&M.NS,0.007314305226005641,0.02564102564102556,0.20651559678855747,0.0005406874130359067,0.0060657886462785835,0.005525101233242679
TITAN.NS,0.01885235956649395,0.02564102564102556,0.331269705003572,0.003034401057153237,0.008484203117366116,0.005449802060212878
APOLLOHOSP.NS,0.02736949167659809,0.02564102564102556,0.2392320503273686,0.0025980764501083264,0.006846189660190602,0.004248113210082275
COALINDIA.NS,0.030458302059711964,0.02564102564102556,0.11625245514909421,-0.00041550213121203277,0.003818013746832843,0.004233515878044877
NTPC.NS,0.027695330898077554,0.02564102564102556,0.13405812065799783,0.00014128914724263148,0.003957118177172056,0.0038158290299294246
ULTRACEMCO.NS,0.013598024838583732,0.02564102564102556,0.1353228221112346,0.0008562580023090379,0.004040191631334778,0.0031839336290257394
KOTAKBANK.NS,0.03153523979311563,0.02564102564102556,0.1130712778394094,0.000914762092346268,0.003492705567246191,0.0025779434748999233
SBIN.NS,0.007329430044255171,0.02564102564102556,0.17496600881392776,0.0031200536814080955,0.005524176310228566,0.0024041226288204704
GRASIM.NS,0.0057182122563403034,0.02564102564102556,0.1889798609140323,0.002937299185668807,0.005323386989733216,0.002386087804064409
ONGC.NS,0.022203132734016338,0.02564102564102556,0.07027742358949096,0.0009186096354150694,0.0029916116839302045,0.0020730020485151333
LT.NS,0.012631409641727149,0.02564102564102556,0.18458312181039305,0.003365215929218985,0.005117171656876895,0.001751955727657908
BHARTIARTL.NS,0.02640731536660842,0.02564102564102556,0.21380717970998653,0.004499054938889026,0.005814745304348291,0.0013156903654592646
EICHERMOT.NS,0.012528514200928586,0.02564102564102556,0.15125977918950295,0.0034177868852956813,0.004627886918278889,0.0012101000329832075
INFY.NS,0.026776231635371614,0.02564102564102556,0.13198829731654493,0.0029907711554438532,0.004151979266557184,0.00116120811111333
ASIANPAINT.NS,0.043284293099784266,0.02564102564102556,0.12305310068517317,0.0030251459485949096,0.0037307691237874873,0.0007056231751925789
BAJAJ-AUTO.NS,0.03550502951291883,0.02564102564102556,0.199979743895484,0.005155731966581599,0.00553267394382086,0.0003769419772392604
TECHM.NS,0.019714421618464362,0.02564102564102556,0.1872358499742628,0.005280506099734138,0.005453217643388174,0.00017271154365403518
ICICIBANK.NS,0.029666083917291072,0.02564102564102556,0.2168166637078246,0.006196072072283784,0.005985983585967507,-0.00021008848631627893
WIPRO.NS,0.026637825224695336,0.02564102564102556,0.09749964757764706,0.003798097072658318,0.0033602333861721557,-0.0004378636864861603
RELIANCE.NS,0.020017542087928226,0.02564102564102556,0.20181100625615556,0.006177560846345605,0.0056646455951262775,-0.0005129152512193271
AXISBANK.NS,0.015632825637428457,0.02564102564102556,0.11757195683924326,0.004709620271275419,0.004044542383157147,-0.0006650778881182717
DRREDDY.NS,0.05224137531234216,0.02564102564102556,0.0793895300677725,0.004030067557780343,0.002937710262953928,-0.0010923572948264137
ITC.NS,0.056299881144222935,0.02564102564102556,0.042354362328338224,0.0032869376468385933,0.0018297008354105037,-0.0014572368114280894
HDFCBANK.NS,0.05350000224563268,0.02564102564102556,0.09872064805991831,0.004676432728944106,0.003038736241877425,-0.0016376964870666807
POWERGRID.NS,0.04565511088402599,0.02564102564102556,0.14468490856605998,0.0063410259547682386,0.004000048461011207,-0.0023409774937570346
MARUTI.NS,0.026971680197602894,0.02564102564102556,0.10386741550232359,0.006618634492801472,0.003536174899383762,-0.0030824595934177113
HCLTECH.NS,0.028904506747577555,0.02564102564102556,0.16820526511668832,0.00912316379269539,0.00496979604373189,-0.004153367748963502
SUNPHARMA.NS,0.031896278822554025,0.02564102564102556,0.140370808995659,0.008735360015925132,0.004346536826452009,-0.004388823189473125
NESTLEIND.NS,0.05704326142155708,0.02564102564102556,0.20572994938805134,0.011218254862451926,0.005428676338133689,-0.00578957852431824
CIPLA.NS,0.039935890358471116,0.02564102564102556,0.10870499195929484,0.009733580435389829,0.0035530103195036225,-0.006180570115886206
HINDUNILVR.NS,0.060510215952927625,0.02564102564102556,0.11085335308773159,0.010612340102246374,0.0035069164385117826,-0.007105423663734595
TCS.NS,0.05561585057758967,0.02564102564102556,0.11274305180153132,0.011681847649270362,0.0034717943735804294,-0.008210053275689936
