Model,Year,Tail days,Share of worst-5% loss sum
Equal weight,2017,1,0.006188852930833657
Equal weight,2018,10,0.06700549721829306
Equal weight,2019,13,0.07900122189997746
Equal weight,2020,28,0.3508486308939182
Equal weight,2021,17,0.12538128687414968
Equal weight,2022,18,0.14346209441569452
Equal weight,2023,3,0.01748615074082898
Equal weight,2024,14,0.09998009936936562
Equal weight,2025,6,0.04570060634778756
Equal weight,2026,9,0.06494555930915114
Original covariance MVP (matched),2018,14,0.09891453450353521
Original covariance MVP (matched),2019,10,0.06599539256900963
Original covariance MVP (matched),2020,24,0.3243868883185964
Original covariance MVP (matched),2021,15,0.11386592275736074
Original covariance MVP (matched),2022,21,0.15521569488864118
Original covariance MVP (matched),2023,2,0.013538563431932321
Original covariance MVP (matched),2024,11,0.07387537797442134
Original covariance MVP (matched),2025,10,0.06699690161744618
Original covariance MVP (matched),2026,12,0.087210723939057
Dynamic covariance MVP (matched),2018,13,0.09376599227350882
Dynamic covariance MVP (matched),2019,8,0.05526654479606298
Dynamic covariance MVP (matched),2020,28,0.34717348872491127
Dynamic covariance MVP (matched),2021,16,0.11803906415242796
Dynamic covariance MVP (matched),2022,21,0.1563223667868617
Dynamic covariance MVP (matched),2023,2,0.014195078569938655
Dynamic covariance MVP (matched),2024,9,0.0636388259335525
Dynamic covariance MVP (matched),2025,9,0.06089354889858243
Dynamic covariance MVP (matched),2026,13,0.090705089864154
Dynamic-factor CVaR (matched),2018,13,0.08695886494031752
Dynamic-factor CVaR (matched),2019,8,0.051641228574641505
Dynamic-factor CVaR (matched),2020,29,0.36090256956244404
Dynamic-factor CVaR (matched),2021,15,0.11133377424770695
Dynamic-factor CVaR (matched),2022,20,0.14761320582051968
Dynamic-factor CVaR (matched),2023,3,0.01886650952753718
Dynamic-factor CVaR (matched),2024,11,0.07878824620063948
Dynamic-factor CVaR (matched),2025,8,0.05750270980182528
Dynamic-factor CVaR (matched),2026,12,0.0863928913243686
