Cohort,Year,Model,Partial calendar year,Net period return,Observations,Start,End,Net CAGR,Gross CAGR,Net Sharpe (rf=0),Gross volatility,Gross daily ES95,Net daily ES95,Net max drawdown,Annual one-way turnover,Annual arithmetic cost drag
Matched,2017,Equal weight,True,0.305977712808051,227,2017-02-01,2017-12-29,0.34494344208519867,0.34563778855530236,3.136328439199407,0.0960225624893979,0.012000111893199642,0.012003668910527692,-0.04441548321861144,0.2590437085376454,0.0005180874170752921
Matched,2017,Original covariance MVP (matched),True,0.209212057144623,227,2017-02-01,2017-12-29,0.23477732000329343,0.24199839839957948,2.6340190089567086,0.08144913185863303,0.009948055058207571,0.009998921756812202,-0.042796354696392536,2.92207157004448,0.005844143140088959
Matched,2017,Dynamic covariance MVP (matched),True,0.21768896475267585,227,2017-02-01,2017-12-29,0.24439046689601196,0.25176904537841627,2.720503552106078,0.08172150184799551,0.009728050495695348,0.009773492527023052,-0.04217259333252976,2.962572912466976,0.005925145824933952
Matched,2017,Dynamic-factor CVaR (matched),True,0.21145088882809593,227,2017-02-01,2017-12-29,0.23731552417925306,0.2473020285432821,2.528994620058258,0.08575907983135891,0.010630069943009282,0.010710118766486889,-0.04533292737957684,4.026068404606143,0.008052136809212285
Matched,2018,Equal weight,False,0.037701120297067625,245,2018-01-02,2018-12-31,0.03879893032939874,0.03947935394466473,0.35518798431196336,0.13139931176850114,0.01759966229642342,0.01759966229642342,-0.13171733552648957,0.3271747369792624,0.0006543494739585262
Matched,2018,Original covariance MVP (matched),False,0.0647263590309135,245,2018-01-02,2018-12-31,0.06663599300152567,0.07466431326037415,0.6186928214156331,0.11489137245977825,0.016720818085301084,0.016720818085301084,-0.12489926164828291,3.7477631478760327,0.007495526295752066
Matched,2018,Dynamic covariance MVP (matched),False,0.0621910807400039,245,2018-01-02,2018-12-31,0.06402369006880648,0.07240204505420422,0.5919983929225844,0.1162259279759586,0.016842544057429503,0.016842544057429503,-0.12637286229947942,3.9226545116941565,0.007845309023388312
Matched,2018,Dynamic-factor CVaR (matched),False,0.09458769949851664,245,2018-01-02,2018-12-31,0.09741782012091149,0.10906729867191034,0.8473480475658689,0.11781277930243725,0.016066336276587944,0.016066336276587944,-0.12806901479524357,5.276161664112694,0.010552323328225383
Matched,2019,Equal weight,False,0.12410349420796374,241,2019-01-02,2019-12-31,0.13012181279987223,0.13085302135748877,0.921620996725366,0.14387469286788962,0.016997041598591847,0.01700666056331099,-0.1090241888510578,0.32282077649414187,0.0006456415529882819
Matched,2019,Original covariance MVP (matched),False,0.08332107794293053,241,2019-01-02,2019-12-31,0.08728556201987869,0.09509428322123092,0.8056604114191958,0.11151145561985601,0.014386718291774351,0.014495563926500327,-0.07874932518027855,3.575597545433215,0.007151195090866432
Matched,2019,Dynamic covariance MVP (matched),False,0.08326781867560795,241,2019-01-02,2019-12-31,0.0872296680924809,0.09487142865733644,0.8106881680747509,0.11062003377620871,0.014296649410762873,0.014403732005749958,-0.07935656938126467,3.498589523382041,0.006997179046764084
Matched,2019,Dynamic-factor CVaR (matched),False,0.11205159890755478,241,2019-01-02,2019-12-31,0.11745547201875328,0.1273803015995023,1.0468839385707531,0.1119265942691913,0.014139493329062867,0.014226478312006451,-0.0703240882407703,4.415075634274617,0.008830151268549235
Matched,2020,Equal weight,False,0.2865757217696323,250,2020-01-01,2020-12-31,0.2891719118182843,0.29033378042209734,1.0089686169432994,0.2959037981531891,0.05143150124289487,0.05145045679961924,-0.3579740160924493,0.4469576605272126,0.0008939153210544264
Matched,2020,Original covariance MVP (matched),False,0.25264841677624905,250,2020-01-01,2020-12-31,0.25490782507611676,0.26525053272092136,0.9881639540522544,0.266005239934718,0.04428841985492412,0.04438274826628175,-0.3144945266010505,4.080179586965372,0.008160359173930737
Matched,2020,Dynamic covariance MVP (matched),False,0.27356617348742374,250,2020-01-01,2020-12-31,0.27603235833970374,0.2868526725204583,1.0450850787532218,0.2680849281641636,0.0449352504572263,0.045067368621986535,-0.3187174883895191,4.195781301313011,0.008391562602626022
Matched,2020,Dynamic-factor CVaR (matched),False,0.18199282103472458,250,2020-01-01,2020-12-31,0.18357492997229152,0.19554632203778088,0.7518535938957721,0.27537532477139964,0.04664755128436259,0.046765961642228564,-0.34421746162396516,5.006937534856626,0.010013875069713251
Matched,2021,Equal weight,False,0.4199182341380312,248,2021-01-01,2021-12-31,0.4279703717015664,0.4289638631927035,2.37504759011481,0.15520419193119628,0.022039123465840638,0.022039123465840638,-0.09078290358787844,0.35141157785582366,0.0007028231557116464
Matched,2021,Original covariance MVP (matched),False,0.27774709725076097,248,2021-01-01,2021-12-31,0.2828082853972529,0.29204982453006956,1.9583019643182813,0.1320835561973777,0.01829005227682877,0.01829005227682877,-0.08993764805159177,3.6209803706064614,0.007241960741212923
Matched,2021,Dynamic covariance MVP (matched),False,0.3011081021007147,248,2021-01-01,2021-12-31,0.3066435996089045,0.3170501603362219,2.076463865267919,0.13360801011961504,0.018188553555870218,0.018188553555870218,-0.09130323246846384,4.002299853605061,0.008004599707210123
Matched,2021,Dynamic-factor CVaR (matched),False,0.2404474122191993,248,2021-01-01,2021-12-31,0.24476590956652644,0.25804650083077774,1.675068012858671,0.13667397190732566,0.01855379562353313,0.01855379562353313,-0.08457197230990576,5.336955744079489,0.010673911488158975
Matched,2022,Equal weight,False,0.10332856250132338,248,2022-01-03,2022-12-30,0.1050798224445344,0.10574463976914394,0.6829754354953166,0.16663722803806055,0.02459692333004272,0.02459692333004272,-0.1500933324064604,0.301668530893371,0.0006033370617867429
Matched,2022,Original covariance MVP (matched),False,0.09163297836076745,248,2022-01-03,2022-12-30,0.09317775770389392,0.0999286345714534,0.7105451771769737,0.13887749403490982,0.019448327579274328,0.019448327579274328,-0.10448072685641141,3.0736474995277816,0.006147294999055563
Matched,2022,Dynamic covariance MVP (matched),False,0.07412161955234176,248,2022-01-03,2022-12-30,0.0753610948649368,0.08251759855298957,0.5899051526888304,0.13961383102977043,0.01959729417563886,0.01959729417563886,-0.11630513533331277,3.312504386716501,0.006625008773433002
Matched,2022,Dynamic-factor CVaR (matched),False,0.034127514687565697,248,2022-01-03,2022-12-30,0.03468739755692973,0.04308520606200794,0.31433898016443734,0.13923770518432838,0.019796091314291726,0.019796091314291726,-0.14214100106731242,4.038927100147821,0.008077854200295645
Matched,2023,Equal weight,False,0.32936059114370564,245,2023-01-02,2023-12-29,0.3402180151614287,0.3408445379246565,3.1217154210988096,0.09531279619179972,0.012171669694584464,0.012171669694584464,-0.05927768270116829,0.2341638008829514,0.0004683276017659027
Matched,2023,Original covariance MVP (matched),False,0.30063113328732816,245,2023-01-02,2023-12-29,0.31043562923999923,0.320683741361117,3.2096662939505545,0.08547289387492574,0.010828042054374265,0.010828042054374265,-0.04438750926472368,3.9018872419970565,0.007803774483994114
Matched,2023,Dynamic covariance MVP (matched),False,0.3005175642972462,245,2023-01-02,2023-12-29,0.3103179349954839,0.32087686521525227,3.190244167586158,0.08595322539410928,0.011012001103331006,0.011012001103331006,-0.0439733303229789,4.0189780214187385,0.008037956042837477
Matched,2023,Dynamic-factor CVaR (matched),False,0.3075080460811199,245,2023-01-02,2023-12-29,0.3175628837451687,0.33158361820780957,3.2120784296617924,0.08709801069408221,0.011235317063491597,0.011235317063491597,-0.055091426633367746,5.299287071026687,0.010598574142053374
Matched,2024,Equal weight,False,0.1570872141298305,246,2024-01-01,2024-12-31,0.1612122511896641,0.1618799149335297,1.111740727685676,0.14381347841070086,0.02050045322748518,0.02050045322748518,-0.11043695205745863,0.2891925187205401,0.0005783850374410792
Matched,2024,Original covariance MVP (matched),False,0.1501956855468647,246,2024-01-01,2024-12-31,0.15412798447907217,0.16310326890181126,1.2585026479572068,0.11978847082918961,0.014923189858186851,0.014923189858186851,-0.12558149298114618,3.8879981168152757,0.007775996233630551
Matched,2024,Dynamic covariance MVP (matched),False,0.15997793148768413,246,2024-01-01,2024-12-31,0.1641841211287154,0.1742998012138599,1.3209229245691367,0.12078512973990521,0.014978792830334266,0.014978792830334266,-0.12091904314333202,4.340081479629145,0.008680162959258289
Matched,2024,Dynamic-factor CVaR (matched),False,0.1019952993463995,246,2024-01-01,2024-12-31,0.1046088443428701,0.11484637147624732,0.8679929075997972,0.12351656605618143,0.016529844433450798,0.016529844433450798,-0.1467260457899584,4.624111108547858,0.009248222217095713
Matched,2025,Equal weight,False,0.14528366081549948,249,2025-01-01,2025-12-31,0.14715700348252825,0.1477401339641231,1.18568443569034,0.12206144640587306,0.016257503514166043,0.016264774543042718,-0.08044963677792705,0.2539200757821443,0.0005078401515642879
Matched,2025,Original covariance MVP (matched),False,0.04181834668737405,249,2025-01-01,2025-12-31,0.04233270004817924,0.04999772018429449,0.43798724730538224,0.10776752297129057,0.01437117315895124,0.014472927920644094,-0.09958691671248665,3.6577631758088724,0.007315526351617746
Matched,2025,Dynamic covariance MVP (matched),False,0.034819097036651536,249,2025-01-01,2025-12-31,0.035245912336668184,0.04362264061266474,0.3750069821339396,0.1076677152794075,0.014210348864074268,0.014310372405617194,-0.09975035600710869,4.024523931801786,0.00804904786360357
Matched,2025,Dynamic-factor CVaR (matched),False,0.03459236398944343,249,2025-01-01,2025-12-31,0.03501635322535024,0.04465780977537981,0.3674753660742862,0.10988073425271022,0.014765721721325965,0.01490999010623497,-0.10990749047379278,4.626212936801995,0.009252425873603993
Matched,2026,Equal weight,True,0.0003962655996700981,163,2026-01-01,2026-08-31,0.0006126977515452658,0.0012554546983163384,0.07252226195709949,0.13668416320605192,0.020278425135679467,0.020278425135679467,-0.10977124212831957,0.3214897316871221,0.0006429794633742443
Matched,2026,Original covariance MVP (matched),True,-0.1026977306003588,163,2026-01-01,2026-08-31,-0.15424854224944862,-0.14716234761977331,-1.3385648415219176,0.11964827233880444,0.018317238945463242,0.018317238945463242,-0.12563588938317416,4.161391814698128,0.008322783629396252
Matched,2026,Dynamic covariance MVP (matched),True,-0.11348083384127583,163,2026-01-01,2026-08-31,-0.16990995406504938,-0.16258739982561932,-1.5070206448063745,0.1187538527950232,0.018150009710049476,0.018150009710049476,-0.1345262942183747,4.38211281124686,0.00876422562249372
Matched,2026,Dynamic-factor CVaR (matched),True,-0.10489835596738828,163,2026-01-01,2026-08-31,-0.15745312916368093,-0.1498080784969562,-1.3234741112775452,0.12345158526834049,0.018835526858497157,0.018835526858497157,-0.139986148366956,4.501088416738005,0.009002176833476011
CVaR repair,2021,Equal weight,False,0.4199182341380312,248,2021-01-01,2021-12-31,0.4279703717015664,0.4289638631927035,2.37504759011481,0.15520419193119628,0.022039123465840638,0.022039123465840638,-0.09078290358787844,0.35141157785582366,0.0007028231557116464
CVaR repair,2021,Original covariance MVP (matched),False,0.27774709725076097,248,2021-01-01,2021-12-31,0.2828082853972529,0.29204982453006956,1.9583019643182813,0.1320835561973777,0.01829005227682877,0.01829005227682877,-0.08993764805159177,3.6209803706064614,0.007241960741212923
CVaR repair,2021,Dynamic covariance MVP (matched),False,0.3011081021007147,248,2021-01-01,2021-12-31,0.3066435996089045,0.3170501603362219,2.076463865267919,0.13360801011961504,0.018188553555870218,0.018188553555870218,-0.09130323246846384,4.002299853605061,0.008004599707210123
CVaR repair,2021,Empirical CVaR (matched),False,0.2404474122191993,248,2021-01-01,2021-12-31,0.24476590956652644,0.25804650083077774,1.675068012858671,0.13667397190732566,0.01855379562353313,0.01855379562353313,-0.08457197230990576,5.336955744079489,0.010673911488158975
CVaR repair,2021,Filtered-stressed CVaR (matched),False,0.33279166016023787,248,2021-01-01,2021-12-31,0.3389814521883632,0.35236122315770424,2.1751331224204575,0.13916863160806503,0.01899117410604361,0.01899117410604361,-0.08899723069252641,5.010360619812786,0.010020721239625571
CVaR repair,2021,Regularized filtered CVaR (matched),False,0.3611631563552704,248,2021-01-01,2021-12-31,0.3679493799292186,0.3785199238613757,2.417362027950254,0.13376575796762405,0.01814342918321314,0.01814342918321314,-0.07958993043301632,3.8807423080004817,0.0077614846160009646
CVaR repair,2022,Equal weight,False,0.10332856250132338,248,2022-01-03,2022-12-30,0.1050798224445344,0.10574463976914394,0.6829754354953166,0.16663722803806055,0.02459692333004272,0.02459692333004272,-0.1500933324064604,0.301668530893371,0.0006033370617867429
CVaR repair,2022,Original covariance MVP (matched),False,0.09163297836076745,248,2022-01-03,2022-12-30,0.09317775770389392,0.0999286345714534,0.7105451771769737,0.13887749403490982,0.019448327579274328,0.019448327579274328,-0.10448072685641141,3.0736474995277816,0.006147294999055563
CVaR repair,2022,Dynamic covariance MVP (matched),False,0.07412161955234176,248,2022-01-03,2022-12-30,0.0753610948649368,0.08251759855298957,0.5899051526888304,0.13961383102977043,0.01959729417563886,0.01959729417563886,-0.11630513533331277,3.312504386716501,0.006625008773433002
CVaR repair,2022,Empirical CVaR (matched),False,0.034127514687565697,248,2022-01-03,2022-12-30,0.03468739755692973,0.04308520606200794,0.31433898016443734,0.13923770518432838,0.019796091314291726,0.019796091314291726,-0.14214100106731242,4.038927100147821,0.008077854200295645
CVaR repair,2022,Filtered-stressed CVaR (matched),False,0.04979154356967297,248,2022-01-03,2022-12-30,0.05061462519609794,0.05866654810643035,0.41335453129695404,0.1446978228712191,0.019663032187849407,0.019663032187849407,-0.14212868339265017,3.815593867945722,0.007631187735891445
CVaR repair,2022,Regularized filtered CVaR (matched),False,0.053510345379706115,248,2022-01-03,2022-12-30,0.05439647831935357,0.060904033517577005,0.4420300374585352,0.1428407150754396,0.019469404587146282,0.019469404587146282,-0.14145903917111757,3.0744802729852827,0.006148960545970565
CVaR repair,2023,Equal weight,False,0.32936059114370564,245,2023-01-02,2023-12-29,0.3402180151614287,0.3408445379246565,3.1217154210988096,0.09531279619179972,0.012171669694584464,0.012171669694584464,-0.05927768270116829,0.2341638008829514,0.0004683276017659027
CVaR repair,2023,Original covariance MVP (matched),False,0.30063113328732816,245,2023-01-02,2023-12-29,0.31043562923999923,0.320683741361117,3.2096662939505545,0.08547289387492574,0.010828042054374265,0.010828042054374265,-0.04438750926472368,3.9018872419970565,0.007803774483994114
CVaR repair,2023,Dynamic covariance MVP (matched),False,0.3005175642972462,245,2023-01-02,2023-12-29,0.3103179349954839,0.32087686521525227,3.190244167586158,0.08595322539410928,0.011012001103331006,0.011012001103331006,-0.0439733303229789,4.0189780214187385,0.008037956042837477
CVaR repair,2023,Empirical CVaR (matched),False,0.3075080460811199,245,2023-01-02,2023-12-29,0.3175628837451687,0.33158361820780957,3.2120784296617924,0.08709801069408221,0.011235317063491597,0.011235317063491597,-0.055091426633367746,5.299287071026687,0.010598574142053374
CVaR repair,2023,Filtered-stressed CVaR (matched),False,0.2968805766481617,245,2023-01-02,2023-12-29,0.3065489936430348,0.3202582901322253,3.0859814386538407,0.08804335423577644,0.01144950849600663,0.01144950849600663,-0.05259706503942663,5.229202661926372,0.010458405323852745
CVaR repair,2023,Regularized filtered CVaR (matched),False,0.3089916535352568,245,2023-01-02,2023-12-29,0.319100639929518,0.3288502443925778,3.23358274707352,0.08691342225212735,0.011185745118307755,0.011185745118307755,-0.055162932914460505,3.688503778046946,0.007377007556093893
CVaR repair,2024,Equal weight,False,0.1570872141298305,246,2024-01-01,2024-12-31,0.1612122511896641,0.1618799149335297,1.111740727685676,0.14381347841070086,0.02050045322748518,0.02050045322748518,-0.11043695205745863,0.2891925187205401,0.0005783850374410792
CVaR repair,2024,Original covariance MVP (matched),False,0.1501956855468647,246,2024-01-01,2024-12-31,0.15412798447907217,0.16310326890181126,1.2585026479572068,0.11978847082918961,0.014923189858186851,0.014923189858186851,-0.12558149298114618,3.8879981168152757,0.007775996233630551
CVaR repair,2024,Dynamic covariance MVP (matched),False,0.15997793148768413,246,2024-01-01,2024-12-31,0.1641841211287154,0.1742998012138599,1.3209229245691367,0.12078512973990521,0.014978792830334266,0.014978792830334266,-0.12091904314333202,4.340081479629145,0.008680162959258289
CVaR repair,2024,Empirical CVaR (matched),False,0.1019952993463995,246,2024-01-01,2024-12-31,0.1046088443428701,0.11484637147624732,0.8679929075997972,0.12351656605618143,0.016529844433450798,0.016529844433450798,-0.1467260457899584,4.624111108547858,0.009248222217095713
CVaR repair,2024,Filtered-stressed CVaR (matched),False,0.16504720582657795,246,2024-01-01,2024-12-31,0.1693961436698439,0.18064597210376232,1.3478081809967801,0.12171461533037271,0.0158878582035468,0.0158878582035468,-0.10825929877778773,4.7975549187028435,0.009595109837405686
CVaR repair,2024,Regularized filtered CVaR (matched),False,0.19469359283120902,246,2024-01-01,2024-12-31,0.19988835995709175,0.2092496387346252,1.5584615548591176,0.12182110868986755,0.016092735129747505,0.016092735129747505,-0.11270189088429261,3.8962761384235085,0.007792552276847017
CVaR repair,2025,Equal weight,False,0.14528366081549948,249,2025-01-01,2025-12-31,0.14715700348252825,0.1477401339641231,1.18568443569034,0.12206144640587306,0.016257503514166043,0.016264774543042718,-0.08044963677792705,0.2539200757821443,0.0005078401515642879
CVaR repair,2025,Original covariance MVP (matched),False,0.04181834668737405,249,2025-01-01,2025-12-31,0.04233270004817924,0.04999772018429449,0.43798724730538224,0.10776752297129057,0.01437117315895124,0.014472927920644094,-0.09958691671248665,3.6577631758088724,0.007315526351617746
CVaR repair,2025,Dynamic covariance MVP (matched),False,0.034819097036651536,249,2025-01-01,2025-12-31,0.035245912336668184,0.04362264061266474,0.3750069821339396,0.1076677152794075,0.014210348864074268,0.014310372405617194,-0.09975035600710869,4.024523931801786,0.00804904786360357
CVaR repair,2025,Empirical CVaR (matched),False,0.03459236398944343,249,2025-01-01,2025-12-31,0.03501635322535024,0.04465780977537981,0.3674753660742862,0.10988073425271022,0.014765721721325965,0.01490999010623497,-0.10990749047379278,4.626212936801995,0.009252425873603993
CVaR repair,2025,Filtered-stressed CVaR (matched),False,0.04257837055912139,249,2025-01-01,2025-12-31,0.04310226396540018,0.052062034811559466,0.45234639530876153,0.10551473049818054,0.014138965883032846,0.014174131440489547,-0.107046289713848,4.27568669867169,0.00855137339734338
CVaR repair,2025,Regularized filtered CVaR (matched),False,0.06086212649632694,249,2025-01-01,2025-12-31,0.06161754900271621,0.0680977692009721,0.6255012774601802,0.1042452638750655,0.013775200349925939,0.013826049524673272,-0.09612176442109777,3.0437667302365052,0.006087533460473012
CVaR repair,2026,Equal weight,True,0.0003962655996700981,163,2026-01-01,2026-08-31,0.0006126977515452658,0.0012554546983163384,0.07252226195709949,0.13668416320605192,0.020278425135679467,0.020278425135679467,-0.10977124212831957,0.3214897316871221,0.0006429794633742443
CVaR repair,2026,Original covariance MVP (matched),True,-0.1026977306003588,163,2026-01-01,2026-08-31,-0.15424854224944862,-0.14716234761977331,-1.3385648415219176,0.11964827233880444,0.018317238945463242,0.018317238945463242,-0.12563588938317416,4.161391814698128,0.008322783629396252
CVaR repair,2026,Dynamic covariance MVP (matched),True,-0.11348083384127583,163,2026-01-01,2026-08-31,-0.16990995406504938,-0.16258739982561932,-1.5070206448063745,0.1187538527950232,0.018150009710049476,0.018150009710049476,-0.1345262942183747,4.38211281124686,0.00876422562249372
CVaR repair,2026,Empirical CVaR (matched),True,-0.10489835596738828,163,2026-01-01,2026-08-31,-0.15745312916368093,-0.1498080784969562,-1.3234741112775452,0.12345158526834049,0.018835526858497157,0.018835526858497157,-0.139986148366956,4.501088416738005,0.009002176833476011
CVaR repair,2026,Filtered-stressed CVaR (matched),True,-0.11116874571505964,163,2026-01-01,2026-08-31,-0.16656058204141122,-0.15907011487102996,-1.5380194552105162,0.11400062202543024,0.017099291805442632,0.017099291805442632,-0.12812011546276325,4.459328205919272,0.008918656411838543
CVaR repair,2026,Regularized filtered CVaR (matched),True,-0.11737539274557574,163,2026-01-01,2026-08-31,-0.1755409700873377,-0.1699000305302496,-1.597125079280516,0.11647636100070047,0.017496018044480012,0.017496018044480012,-0.13105721773932,3.400929317399799,0.006801858634799597
Fixed turnover,2017,TV-MVP baseline,True,0.20794814545404017,227,2017-02-01,2017-12-29,0.2333446288331551,0.24199839839957749,2.6204158936009603,0.08144913185863376,0.009948055058207523,0.009998921756812157,-0.04279635469639209,3.5039226425637544,0.007007845285127309
Fixed turnover,2017,TV-MVP L1=1e-06,True,0.2117197383558238,227,2017-02-01,2017-12-29,0.23762035853898755,0.24537366200872568,2.676598399068728,0.08102077484700633,0.009815886691071618,0.009860713231799318,-0.040861250029230245,3.1300957424369695,0.0062601914848739145
Fixed turnover,2017,TV-MVP L1=3e-06,True,0.21243721530006288,227,2017-02-01,2017-12-29,0.23843390442528256,0.24465424150749415,2.7166988363385656,0.08003637018308095,0.009541455608096876,0.009574393808278276,-0.04016960681489057,2.5118964135518524,0.005023792827103727
Fixed turnover,2017,TV-MVP L1=1e-05,True,0.242176627783657,227,2017-02-01,2017-12-29,0.2722016940084826,0.2756487941689467,3.1093634692420262,0.07854513305885781,0.008628785917045273,0.008640660650519265,-0.03810363807895345,1.358015803194247,0.002716031606388675
Fixed turnover,2017,TV-MVP L1=3e-05,True,0.24515681400843414,227,2017-02-01,2017-12-29,0.27559051035848015,0.2769210060089029,3.0970502835458373,0.07971359089607624,0.008981318864287997,0.008983794665788296,-0.04234637160722443,0.5242383422499466,0.0010484766845000248
Fixed turnover,2017,TV-MVP L1=0.0001,True,0.28122283959077965,227,2017-02-01,2017-12-29,0.31667202831220664,0.31689334698441485,3.006683458920287,0.09298939079826316,0.011797151341949403,0.01180020549872418,-0.04583900837174881,0.08456655016697995,0.00016913310033387407
Fixed turnover,2018,TV-MVP baseline,False,0.0647263590519862,245,2018-01-02,2018-12-31,0.06663599302323941,0.07466431328201573,0.6186928215962438,0.11489137245895079,0.016720818085353535,0.016720818085353535,-0.12489926164723952,3.7477631477653186,0.007495526295530743
Fixed turnover,2018,TV-MVP L1=1e-06,False,0.06429224930644484,245,2018-01-02,2018-12-31,0.06618868190719707,0.07360415410600885,0.6158695021196856,0.11471013857303607,0.01665312231646,0.01665312231646,-0.12410390544569572,3.464390904379997,0.006928781808759818
Fixed turnover,2018,TV-MVP L1=3e-06,False,0.06544112697834525,245,2018-01-02,2018-12-31,0.06737250854775212,0.07377459044364776,0.6273044493235325,0.11432281916959136,0.016377041853995744,0.016377041853995744,-0.12143307581227025,2.9892257630467056,0.005978451526093438
Fixed turnover,2018,TV-MVP L1=1e-05,False,0.05637080185594057,245,2018-01-02,2018-12-31,0.058027259070639436,0.06213823321380274,0.5576684641700553,0.11248083457015326,0.015569950501022802,0.015569950501022802,-0.11344560109585078,1.9399306530976856,0.0038798613061953946
Fixed turnover,2018,TV-MVP L1=3e-05,False,0.08644134113136004,245,2018-01-02,2018-12-31,0.08901793930477542,0.0908242675754527,0.810689321286528,0.11304969008252082,0.015383893022745548,0.015383893022745548,-0.10272053723269137,0.8278136543321484,0.0016556273086641969
Fixed turnover,2018,TV-MVP L1=0.0001,False,0.04061590833906892,245,2018-01-02,2018-12-31,0.04180029008206865,0.04212249896804843,0.39164779637246205,0.12420012856906584,0.0174856916991789,0.0174856916991789,-0.1284668651001637,0.15435903592855288,0.00030871807185702763
Fixed turnover,2019,TV-MVP baseline,False,0.08332107794291255,241,2019-01-02,2019-12-31,0.08728556201985982,0.09509428322121072,0.805660411419059,0.11151145561985579,0.014386718291774972,0.014495563926500907,-0.0787493251802962,3.5755975454331,0.007151195090866171
Fixed turnover,2019,TV-MVP L1=1e-06,False,0.08469558332546168,241,2019-01-02,2019-12-31,0.08872810559576583,0.09602825603222453,0.818382985250501,0.11139041916442485,0.014366625643456497,0.01446846654703825,-0.07980483481925005,3.339442535811237,0.006678885071622455
Fixed turnover,2019,TV-MVP L1=3e-06,False,0.08666588064702085,241,2019-01-02,2019-12-31,0.09079607838714399,0.09720428203254605,0.8429682507186299,0.11026940802832336,0.014187273825178273,0.014272758811479217,-0.07893050796534862,2.9282077360458287,0.005856415472091686
Fixed turnover,2019,TV-MVP L1=1e-05,False,0.0938508872142616,241,2019-01-02,2019-12-31,0.09833872212532069,0.10250008139609723,0.9306260540677451,0.10693870647631967,0.013490028076268033,0.013504036603751731,-0.07206358144124014,1.8922651260460235,0.0037845302520922654
Fixed turnover,2019,TV-MVP L1=3e-05,False,0.10528387563384412,241,2019-01-02,2019-12-31,0.11034545011069063,0.11197105318061817,1.05007627652175,0.10488455645715639,0.013127873387628095,0.013140333858410104,-0.0723952213451231,0.730193771320453,0.0014603875426408076
Fixed turnover,2019,TV-MVP L1=0.0001,False,0.13035443889608134,241,2019-01-02,2019-12-31,0.13669389713962077,0.1372715436334142,1.1720709964888838,0.11491300843964593,0.012547231508288455,0.012567474804285285,-0.08858218553185793,0.2535991562359041,0.000507198312471732
Fixed turnover,2020,TV-MVP baseline,False,0.2526484167762879,250,2020-01-01,2020-12-31,0.25490782507615584,0.26525053272095933,0.9881639540523693,0.26600523993471986,0.04428841985492478,0.04438274826628242,-0.31449452660104826,4.080179586964889,0.008160359173929854
Fixed turnover,2020,TV-MVP L1=1e-06,False,0.25354676143782195,250,2020-01-01,2020-12-31,0.25581499240829175,0.2656270061663295,0.992934507575333,0.26523828370512587,0.04415974234180422,0.044253280674393804,-0.31326970568449664,3.868044835875432,0.007736089671750995
Fixed turnover,2020,TV-MVP L1=3e-06,False,0.25160233123278797,250,2020-01-01,2020-12-31,0.2538514724534944,0.26271699536308457,0.9905293961708437,0.2639468442481888,0.0440023191309268,0.04409318830170914,-0.3132847192577748,3.500174571669356,0.00700034914333853
Fixed turnover,2020,TV-MVP L1=1e-05,False,0.25983518379830617,250,2020-01-01,2020-12-31,0.26216531897850626,0.2690520015717006,1.0231311053836,0.26123179476952535,0.043340097776379115,0.04344465227758716,-0.3119400399897405,2.6994944623568182,0.005398988924713608
Fixed turnover,2020,TV-MVP L1=3e-05,False,0.3103367410616078,250,2020-01-01,2020-12-31,0.3131731125681445,0.3178109044723203,1.2115653491071776,0.25098760990667723,0.04167597514793409,0.04178612961138582,-0.2796002054661143,1.7449244197267937,0.0034898488394535334
Fixed turnover,2020,TV-MVP L1=0.0001,False,0.2828541731370622,250,2020-01-01,2020-12-31,0.2854130645135413,0.28744857788343703,1.1094641138089412,0.2559920057761736,0.043300072634307796,0.043373948078596784,-0.28561922922119753,0.7787450984863025,0.0015574901969725074
Fixed turnover,2021,TV-MVP baseline,False,0.2777470972510665,248,2021-01-01,2021-12-31,0.28280828539756464,0.292049824530382,1.9583019643200208,0.1320835561973855,0.018290052276832145,0.018290052276832145,-0.08993764805159232,3.620980370607047,0.0072419607412141426
Fixed turnover,2021,TV-MVP L1=1e-06,False,0.27536745162064014,248,2021-01-01,2021-12-31,0.28038071700353306,0.28901376931190215,1.946366158616229,0.13188275816805506,0.018346284636198973,0.018346284636198973,-0.0914460520035858,3.390059942150935,0.0067801198843016695
Fixed turnover,2021,TV-MVP L1=3e-06,False,0.2730495475976473,248,2021-01-01,2021-12-31,0.2780162038426639,0.2857460503584499,1.9330401940258648,0.13179521990461734,0.01841412102210352,0.01841412102210352,-0.09388065960947534,3.0426064743228642,0.006085212948645835
Fixed turnover,2021,TV-MVP L1=1e-05,False,0.27692310882376314,248,2021-01-01,2021-12-31,0.2819676947255827,0.2876629096384906,1.9659334394372978,0.13101373059800644,0.0182313142535905,0.0182313142535905,-0.08727936671283809,2.235986641832293,0.0044719732836643105
Fixed turnover,2021,TV-MVP L1=3e-05,False,0.2157802583699071,248,2021-01-01,2021-12-31,0.21961769719200785,0.22202663006949108,1.6060323076906147,0.1289658952695977,0.01809282675189106,0.01809282675189106,-0.09219264483276013,0.9968395725883472,0.0019936791451768917
Fixed turnover,2021,TV-MVP L1=0.0001,False,0.2596220921657024,248,2021-01-01,2021-12-31,0.2643201150910339,0.26470700300069105,1.8126871196749743,0.13443571665730283,0.01846842518376541,0.01846842518376541,-0.08807609036288433,0.15473130434312818,0.0003094626086863825
Fixed turnover,2022,TV-MVP baseline,False,0.09163297836078876,248,2022-01-03,2022-12-30,0.09317775770391568,0.09992863457147272,0.7105451771771008,0.13887749403490984,0.019448327579274515,0.019448327579274515,-0.10448072685641197,3.0736474995278735,0.006147294999055723
Fixed turnover,2022,TV-MVP L1=1e-06,False,0.0886090805260975,248,2022-01-03,2022-12-30,0.09010080796171382,0.09641179841378666,0.690825867944868,0.13872800704456686,0.019449159328763017,0.019449159328763017,-0.10463302302792088,2.881258505704753,0.005762517011409526
Fixed turnover,2022,TV-MVP L1=3e-06,False,0.08034396015455414,248,2022-01-03,2022-12-30,0.08169138699780487,0.08722331273461004,0.6357907346280468,0.13849590257394673,0.01942437280740124,0.01942437280740124,-0.10704718190583273,2.544106205306362,0.00508821241061273
Fixed turnover,2022,TV-MVP L1=1e-05,False,0.059392119786612296,248,2022-01-03,2022-12-30,0.06037841598204552,0.06424368703225736,0.49305248357544407,0.1381453809379282,0.01926053865204713,0.01926053865204713,-0.11490690332737252,1.8117526986371493,0.003623505397274499
Fixed turnover,2022,TV-MVP L1=3e-05,False,0.051993490763097894,248,2022-01-03,2022-12-30,0.052853879784650726,0.05444716678680139,0.4458073994478201,0.13629792542318447,0.018529914341415564,0.018529914341415564,-0.11878913728703766,0.753079929776612,0.0015061598595532879
Fixed turnover,2022,TV-MVP L1=0.0001,False,0.08970964930121306,248,2022-01-03,2022-12-30,0.09122066941368945,0.09156648055157501,0.7027604990263508,0.1376933888579954,0.018664931746772702,0.018664931746772702,-0.10130637128350872,0.15861405320121985,0.0003172281064024922
Fixed turnover,2023,TV-MVP baseline,False,0.3006311332899998,245,2023-01-02,2023-12-29,0.3104356292427679,0.3206837413638206,3.2096662939697502,0.08547289387507763,0.01082804205437339,0.01082804205437339,-0.044387509264722014,3.9018872419654045,0.0078037744839304524
Fixed turnover,2023,TV-MVP L1=1e-06,False,0.3003283261716829,245,2023-01-02,2023-12-29,0.3101218236791663,0.3191689162648601,3.2102223713384226,0.08536847409497347,0.010796428119385216,0.010796428119385216,-0.044721455627841133,3.446765931023868,0.006893531862047494
Fixed turnover,2023,TV-MVP L1=3e-06,False,0.3028089692911966,245,2023-01-02,2023-12-29,0.312692629242453,0.3198886346495391,3.234588403224016,0.08530708629066334,0.010663764475239574,0.010663764475239574,-0.04478817602442475,2.7375222350218706,0.005475044470043622
Fixed turnover,2023,TV-MVP L1=1e-05,False,0.29771048957710367,245,2023-01-02,2023-12-29,0.3074089901159589,0.3107022134089712,3.2099387475443457,0.08467208931248779,0.010478983359582751,0.010478983359582751,-0.045806843400702735,1.2596330575711219,0.0025192661151425145
Fixed turnover,2023,TV-MVP L1=3e-05,False,0.33524372172810213,245,2023-01-02,2023-12-29,0.3463190430880658,0.3470706630816518,3.696279149261917,0.08138417233889356,0.00988086309374102,0.00988086309374102,-0.04285616756546606,0.279061770849629,0.0005581235416991659
Fixed turnover,2023,TV-MVP L1=0.0001,False,0.3437669172022002,245,2023-01-02,2023-12-29,0.35515927928832736,0.35515927928832736,3.576964397370567,0.08604702266510776,0.009957656028841083,0.009957656028841083,-0.04150504330780669,1.6067504469776037e-15,0.0
Fixed turnover,2024,TV-MVP baseline,False,0.1501956855479154,246,2024-01-01,2024-12-31,0.1541279844801522,0.16310326890287907,1.2585026479631283,0.11978847082939038,0.014923189858209264,0.014923189858209264,-0.1255814929811464,3.8879981168054605,0.00777599623361071
Fixed turnover,2024,TV-MVP L1=1e-06,False,0.1561214250795946,246,2024-01-01,2024-12-31,0.16021938938548108,0.16854662192980774,1.3068069229348862,0.11934603896740711,0.014800114909175726,0.014800114909175726,-0.1257434011425309,3.589575356481792,0.007179150712963464
Fixed turnover,2024,TV-MVP L1=3e-06,False,0.16320128562824276,246,2024-01-01,2024-12-31,0.16749817912877796,0.17478803394175269,1.3672709472996964,0.11856247534894089,0.014674863427477093,0.014674863427477093,-0.12647406951054518,3.1242248325991895,0.006248449665198352
Fixed turnover,2024,TV-MVP L1=1e-05,False,0.16948930192609857,246,2024-01-01,2024-12-31,0.17396378176414085,0.17912446746106214,1.4370923055889469,0.1164312419613486,0.014641251629776688,0.014641251629776688,-0.1207658852921516,2.201098802416365,0.004402197604832693
Fixed turnover,2024,TV-MVP L1=3e-05,False,0.1395380786462761,246,2024-01-01,2024-12-31,0.143174352573316,0.14475151776218342,1.231273206478394,0.1139757591372665,0.014639709012034397,0.014639709012034397,-0.12435874055985896,0.691383995659245,0.0013827679913184462
Fixed turnover,2024,TV-MVP L1=0.0001,False,0.1657703359250482,246,2024-01-01,2024-12-31,0.17013968188289375,0.17070607758604073,1.2969259764091925,0.1274539790982086,0.017248311119587946,0.017248311119587946,-0.11765175916856707,0.24321472754403173,0.0004864294550879704
Fixed turnover,2025,TV-MVP baseline,False,0.04181834668734341,249,2025-01-01,2025-12-31,0.04233270004814815,0.04999772018426274,0.4379872473051044,0.1077675229712908,0.014371173158950668,0.01447292792064352,-0.09958691671249553,3.6577631758089937,0.007315526351617723
Fixed turnover,2025,TV-MVP L1=1e-06,False,0.043683348610084716,249,2025-01-01,2025-12-31,0.04422112408477874,0.05130118816803342,0.4554750558672504,0.10756596473326425,0.014312210264436194,0.014406370585303219,-0.09805378147813226,3.3740008571277094,0.006748001714255437
Fixed turnover,2025,TV-MVP L1=3e-06,False,0.04690358441525211,249,2025-01-01,2025-12-31,0.04748189772952438,0.053481533874530474,0.4858518591524064,0.10720054360234944,0.014178656757349618,0.01425525605910322,-0.09604223653546329,2.8529652727326225,0.005705930545464967
Fixed turnover,2025,TV-MVP L1=1e-05,False,0.05543031974880175,249,2025-01-01,2025-12-31,0.0561165542661044,0.06001237681245786,0.5650501160724124,0.10661291312396201,0.013669029114688064,0.01371094484914999,-0.09576119580847509,1.8400401436000084,0.00368008028719962
Fixed turnover,2025,TV-MVP L1=3e-05,False,0.061033152697329784,249,2025-01-01,2025-12-31,0.06179075918080401,0.06302578419887839,0.6228826308852058,0.10505771312424109,0.013231754142370588,0.013236267288334146,-0.09050455513824096,0.5802021448594759,0.0011604042897187777
Fixed turnover,2025,TV-MVP L1=0.0001,False,0.041839181050724816,249,2025-01-01,2025-12-31,0.04235379584050403,0.04236117412703022,0.4385452156442787,0.10778260541706737,0.014260399103177057,0.014260399103177057,-0.10464228805048559,0.0035448487772027732,7.08969755456402e-06
Fixed turnover,2026,TV-MVP baseline,True,-0.10269773060059506,163,2026-01-01,2026-08-31,-0.1542485422497929,-0.14716234762011993,-1.3385648415270273,0.11964827233865771,0.018317238945458416,0.018317238945458416,-0.12563588938337034,4.161391814697847,0.008322783629396022
Fixed turnover,2026,TV-MVP L1=1e-06,True,-0.1031764228289982,163,2026-01-01,2026-08-31,-0.15494598737042753,-0.14838777771033584,-1.3384368200755876,0.12023354307253585,0.018524412696865687,0.018524412696865687,-0.12503675403803483,3.8556845495071346,0.007711369099014258
Fixed turnover,2026,TV-MVP L1=3e-06,True,-0.1048810224620661,163,2026-01-01,2026-08-31,-0.15742790461841805,-0.1518727166905094,-1.3477588083619956,0.12150776329694982,0.018898733081250542,0.018898733081250542,-0.1244238764374298,3.278606975888841,0.006557213951777639
Fixed turnover,2026,TV-MVP L1=1e-05,True,-0.11121637813991403,163,2026-01-01,2026-08-31,-0.16662963209066672,-0.16305902738759848,-1.4273137092509083,0.12239793871683535,0.01885508737064411,0.01885508737064411,-0.13478151926735682,2.134293646466686,0.004268587292933256
Fixed turnover,2026,TV-MVP L1=3e-05,True,-0.13759699817800541,163,2026-01-01,2026-08-31,-0.20456028209163357,-0.20301212275660507,-1.7764289340570638,0.12443169309686859,0.01970357172215192,0.01970357172215192,-0.14132095903231368,0.971547834582338,0.0019430956691647537
Fixed turnover,2026,TV-MVP L1=0.0001,True,-0.06321874863518184,163,2026-01-01,2026-08-31,-0.09603358784116456,-0.0957305314112269,-0.7947664502951748,0.11824965105008711,0.01748554134533151,0.01748554134533151,-0.11519908937217327,0.16738489183860125,0.00033476978367711014
