Date,^NSEI
2015-01-02,8395.45019531
2015-01-05,8378.40039062
2015-01-06,8127.35009766
2015-01-07,8102.10009766
2015-01-08,8234.59960938
2015-01-09,8284.50000000
2015-01-12,8323.00000000
2015-01-13,8299.40039062
2015-01-14,8277.54980469
2015-01-15,8494.15039062
2015-01-16,8513.79980469
2015-01-19,8550.70019531
2015-01-20,8695.59960938
2015-01-21,8729.50000000
2015-01-22,8761.40039062
2015-01-23,8835.59960938
2015-01-27,8910.50000000
2015-01-28,8914.29980469
2015-01-29,8952.34960938
2015-01-30,8808.90039062
2015-02-02,8797.40039062
2015-02-03,8756.54980469
2015-02-04,8723.70019531
2015-02-05,8711.70019531
2015-02-06,8661.04980469
2015-02-09,8526.34960938
2015-02-10,8565.54980469
2015-02-11,8627.40039062
2015-02-12,8711.54980469
2015-02-13,8805.50000000
2015-02-16,8809.34960938
2015-02-18,8869.09960938
2015-02-19,8895.29980469
2015-02-20,8833.59960938
2015-02-23,8754.95019531
2015-02-24,8762.09960938
2015-02-25,8767.25000000
2015-02-26,8683.84960938
2015-02-27,8844.59960938
2015-03-02,8956.75000000
2015-03-03,8996.25000000
2015-03-04,8922.65039062
2015-03-05,8937.75000000
2015-03-09,8756.75000000
2015-03-10,8712.04980469
2015-03-11,8699.95019531
2015-03-12,8776.00000000
2015-03-13,8647.75000000
2015-03-16,8633.15039062
2015-03-17,8723.29980469
2015-03-18,8685.90039062
2015-03-19,8634.65039062
2015-03-20,8570.90039062
2015-03-23,8550.90039062
2015-03-24,8542.95019531
2015-03-25,8530.79980469
2015-03-26,8342.15039062
2015-03-27,8341.40039062
2015-03-30,8492.29980469
2015-03-31,8491.00000000
2015-04-01,8586.25000000
2015-04-06,8659.90039062
2015-04-07,8660.29980469
2015-04-08,8714.40039062
2015-04-09,8778.29980469
2015-04-10,8780.34960938
2015-04-13,8834.00000000
2015-04-16,8706.70019531
2015-04-17,8606.00000000
2015-04-20,8448.09960938
2015-04-21,8377.75000000
2015-04-22,8429.70019531
2015-04-23,8398.29980469
2015-04-24,8305.25000000
2015-04-27,8213.79980469
2015-04-28,8285.59960938
2015-04-29,8239.75000000
2015-04-30,8181.50000000
2015-05-04,8331.95019531
2015-05-05,8324.79980469
2015-05-06,8097.00000000
2015-05-07,8057.29980469
2015-05-08,8191.50000000
2015-05-11,8325.25000000
2015-05-12,8126.95019531
2015-05-13,8235.45019531
2015-05-14,8224.20019531
2015-05-15,8262.34960938
2015-05-18,8373.65039062
2015-05-19,8365.65039062
2015-05-20,8423.25000000
2015-05-21,8421.00000000
2015-05-22,8458.95019531
2015-05-25,8370.25000000
2015-05-26,8339.34960938
2015-05-27,8334.59960938
2015-05-28,8319.00000000
2015-05-29,8433.65039062
2015-06-01,8433.40039062
2015-06-02,8236.45019531
2015-06-03,8135.10009766
2015-06-04,8130.64990234
2015-06-05,8114.70019531
2015-06-08,8044.14990234
2015-06-09,8022.39990234
2015-06-10,8124.45019531
2015-06-11,7965.35009766
2015-06-12,7982.89990234
2015-06-15,8013.89990234
2015-06-16,8047.29980469
2015-06-17,8091.54980469
2015-06-18,8174.60009766
2015-06-19,8224.95019531
2015-06-22,8353.09960938
2015-06-23,8381.54980469
2015-06-24,8360.84960938
2015-06-25,8398.00000000
2015-06-26,8381.09960938
2015-06-29,8318.40039062
2015-06-30,8368.50000000
2015-07-01,8453.04980469
2015-07-02,8444.90039062
2015-07-03,8484.90039062
2015-07-06,8522.15039062
2015-07-07,8510.79980469
2015-07-08,8363.04980469
2015-07-09,8328.54980469
2015-07-10,8360.54980469
2015-07-13,8459.65039062
2015-07-14,8454.09960938
2015-07-15,8523.79980469
2015-07-16,8608.04980469
2015-07-17,8609.84960938
2015-07-20,8603.45019531
2015-07-21,8529.45019531
2015-07-22,8633.50000000
2015-07-23,8589.79980469
2015-07-24,8521.54980469
2015-07-27,8361.00000000
2015-07-28,8337.00000000
2015-07-29,8375.04980469
2015-07-30,8421.79980469
2015-07-31,8532.84960938
2015-08-03,8543.04980469
2015-08-04,8516.90039062
2015-08-05,8567.95019531
2015-08-06,8588.65039062
2015-08-07,8564.59960938
2015-08-10,8525.59960938
2015-08-11,8462.34960938
2015-08-12,8349.45019531
2015-08-13,8355.84960938
2015-08-14,8518.54980469
2015-08-17,8477.29980469
2015-08-18,8466.54980469
2015-08-19,8495.15039062
2015-08-20,8372.75000000
2015-08-21,8299.95019531
2015-08-24,7809.00000000
2015-08-25,7880.70019531
2015-08-26,7791.85009766
2015-08-27,7948.95019531
2015-08-28,8001.95019531
2015-08-31,7971.29980469
2015-09-01,7785.85009766
2015-09-02,7717.00000000
2015-09-03,7823.00000000
2015-09-04,7655.04980469
2015-09-07,7558.79980469
2015-09-08,7688.25000000
2015-09-09,7818.60009766
2015-09-10,7788.10009766
2015-09-11,7789.29980469
2015-09-14,7872.25000000
2015-09-15,7829.10009766
2015-09-16,7899.14990234
2015-09-18,7981.89990234
2015-09-21,7977.10009766
2015-09-22,7812.00000000
2015-09-23,7845.95019531
2015-09-24,7868.50000000
2015-09-28,7795.70019531
2015-09-29,7843.29980469
2015-09-30,7948.89990234
2015-10-01,7950.89990234
2015-10-05,8119.29980469
2015-10-06,8152.89990234
2015-10-07,8177.39990234
2015-10-08,8129.35009766
2015-10-09,8189.70019531
2015-10-12,8143.60009766
2015-10-13,8131.70019531
2015-10-14,8107.89990234
2015-10-15,8179.50000000
2015-10-16,8238.15039062
2015-10-19,8275.04980469
2015-10-20,8261.65039062
2015-10-21,8251.70019531
2015-10-23,8295.45019531
2015-10-26,8260.54980469
2015-10-27,8232.90039062
2015-10-28,8171.20019531
2015-10-29,8111.75000000
2015-10-30,8065.79980469
2015-11-02,8050.79980469
2015-11-03,8060.70019531
2015-11-04,8040.20019531
2015-11-05,7955.45019531
2015-11-06,7954.29980469
2015-11-09,7915.20019531
2015-11-10,7783.35009766
2015-11-13,7762.25000000
2015-11-16,7806.60009766
2015-11-17,7837.54980469
2015-11-18,7731.79980469
2015-11-19,7842.75000000
2015-11-20,7856.54980469
2015-11-23,7849.25000000
2015-11-24,7831.60009766
2015-11-26,7883.79980469
2015-11-27,7942.70019531
2015-11-30,7935.25000000
2015-12-01,7954.89990234
2015-12-02,7931.35009766
2015-12-03,7864.14990234
2015-12-04,7781.89990234
2015-12-07,7765.39990234
2015-12-08,7701.70019531
2015-12-09,7612.50000000
2015-12-10,7683.29980469
2015-12-11,7610.45019531
2015-12-14,7650.04980469
2015-12-15,7700.89990234
2015-12-16,7750.89990234
2015-12-17,7844.35009766
2015-12-18,7761.95019531
2015-12-21,7834.45019531
2015-12-22,7786.10009766
2015-12-23,7865.95019531
2015-12-24,7861.04980469
2015-12-28,7925.14990234
2015-12-29,7928.95019531
2015-12-30,7896.25000000
2015-12-31,7946.35009766
2016-01-04,7791.29980469
2016-01-05,7784.64990234
2016-01-06,7741.00000000
2016-01-07,7568.29980469
2016-01-08,7601.35009766
2016-01-11,7563.85009766
2016-01-12,7510.29980469
2016-01-13,7562.39990234
2016-01-14,7536.79980469
2016-01-15,7437.79980469
2016-01-18,7351.00000000
2016-01-19,7435.10009766
2016-01-20,7309.29980469
2016-01-21,7276.79980469
2016-01-22,7422.45019531
2016-01-25,7436.14990234
2016-01-27,7437.75000000
2016-01-28,7424.64990234
2016-01-29,7563.54980469
2016-02-01,7555.95019531
2016-02-02,7455.54980469
2016-02-03,7361.79980469
2016-02-04,7404.00000000
2016-02-05,7489.10009766
2016-02-08,7387.25000000
2016-02-09,7298.20019531
2016-02-10,7215.70019531
2016-02-11,6976.35009766
2016-02-12,6980.95019531
2016-02-15,7162.95019531
2016-02-16,7048.25000000
2016-02-17,7108.45019531
2016-02-18,7191.75000000
2016-02-19,7210.75000000
2016-02-22,7234.54980469
2016-02-23,7109.54980469
2016-02-24,7018.70019531
2016-02-25,6970.60009766
2016-02-26,7029.75000000
2016-02-29,6987.04980469
2016-03-01,7222.29980469
2016-03-02,7368.85009766
2016-03-03,7475.60009766
2016-03-04,7485.35009766
2016-03-08,7485.29980469
2016-03-09,7531.79980469
2016-03-10,7486.14990234
2016-03-11,7510.20019531
2016-03-14,7538.75000000
2016-03-15,7460.60009766
2016-03-16,7498.75000000
2016-03-17,7512.54980469
2016-03-18,7604.35009766
2016-03-21,7704.25000000
2016-03-22,7714.89990234
2016-03-23,7716.50000000
2016-03-28,7615.10009766
2016-03-29,7597.00000000
2016-03-30,7735.20019531
2016-03-31,7738.39990234
2016-04-01,7713.04980469
2016-04-04,7758.79980469
2016-04-05,7603.20019531
2016-04-06,7614.35009766
2016-04-07,7546.45019531
2016-04-08,7555.20019531
2016-04-11,7671.39990234
2016-04-12,7708.95019531
2016-04-13,7850.45019531
2016-04-18,7914.70019531
2016-04-20,7914.75000000
2016-04-21,7912.04980469
2016-04-22,7899.29980469
2016-04-25,7855.04980469
2016-04-26,7962.64990234
2016-04-27,7979.89990234
2016-04-28,7847.25000000
2016-04-29,7849.79980469
2016-05-02,7805.89990234
2016-05-03,7747.00000000
2016-05-04,7706.54980469
2016-05-05,7735.50000000
2016-05-06,7733.45019531
2016-05-09,7866.04980469
2016-05-10,7887.79980469
2016-05-11,7848.85009766
2016-05-12,7900.39990234
2016-05-13,7814.89990234
2016-05-16,7860.75000000
2016-05-17,7890.75000000
2016-05-18,7870.14990234
2016-05-19,7783.39990234
2016-05-20,7749.70019531
2016-05-23,7731.04980469
2016-05-24,7748.85009766
2016-05-25,7934.89990234
2016-05-26,8069.64990234
2016-05-27,8156.64990234
2016-05-30,8178.50000000
2016-05-31,8160.10009766
2016-06-01,8179.95019531
2016-06-02,8218.95019531
2016-06-03,8220.79980469
2016-06-06,8201.04980469
2016-06-07,8266.45019531
2016-06-08,8273.04980469
2016-06-09,8203.59960938
2016-06-10,8170.04980469
2016-06-13,8110.60009766
2016-06-14,8108.85009766
2016-06-15,8206.59960938
2016-06-16,8140.75000000
2016-06-17,8170.20019531
2016-06-20,8238.50000000
2016-06-21,8219.90039062
2016-06-22,8203.70019531
2016-06-23,8270.45019531
2016-06-24,8088.60009766
2016-06-27,8094.70019531
2016-06-28,8127.85009766
2016-06-29,8204.00000000
2016-06-30,8287.75000000
2016-07-01,8328.34960938
2016-07-04,8370.70019531
2016-07-05,8335.95019531
2016-07-07,8337.90039062
2016-07-08,8323.20019531
2016-07-11,8467.90039062
2016-07-12,8521.04980469
2016-07-13,8519.50000000
2016-07-14,8565.00000000
2016-07-15,8541.40039062
2016-07-18,8508.70019531
2016-07-19,8528.54980469
2016-07-20,8565.84960938
2016-07-21,8510.09960938
2016-07-22,8541.20019531
2016-07-25,8635.65039062
2016-07-26,8590.65039062
2016-07-27,8615.79980469
2016-07-28,8666.29980469
2016-07-29,8638.50000000
2016-08-01,8636.54980469
2016-08-02,8622.90039062
2016-08-03,8544.84960938
2016-08-04,8551.09960938
2016-08-05,8683.15039062
2016-08-08,8711.34960938
2016-08-09,8678.25000000
2016-08-10,8575.29980469
2016-08-11,8592.15039062
2016-08-16,8642.54980469
2016-08-17,8624.04980469
2016-08-18,8673.25000000
2016-08-19,8666.90039062
2016-08-22,8629.15039062
2016-08-23,8632.59960938
2016-08-24,8650.29980469
2016-08-25,8592.20019531
2016-08-26,8572.54980469
2016-08-29,8607.45019531
2016-08-30,8744.34960938
2016-08-31,8786.20019531
2016-09-01,8774.65039062
2016-09-02,8809.65039062
2016-09-06,8943.00000000
2016-09-07,8917.95019531
2016-09-08,8952.50000000
2016-09-09,8866.70019531
2016-09-12,8715.59960938
2016-09-14,8726.59960938
2016-09-15,8742.54980469
2016-09-16,8779.84960938
2016-09-19,8808.40039062
2016-09-20,8775.90039062
2016-09-21,8777.15039062
2016-09-22,8867.45019531
2016-09-23,8831.54980469
2016-09-26,8723.04980469
2016-09-27,8706.40039062
2016-09-28,8745.15039062
2016-09-29,8591.25000000
2016-09-30,8611.15039062
2016-10-03,8738.09960938
2016-10-04,8769.15039062
2016-10-05,8743.95019531
2016-10-06,8709.54980469
2016-10-07,8697.59960938
2016-10-10,8708.79980469
2016-10-13,8573.34960938
2016-10-14,8583.40039062
2016-10-17,8520.40039062
2016-10-18,8677.90039062
2016-10-19,8659.09960938
2016-10-20,8699.40039062
2016-10-21,8693.04980469
2016-10-24,8708.95019531
2016-10-25,8691.29980469
2016-10-26,8615.25000000
2016-10-27,8615.25000000
2016-10-28,8638.00000000
2016-11-01,8626.25000000
2016-11-02,8514.00000000
2016-11-03,8484.95019531
2016-11-04,8433.75000000
2016-11-07,8497.04980469
2016-11-08,8543.54980469
2016-11-09,8432.00000000
2016-11-10,8525.75000000
2016-11-11,8296.29980469
2016-11-15,8108.45019531
2016-11-16,8111.60009766
2016-11-17,8079.95019531
2016-11-18,8074.10009766
2016-11-21,7929.10009766
2016-11-22,8002.29980469
2016-11-23,8033.29980469
2016-11-24,7965.50000000
2016-11-25,8114.29980469
2016-11-28,8126.89990234
2016-11-29,8142.14990234
2016-11-30,8224.50000000
2016-12-01,8192.90039062
2016-12-02,8086.79980469
2016-12-05,8128.75000000
2016-12-06,8143.14990234
2016-12-07,8102.04980469
2016-12-08,8246.84960938
2016-12-09,8261.75000000
2016-12-12,8170.79980469
2016-12-13,8221.79980469
2016-12-14,8182.45019531
2016-12-15,8153.60009766
2016-12-16,8139.45019531
2016-12-19,8104.35009766
2016-12-20,8082.39990234
2016-12-21,8061.29980469
2016-12-22,7979.10009766
2016-12-23,7985.75000000
2016-12-26,7908.25000000
2016-12-27,8032.85009766
2016-12-28,8034.85009766
2016-12-29,8103.60009766
2016-12-30,8185.79980469
2017-01-02,8179.50000000
2017-01-03,8192.25000000
2017-01-04,8190.50000000
2017-01-05,8273.79980469
2017-01-06,8243.79980469
2017-01-09,8236.04980469
2017-01-10,8288.59960938
2017-01-11,8380.65039062
2017-01-12,8407.20019531
2017-01-13,8400.34960938
2017-01-16,8412.79980469
2017-01-17,8398.00000000
2017-01-18,8417.00000000
2017-01-19,8435.09960938
2017-01-20,8349.34960938
2017-01-23,8391.50000000
2017-01-24,8475.79980469
2017-01-25,8602.75000000
2017-01-27,8641.25000000
2017-01-30,8632.75000000
2017-01-31,8561.29980469
2017-02-01,8716.40039062
2017-02-02,8734.25000000
2017-02-03,8740.95019531
2017-02-06,8801.04980469
2017-02-07,8768.29980469
2017-02-08,8769.04980469
2017-02-09,8778.40039062
2017-02-10,8793.54980469
2017-02-13,8805.04980469
2017-02-14,8792.29980469
2017-02-15,8724.70019531
2017-02-16,8778.00000000
2017-02-17,8821.70019531
2017-02-20,8879.20019531
2017-02-21,8907.84960938
2017-02-22,8926.90039062
2017-02-23,8939.50000000
2017-02-27,8896.70019531
2017-02-28,8879.59960938
2017-03-01,8945.79980469
2017-03-02,8899.75000000
2017-03-03,8897.54980469
2017-03-06,8963.45019531
2017-03-07,8946.90039062
2017-03-08,8924.29980469
2017-03-09,8927.00000000
2017-03-10,8934.54980469
2017-03-14,9087.00000000
2017-03-15,9084.79980469
2017-03-16,9153.70019531
2017-03-17,9160.04980469
2017-03-20,9126.84960938
2017-03-21,9121.50000000
2017-03-22,9030.45019531
2017-03-23,9086.29980469
2017-03-24,9108.00000000
2017-03-27,9045.20019531
2017-03-28,9100.79980469
2017-03-29,9143.79980469
2017-03-30,9173.75000000
2017-03-31,9173.75000000
2017-04-03,9237.84960938
2017-04-05,9265.15039062
2017-04-06,9261.95019531
2017-04-07,9198.29980469
2017-04-10,9181.45019531
2017-04-11,9237.00000000
2017-04-12,9203.45019531
2017-04-13,9150.79980469
2017-04-17,9139.29980469
2017-04-18,9105.15039062
2017-04-19,9103.50000000
2017-04-20,9136.40039062
2017-04-21,9119.40039062
2017-04-24,9217.95019531
2017-04-25,9306.59960938
2017-04-26,9351.84960938
2017-04-27,9342.15039062
2017-04-28,9304.04980469
2017-05-02,9313.79980469
2017-05-03,9311.95019531
2017-05-04,9359.90039062
2017-05-05,9285.29980469
2017-05-08,9314.04980469
2017-05-09,9316.84960938
2017-05-10,9407.29980469
2017-05-11,9422.40039062
2017-05-12,9400.90039062
2017-05-15,9445.40039062
2017-05-16,9512.25000000
2017-05-17,9525.75000000
2017-05-18,9429.45019531
2017-05-19,9427.90039062
2017-05-22,9438.25000000
2017-05-23,9386.15039062
2017-05-24,9360.54980469
2017-05-25,9509.75000000
2017-05-26,9595.09960938
2017-05-29,9604.90039062
2017-05-30,9624.54980469
2017-05-31,9621.25000000
2017-06-01,9616.09960938
2017-06-02,9653.50000000
2017-06-05,9675.09960938
2017-06-06,9637.15039062
2017-06-07,9663.90039062
2017-06-08,9647.25000000
2017-06-09,9668.25000000
2017-06-12,9616.40039062
2017-06-13,9606.90039062
2017-06-14,9618.15039062
2017-06-15,9578.04980469
2017-06-16,9588.04980469
2017-06-19,9657.54980469
2017-06-20,9653.50000000
2017-06-21,9633.59960938
2017-06-22,9630.00000000
2017-06-23,9574.95019531
2017-06-27,9511.40039062
2017-06-28,9491.25000000
2017-06-29,9504.09960938
2017-06-30,9520.90039062
2017-07-03,9615.00000000
2017-07-04,9613.29980469
2017-07-05,9637.59960938
2017-07-06,9674.54980469
2017-07-07,9665.79980469
2017-07-10,9771.04980469
2017-07-11,9786.04980469
2017-07-12,9816.09960938
2017-07-13,9891.70019531
2017-07-14,9886.34960938
2017-07-17,9915.95019531
2017-07-18,9827.15039062
2017-07-19,9899.59960938
2017-07-20,9873.29980469
2017-07-21,9915.25000000
2017-07-24,9966.40039062
2017-07-25,9964.54980469
2017-07-26,10020.65039062
2017-07-27,10020.54980469
2017-07-28,10014.50000000
2017-07-31,10077.09960938
2017-08-01,10114.65039062
2017-08-02,10081.50000000
2017-08-03,10013.65039062
2017-08-04,10066.40039062
2017-08-07,10057.40039062
2017-08-08,9978.54980469
2017-08-09,9908.04980469
2017-08-10,9820.25000000
2017-08-11,9710.79980469
2017-08-14,9794.15039062
2017-08-16,9897.29980469
2017-08-17,9904.15039062
2017-08-18,9837.40039062
2017-08-21,9754.34960938
2017-08-22,9765.54980469
2017-08-23,9852.50000000
2017-08-24,9857.04980469
2017-08-28,9912.79980469
2017-08-29,9796.04980469
2017-08-30,9884.40039062
2017-08-31,9917.90039062
2017-09-01,9974.40039062
2017-09-04,9912.84960938
2017-09-05,9952.20019531
2017-09-06,9916.20019531
2017-09-07,9929.90039062
2017-09-08,9934.79980469
2017-09-11,10006.04980469
2017-09-12,10093.04980469
2017-09-13,10079.29980469
2017-09-14,10086.59960938
2017-09-15,10085.40039062
2017-09-18,10153.09960938
2017-09-19,10147.54980469
2017-09-20,10141.15039062
2017-09-21,10121.90039062
2017-09-22,9964.40039062
2017-09-25,9872.59960938
2017-09-26,9871.50000000
2017-09-27,9735.75000000
2017-09-28,9768.95019531
2017-09-29,9788.59960938
2017-10-03,9859.50000000
2017-10-04,9914.90039062
2017-10-05,9888.70019531
2017-10-06,9979.70019531
2017-10-09,9988.75000000
2017-10-10,10016.95019531
2017-10-11,9984.79980469
2017-10-12,10096.40039062
2017-10-13,10167.45019531
2017-10-16,10230.84960938
2017-10-17,10234.45019531
2017-10-18,10210.84960938
2017-10-19,10146.54980469
2017-10-23,10184.84960938
2017-10-24,10207.70019531
2017-10-25,10295.34960938
2017-10-26,10343.79980469
2017-10-27,10323.04980469
2017-10-30,10363.65039062
2017-10-31,10335.29980469
2017-11-01,10440.50000000
2017-11-02,10423.79980469
2017-11-03,10452.50000000
2017-11-06,10451.79980469
2017-11-07,10350.15039062
2017-11-08,10303.15039062
2017-11-09,10308.95019531
2017-11-10,10321.75000000
2017-11-13,10224.95019531
2017-11-14,10186.59960938
2017-11-15,10118.04980469
2017-11-16,10214.75000000
2017-11-17,10283.59960938
2017-11-20,10298.75000000
2017-11-21,10326.90039062
2017-11-22,10342.29980469
2017-11-23,10348.75000000
2017-11-24,10389.70019531
2017-11-27,10399.54980469
2017-11-28,10370.25000000
2017-11-29,10361.29980469
2017-11-30,10226.54980469
2017-12-01,10121.79980469
2017-12-04,10127.75000000
2017-12-05,10118.25000000
2017-12-06,10044.09960938
2017-12-07,10166.70019531
2017-12-08,10265.65039062
2017-12-11,10322.25000000
2017-12-12,10240.15039062
2017-12-13,10192.95019531
2017-12-14,10252.09960938
2017-12-15,10333.25000000
2017-12-18,10388.75000000
2017-12-19,10463.20019531
2017-12-20,10444.20019531
2017-12-21,10440.29980469
2017-12-22,10493.00000000
2017-12-26,10531.50000000
2017-12-27,10490.75000000
2017-12-28,10477.90039062
2017-12-29,10530.70019531
2018-01-02,10442.20019531
2018-01-03,10443.20019531
2018-01-04,10504.79980469
2018-01-05,10558.84960938
2018-01-08,10623.59960938
2018-01-09,10637.00000000
2018-01-10,10632.20019531
2018-01-11,10651.20019531
2018-01-12,10681.25000000
2018-01-15,10741.54980469
2018-01-16,10700.45019531
2018-01-17,10788.54980469
2018-01-18,10817.00000000
2018-01-19,10894.70019531
2018-01-22,10966.20019531
2018-01-23,11083.70019531
2018-01-24,11086.00000000
2018-01-25,11069.65039062
2018-01-29,11130.40039062
2018-01-30,11049.65039062
2018-01-31,11027.70019531
2018-02-01,11016.90039062
2018-02-02,10760.59960938
2018-02-05,10666.54980469
2018-02-06,10498.25000000
2018-02-07,10476.70019531
2018-02-08,10576.84960938
2018-02-09,10454.95019531
2018-02-12,10539.75000000
2018-02-14,10500.90039062
2018-02-15,10545.50000000
2018-02-16,10452.29980469
2018-02-19,10378.40039062
2018-02-20,10360.40039062
2018-02-21,10397.45019531
2018-02-22,10382.70019531
2018-02-23,10491.04980469
2018-02-26,10582.59960938
2018-02-27,10554.29980469
2018-02-28,10492.84960938
2018-03-01,10458.34960938
2018-03-05,10358.84960938
2018-03-06,10249.25000000
2018-03-07,10154.20019531
2018-03-08,10242.65039062
2018-03-09,10226.84960938
2018-03-12,10421.40039062
2018-03-13,10426.84960938
2018-03-14,10410.90039062
2018-03-15,10360.15039062
2018-03-16,10195.15039062
2018-03-19,10094.25000000
2018-03-20,10124.34960938
2018-03-21,10155.25000000
2018-03-22,10114.75000000
2018-03-23,9998.04980469
2018-03-26,10130.65039062
2018-03-27,10184.15039062
2018-03-28,10113.70019531
2018-04-02,10211.79980469
2018-04-03,10245.00000000
2018-04-04,10128.40039062
2018-04-05,10325.15039062
2018-04-06,10331.59960938
2018-04-09,10379.34960938
2018-04-10,10402.25000000
2018-04-11,10417.15039062
2018-04-12,10458.65039062
2018-04-13,10480.59960938
2018-04-16,10528.34960938
2018-04-17,10548.70019531
2018-04-18,10526.20019531
2018-04-19,10565.29980469
2018-04-20,10564.04980469
2018-04-23,10584.70019531
2018-04-24,10614.34960938
2018-04-25,10570.54980469
2018-04-26,10617.79980469
2018-04-27,10692.29980469
2018-04-30,10739.34960938
2018-05-02,10718.04980469
2018-05-03,10679.65039062
2018-05-04,10618.25000000
2018-05-07,10715.50000000
2018-05-08,10717.79980469
2018-05-09,10741.70019531
2018-05-10,10716.54980469
2018-05-11,10806.50000000
2018-05-14,10806.59960938
2018-05-15,10801.84960938
2018-05-16,10741.09960938
2018-05-17,10682.70019531
2018-05-18,10596.40039062
2018-05-21,10516.70019531
2018-05-22,10536.70019531
2018-05-23,10430.34960938
2018-05-24,10513.84960938
2018-05-25,10605.15039062
2018-05-28,10688.65039062
2018-05-29,10633.29980469
2018-05-30,10614.34960938
2018-05-31,10736.15039062
2018-06-01,10696.20019531
2018-06-04,10628.50000000
2018-06-05,10593.15039062
2018-06-06,10684.65039062
2018-06-07,10768.34960938
2018-06-08,10767.65039062
2018-06-11,10786.95019531
2018-06-12,10842.84960938
2018-06-13,10856.70019531
2018-06-14,10808.04980469
2018-06-15,10817.70019531
2018-06-18,10799.84960938
2018-06-19,10710.45019531
2018-06-20,10772.04980469
2018-06-21,10741.09960938
2018-06-22,10821.84960938
2018-06-25,10762.45019531
2018-06-26,10769.15039062
2018-06-27,10671.40039062
2018-06-28,10589.09960938
2018-06-29,10714.29980469
2018-07-02,10657.29980469
2018-07-03,10699.90039062
2018-07-04,10769.90039062
2018-07-05,10749.75000000
2018-07-06,10772.65039062
2018-07-09,10852.90039062
2018-07-10,10947.25000000
2018-07-11,10948.29980469
2018-07-12,11023.20019531
2018-07-13,11018.90039062
2018-07-16,10936.84960938
2018-07-17,11008.04980469
2018-07-18,10980.45019531
2018-07-19,10957.09960938
2018-07-20,11010.20019531
2018-07-23,11084.75000000
2018-07-24,11134.29980469
2018-07-25,11132.00000000
2018-07-26,11167.29980469
2018-07-27,11278.34960938
2018-07-30,11319.54980469
2018-07-31,11356.50000000
2018-08-01,11346.20019531
2018-08-02,11244.70019531
2018-08-03,11360.79980469
2018-08-06,11387.09960938
2018-08-07,11389.45019531
2018-08-08,11450.00000000
2018-08-09,11470.70019531
2018-08-10,11429.50000000
2018-08-13,11355.75000000
2018-08-14,11435.09960938
2018-08-16,11385.04980469
2018-08-17,11470.75000000
2018-08-20,11551.75000000
2018-08-21,11570.90039062
2018-08-23,11582.75000000
2018-08-24,11557.09960938
2018-08-27,11691.95019531
2018-08-28,11738.50000000
2018-08-29,11691.90039062
2018-08-30,11676.79980469
2018-08-31,11680.50000000
2018-09-03,11582.34960938
2018-09-04,11520.29980469
2018-09-05,11476.95019531
2018-09-06,11536.90039062
2018-09-07,11589.09960938
2018-09-10,11438.09960938
2018-09-11,11287.50000000
2018-09-12,11369.90039062
2018-09-14,11515.20019531
2018-09-17,11377.75000000
2018-09-18,11278.90039062
2018-09-19,11234.34960938
2018-09-21,11143.09960938
2018-09-24,10967.40039062
2018-09-25,11067.45019531
2018-09-26,11053.79980469
2018-09-27,10977.54980469
2018-09-28,10930.45019531
2018-10-01,11008.29980469
2018-10-03,10858.25000000
2018-10-04,10599.25000000
2018-10-05,10316.45019531
2018-10-08,10348.04980469
2018-10-09,10301.04980469
2018-10-10,10460.09960938
2018-10-11,10234.65039062
2018-10-12,10472.50000000
2018-10-15,10512.50000000
2018-10-16,10584.75000000
2018-10-17,10453.04980469
2018-10-19,10303.54980469
2018-10-22,10245.25000000
2018-10-23,10146.79980469
2018-10-24,10224.75000000
2018-10-25,10124.90039062
2018-10-26,10030.00000000
2018-10-29,10250.84960938
2018-10-30,10198.40039062
2018-10-31,10386.59960938
2018-11-01,10380.45019531
2018-11-02,10553.00000000
2018-11-05,10524.00000000
2018-11-06,10530.00000000
2018-11-07,10598.40039062
2018-11-09,10585.20019531
2018-11-12,10482.20019531
2018-11-13,10582.50000000
2018-11-14,10576.29980469
2018-11-15,10616.70019531
2018-11-16,10682.20019531
2018-11-19,10763.40039062
2018-11-20,10656.20019531
2018-11-21,10600.04980469
2018-11-22,10526.75000000
2018-11-26,10628.59960938
2018-11-27,10685.59960938
2018-11-28,10728.84960938
2018-11-29,10858.70019531
2018-11-30,10876.75000000
2018-12-03,10883.75000000
2018-12-04,10869.50000000
2018-12-05,10782.90039062
2018-12-06,10601.15039062
2018-12-07,10693.70019531
2018-12-10,10488.45019531
2018-12-11,10549.15039062
2018-12-12,10737.59960938
2018-12-13,10791.54980469
2018-12-14,10805.45019531
2018-12-17,10888.34960938
2018-12-18,10908.70019531
2018-12-19,10967.29980469
2018-12-20,10951.70019531
2018-12-21,10754.00000000
2018-12-24,10663.50000000
2018-12-26,10729.84960938
2018-12-27,10779.79980469
2018-12-28,10859.90039062
2018-12-31,10862.54980469
2019-01-02,10792.50000000
2019-01-03,10672.25000000
2019-01-04,10727.34960938
2019-01-07,10771.79980469
2019-01-08,10802.15039062
2019-01-09,10855.15039062
2019-01-10,10821.59960938
2019-01-11,10794.95019531
2019-01-14,10737.59960938
2019-01-15,10886.79980469
2019-01-16,10890.29980469
2019-01-17,10905.20019531
2019-01-18,10906.95019531
2019-01-21,10961.84960938
2019-01-22,10922.75000000
2019-01-23,10831.50000000
2019-01-24,10849.79980469
2019-01-25,10780.54980469
2019-01-28,10661.54980469
2019-01-29,10652.20019531
2019-01-30,10651.79980469
2019-01-31,10830.95019531
2019-02-01,10893.65039062
2019-02-04,10912.25000000
2019-02-05,10934.34960938
2019-02-06,11062.45019531
2019-02-07,11069.40039062
2019-02-08,10943.59960938
2019-02-11,10888.79980469
2019-02-12,10831.40039062
2019-02-14,10746.04980469
2019-02-15,10724.40039062
2019-02-18,10640.95019531
2019-02-19,10604.34960938
2019-02-20,10735.45019531
2019-02-21,10789.84960938
2019-02-22,10791.65039062
2019-02-25,10880.09960938
2019-02-26,10835.29980469
2019-02-27,10806.65039062
2019-02-28,10792.50000000
2019-03-01,10863.50000000
2019-03-05,10987.45019531
2019-03-06,11053.00000000
2019-03-07,11058.20019531
2019-03-08,11035.40039062
2019-03-11,11168.04980469
2019-03-12,11301.20019531
2019-03-13,11341.70019531
2019-03-14,11343.25000000
2019-03-15,11426.84960938
2019-03-18,11462.20019531
2019-03-19,11532.40039062
2019-03-20,11521.04980469
2019-03-22,11456.90039062
2019-03-25,11354.25000000
2019-03-26,11483.25000000
2019-03-27,11445.04980469
2019-03-28,11570.00000000
2019-04-01,11669.15039062
2019-04-02,11713.20019531
2019-04-03,11643.95019531
2019-04-04,11598.00000000
2019-04-05,11665.95019531
2019-04-08,11604.50000000
2019-04-09,11671.95019531
2019-04-10,11584.29980469
2019-04-11,11596.70019531
2019-04-12,11643.45019531
2019-04-15,11690.34960938
2019-04-16,11787.15039062
2019-04-18,11752.79980469
2019-04-22,11594.45019531
2019-04-23,11575.95019531
2019-04-24,11726.15039062
2019-04-25,11641.79980469
2019-04-26,11754.65039062
2019-04-30,11748.15039062
2019-05-02,11724.75000000
2019-05-03,11712.25000000
2019-05-06,11598.25000000
2019-05-07,11497.90039062
2019-05-08,11359.45019531
2019-05-09,11301.79980469
2019-05-10,11278.90039062
2019-05-13,11148.20019531
2019-05-14,11222.04980469
2019-05-15,11157.00000000
2019-05-16,11257.09960938
2019-05-17,11407.15039062
2019-05-20,11828.25000000
2019-05-21,11709.09960938
2019-05-22,11737.90039062
2019-05-23,11657.04980469
2019-05-24,11844.09960938
2019-05-27,11924.75000000
2019-05-28,11928.75000000
2019-05-29,11861.09960938
2019-05-30,11945.90039062
2019-05-31,11922.79980469
2019-06-03,12088.54980469
2019-06-04,12021.65039062
2019-06-06,11843.75000000
2019-06-07,11870.65039062
2019-06-10,11922.70019531
2019-06-11,11965.59960938
2019-06-12,11906.20019531
2019-06-13,11914.04980469
2019-06-14,11823.29980469
2019-06-17,11672.15039062
2019-06-18,11691.50000000
2019-06-19,11691.45019531
2019-06-20,11831.75000000
2019-06-21,11724.09960938
2019-06-24,11699.65039062
2019-06-25,11796.45019531
2019-06-26,11847.54980469
2019-06-27,11841.54980469
2019-06-28,11788.84960938
2019-07-01,11865.59960938
2019-07-02,11910.29980469
2019-07-03,11916.75000000
2019-07-04,11946.75000000
2019-07-05,11811.15039062
2019-07-08,11558.59960938
2019-07-09,11555.90039062
2019-07-10,11498.90039062
2019-07-11,11582.90039062
2019-07-12,11552.50000000
2019-07-15,11588.34960938
2019-07-16,11662.59960938
2019-07-17,11687.50000000
2019-07-18,11596.90039062
2019-07-19,11419.25000000
2019-07-22,11346.20019531
2019-07-23,11331.04980469
2019-07-24,11271.29980469
2019-07-25,11252.15039062
2019-07-26,11284.29980469
2019-07-29,11189.20019531
2019-07-30,11085.40039062
2019-07-31,11118.00000000
2019-08-01,10980.00000000
2019-08-02,10997.34960938
2019-08-05,10862.59960938
2019-08-06,10948.25000000
2019-08-07,10855.50000000
2019-08-08,11032.45019531
2019-08-09,11109.65039062
2019-08-13,10925.84960938
2019-08-14,11029.40039062
2019-08-16,11047.79980469
2019-08-19,11053.90039062
2019-08-20,11017.00000000
2019-08-21,10918.70019531
2019-08-22,10741.34960938
2019-08-23,10829.34960938
2019-08-26,11057.84960938
2019-08-27,11105.34960938
2019-08-28,11046.09960938
2019-08-29,10948.29980469
2019-08-30,11023.25000000
2019-09-03,10797.90039062
2019-09-04,10844.65039062
2019-09-05,10847.90039062
2019-09-06,10946.20019531
2019-09-09,11003.04980469
2019-09-11,11035.70019531
2019-09-12,10982.79980469
2019-09-13,11075.90039062
2019-09-16,11003.50000000
2019-09-17,10817.59960938
2019-09-18,10840.65039062
2019-09-19,10704.79980469
2019-09-20,11274.20019531
2019-09-23,11600.20019531
2019-09-24,11588.20019531
2019-09-25,11440.20019531
2019-09-26,11571.20019531
2019-09-27,11512.40039062
2019-09-30,11474.45019531
2019-10-01,11359.90039062
2019-10-03,11314.00000000
2019-10-04,11174.75000000
2019-10-07,11126.40039062
2019-10-09,11313.29980469
2019-10-10,11234.54980469
2019-10-11,11305.04980469
2019-10-14,11341.15039062
2019-10-15,11428.29980469
2019-10-16,11464.00000000
2019-10-17,11586.34960938
2019-10-18,11661.84960938
2019-10-22,11588.34960938
2019-10-23,11604.09960938
2019-10-24,11582.59960938
2019-10-25,11583.90039062
2019-10-29,11786.84960938
2019-10-30,11844.09960938
2019-10-31,11877.45019531
2019-11-01,11890.59960938
2019-11-04,11941.29980469
2019-11-05,11917.20019531
2019-11-06,11966.04980469
2019-11-07,12012.04980469
2019-11-08,11908.15039062
2019-11-11,11913.45019531
2019-11-13,11840.45019531
2019-11-14,11872.09960938
2019-11-15,11895.45019531
2019-11-18,11884.50000000
2019-11-19,11940.09960938
2019-11-20,11999.09960938
2019-11-21,11968.40039062
2019-11-22,11914.40039062
2019-11-25,12073.75000000
2019-11-26,12037.70019531
2019-11-27,12100.70019531
2019-11-28,12151.15039062
2019-11-29,12056.04980469
2019-12-02,12048.20019531
2019-12-03,11994.20019531
2019-12-04,12043.20019531
2019-12-05,12018.40039062
2019-12-06,11921.50000000
2019-12-09,11937.50000000
2019-12-10,11856.79980469
2019-12-11,11910.15039062
2019-12-12,11971.79980469
2019-12-13,12086.70019531
2019-12-16,12053.95019531
2019-12-17,12165.00000000
2019-12-18,12221.65039062
2019-12-19,12259.70019531
2019-12-20,12271.79980469
2019-12-23,12262.75000000
2019-12-24,12214.54980469
2019-12-26,12126.54980469
2019-12-27,12245.79980469
2019-12-30,12255.84960938
2019-12-31,12168.45019531
2020-01-01,12182.50000000
2020-01-02,12282.20019531
2020-01-03,12226.65039062
2020-01-06,11993.04980469
2020-01-07,12052.95019531
2020-01-08,12025.34960938
2020-01-09,12215.90039062
2020-01-10,12256.79980469
2020-01-13,12329.54980469
2020-01-14,12362.29980469
2020-01-15,12343.29980469
2020-01-16,12355.50000000
2020-01-17,12352.34960938
2020-01-20,12224.54980469
2020-01-21,12169.84960938
2020-01-22,12106.90039062
2020-01-23,12180.34960938
2020-01-24,12248.25000000
2020-01-27,12119.00000000
2020-01-28,12055.79980469
2020-01-29,12129.50000000
2020-01-30,12035.79980469
2020-01-31,11962.09960938
2020-02-03,11707.90039062
2020-02-04,11979.65039062
2020-02-05,12089.15039062
2020-02-06,12137.95019531
2020-02-07,12098.34960938
2020-02-10,12031.50000000
2020-02-11,12107.90039062
2020-02-12,12201.20019531
2020-02-13,12174.65039062
2020-02-14,12113.45019531
2020-02-17,12045.79980469
2020-02-18,11992.50000000
2020-02-19,12125.90039062
2020-02-20,12080.84960938
2020-02-24,11829.40039062
2020-02-25,11797.90039062
2020-02-26,11678.50000000
2020-02-27,11633.29980469
2020-02-28,11201.75000000
2020-03-02,11132.75000000
2020-03-03,11303.29980469
2020-03-04,11251.00000000
2020-03-05,11269.00000000
2020-03-06,10989.45019531
2020-03-09,10451.45019531
2020-03-11,10458.40039062
2020-03-12,9590.15039062
2020-03-13,9955.20019531
2020-03-16,9197.40039062
2020-03-17,8967.04980469
2020-03-18,8468.79980469
2020-03-19,8263.45019531
2020-03-20,8745.45019531
2020-03-23,7610.25000000
2020-03-24,7801.04980469
2020-03-25,8317.84960938
2020-03-26,8641.45019531
2020-03-27,8660.25000000
2020-03-30,8281.09960938
2020-03-31,8597.75000000
2020-04-01,8253.79980469
2020-04-03,8083.79980469
2020-04-07,8792.20019531
2020-04-08,8748.75000000
2020-04-09,9111.90039062
2020-04-13,8993.84960938
2020-04-15,8925.29980469
2020-04-16,8992.79980469
2020-04-17,9266.75000000
2020-04-20,9261.84960938
2020-04-21,8981.45019531
2020-04-22,9187.29980469
2020-04-23,9313.90039062
2020-04-24,9154.40039062
2020-04-27,9282.29980469
2020-04-28,9380.90039062
2020-04-29,9553.34960938
2020-04-30,9859.90039062
2020-05-04,9293.50000000
2020-05-05,9205.59960938
2020-05-06,9270.90039062
2020-05-07,9199.04980469
2020-05-08,9251.50000000
2020-05-11,9239.20019531
2020-05-12,9196.54980469
2020-05-13,9383.54980469
2020-05-14,9142.75000000
2020-05-15,9136.84960938
2020-05-18,8823.25000000
2020-05-19,8879.09960938
2020-05-20,9066.54980469
2020-05-21,9106.25000000
2020-05-22,9039.25000000
2020-05-26,9029.04980469
2020-05-27,9314.95019531
2020-05-28,9490.09960938
2020-05-29,9580.29980469
2020-06-01,9826.15039062
2020-06-02,9979.09960938
2020-06-03,10061.54980469
2020-06-04,10029.09960938
2020-06-05,10142.15039062
2020-06-08,10167.45019531
2020-06-09,10046.65039062
2020-06-10,10116.15039062
2020-06-11,9902.00000000
2020-06-12,9972.90039062
2020-06-15,9813.70019531
2020-06-16,9914.00000000
2020-06-17,9881.15039062
2020-06-18,10091.65039062
2020-06-19,10244.40039062
2020-06-22,10311.20019531
2020-06-23,10471.00000000
2020-06-24,10305.29980469
2020-06-25,10288.90039062
2020-06-26,10383.00000000
2020-06-29,10312.40039062
2020-06-30,10302.09960938
2020-07-01,10430.04980469
2020-07-02,10551.70019531
2020-07-03,10607.34960938
2020-07-06,10763.65039062
2020-07-07,10799.65039062
2020-07-08,10705.75000000
2020-07-09,10813.45019531
2020-07-10,10768.04980469
2020-07-13,10802.70019531
2020-07-14,10607.34960938
2020-07-15,10618.20019531
2020-07-16,10739.95019531
2020-07-17,10901.70019531
2020-07-20,11022.20019531
2020-07-21,11162.25000000
2020-07-22,11132.59960938
2020-07-23,11215.45019531
2020-07-24,11194.15039062
2020-07-27,11131.79980469
2020-07-28,11300.54980469
2020-07-29,11202.84960938
2020-07-30,11102.15039062
2020-07-31,11073.45019531
2020-08-03,10891.59960938
2020-08-04,11095.25000000
2020-08-05,11101.65039062
2020-08-06,11200.15039062
2020-08-07,11214.04980469
2020-08-10,11270.15039062
2020-08-11,11322.50000000
2020-08-12,11308.40039062
2020-08-13,11300.45019531
2020-08-14,11178.40039062
2020-08-17,11247.09960938
2020-08-18,11385.34960938
2020-08-19,11408.40039062
2020-08-20,11312.20019531
2020-08-21,11371.59960938
2020-08-24,11466.45019531
2020-08-25,11472.25000000
2020-08-26,11549.59960938
2020-08-27,11559.25000000
2020-08-28,11647.59960938
2020-08-31,11387.50000000
2020-09-01,11470.25000000
2020-09-02,11535.00000000
2020-09-03,11527.45019531
2020-09-04,11333.84960938
2020-09-07,11355.04980469
2020-09-08,11317.34960938
2020-09-09,11278.00000000
2020-09-10,11449.25000000
2020-09-11,11464.45019531
2020-09-14,11440.04980469
2020-09-15,11521.79980469
2020-09-16,11604.54980469
2020-09-17,11516.09960938
2020-09-18,11504.95019531
2020-09-21,11250.54980469
2020-09-22,11153.65039062
2020-09-23,11131.84960938
2020-09-24,10805.54980469
2020-09-25,11050.25000000
2020-09-28,11227.54980469
2020-09-29,11222.40039062
2020-09-30,11247.54980469
2020-10-01,11416.95019531
2020-10-05,11503.34960938
2020-10-06,11662.40039062
2020-10-07,11738.84960938
2020-10-08,11834.59960938
2020-10-09,11914.20019531
2020-10-12,11930.95019531
2020-10-13,11934.50000000
2020-10-14,11971.04980469
2020-10-15,11680.34960938
2020-10-16,11762.45019531
2020-10-19,11873.04980469
2020-10-20,11896.79980469
2020-10-21,11937.65039062
2020-10-22,11896.45019531
2020-10-23,11930.34960938
2020-10-26,11767.75000000
2020-10-27,11889.40039062
2020-10-28,11729.59960938
2020-10-29,11670.79980469
2020-10-30,11642.40039062
2020-11-02,11669.15039062
2020-11-03,11813.50000000
2020-11-04,11908.50000000
2020-11-05,12120.29980469
2020-11-06,12263.54980469
2020-11-09,12461.04980469
2020-11-10,12631.09960938
2020-11-11,12749.15039062
2020-11-12,12690.79980469
2020-11-13,12719.95019531
2020-11-17,12874.20019531
2020-11-18,12938.25000000
2020-11-19,12771.70019531
2020-11-20,12859.04980469
2020-11-23,12926.45019531
2020-11-24,13055.15039062
2020-11-25,12858.40039062
2020-11-26,12987.00000000
2020-11-27,12968.95019531
2020-12-01,13109.04980469
2020-12-02,13113.75000000
2020-12-03,13133.90039062
2020-12-04,13258.54980469
2020-12-07,13355.75000000
2020-12-08,13392.95019531
2020-12-09,13529.09960938
2020-12-10,13478.29980469
2020-12-11,13513.84960938
2020-12-14,13558.15039062
2020-12-15,13567.84960938
2020-12-16,13682.70019531
2020-12-17,13740.70019531
2020-12-18,13760.54980469
2020-12-21,13328.40039062
2020-12-22,13466.29980469
2020-12-23,13601.09960938
2020-12-24,13749.25000000
2020-12-28,13873.20019531
2020-12-29,13932.59960938
2020-12-30,13981.95019531
2020-12-31,13981.75000000
2021-01-01,14018.50000000
2021-01-04,14132.90039062
2021-01-05,14199.50000000
2021-01-06,14146.25000000
2021-01-07,14137.34960938
2021-01-08,14347.25000000
2021-01-11,14484.75000000
2021-01-12,14563.45019531
2021-01-13,14564.84960938
2021-01-14,14595.59960938
2021-01-15,14433.70019531
2021-01-18,14281.29980469
2021-01-19,14521.15039062
2021-01-20,14644.70019531
2021-01-21,14590.34960938
2021-01-22,14371.90039062
2021-01-25,14238.90039062
2021-01-27,13967.50000000
2021-01-28,13817.54980469
2021-01-29,13634.59960938
2021-02-01,14281.20019531
2021-02-02,14647.84960938
2021-02-03,14789.95019531
2021-02-04,14895.65039062
2021-02-05,14924.25000000
2021-02-08,15115.79980469
2021-02-09,15109.29980469
2021-02-10,15106.50000000
2021-02-11,15173.29980469
2021-02-12,15163.29980469
2021-02-15,15314.70019531
2021-02-16,15313.45019531
2021-02-17,15208.90039062
2021-02-18,15118.95019531
2021-02-19,14981.75000000
2021-02-22,14675.70019531
2021-02-23,14707.79980469
2021-02-24,14982.00000000
2021-02-25,15097.34960938
2021-02-26,14529.15039062
2021-03-01,14761.54980469
2021-03-02,14919.09960938
2021-03-03,15245.59960938
2021-03-04,15080.75000000
2021-03-05,14938.09960938
2021-03-08,14956.20019531
2021-03-09,15098.40039062
2021-03-10,15174.79980469
2021-03-12,15030.95019531
2021-03-15,14929.50000000
2021-03-16,14910.45019531
2021-03-17,14721.29980469
2021-03-18,14557.84960938
2021-03-19,14744.00000000
2021-03-22,14736.40039062
2021-03-23,14814.75000000
2021-03-24,14549.40039062
2021-03-25,14324.90039062
2021-03-26,14507.29980469
2021-03-30,14845.09960938
2021-03-31,14690.70019531
2021-04-01,14867.34960938
2021-04-05,14637.79980469
2021-04-06,14683.50000000
2021-04-07,14819.04980469
2021-04-08,14873.79980469
2021-04-09,14834.84960938
2021-04-12,14310.79980469
2021-04-13,14504.79980469
2021-04-15,14581.45019531
2021-04-16,14617.84960938
2021-04-19,14359.45019531
2021-04-20,14296.40039062
2021-04-22,14406.15039062
2021-04-23,14341.34960938
2021-04-26,14485.00000000
2021-04-27,14653.04980469
2021-04-28,14864.54980469
2021-04-29,14894.90039062
2021-04-30,14631.09960938
2021-05-03,14634.15039062
2021-05-04,14496.50000000
2021-05-05,14617.84960938
2021-05-06,14724.79980469
2021-05-07,14823.15039062
2021-05-10,14942.34960938
2021-05-11,14850.75000000
2021-05-12,14696.50000000
2021-05-14,14677.79980469
2021-05-17,14923.15039062
2021-05-18,15108.09960938
2021-05-19,15030.15039062
2021-05-20,14906.04980469
2021-05-21,15175.29980469
2021-05-24,15197.70019531
2021-05-25,15208.45019531
2021-05-26,15301.45019531
2021-05-27,15337.84960938
2021-05-28,15435.65039062
2021-05-31,15582.79980469
2021-06-01,15574.84960938
2021-06-02,15576.20019531
2021-06-03,15690.34960938
2021-06-04,15670.25000000
2021-06-07,15751.65039062
2021-06-08,15740.09960938
2021-06-09,15635.34960938
2021-06-10,15737.75000000
2021-06-11,15799.34960938
2021-06-14,15811.84960938
2021-06-15,15869.25000000
2021-06-16,15767.54980469
2021-06-17,15691.40039062
2021-06-18,15683.34960938
2021-06-21,15746.50000000
2021-06-22,15772.75000000
2021-06-23,15686.95019531
2021-06-24,15790.45019531
2021-06-25,15860.34960938
2021-06-28,15814.70019531
2021-06-29,15748.45019531
2021-06-30,15721.50000000
2021-07-01,15680.00000000
2021-07-02,15722.20019531
2021-07-05,15834.34960938
2021-07-06,15818.25000000
2021-07-07,15879.65039062
2021-07-08,15727.90039062
2021-07-09,15689.79980469
2021-07-12,15692.59960938
2021-07-13,15812.34960938
2021-07-14,15853.95019531
2021-07-15,15924.20019531
2021-07-16,15923.40039062
2021-07-19,15752.40039062
2021-07-20,15632.09960938
2021-07-22,15824.04980469
2021-07-23,15856.04980469
2021-07-26,15824.45019531
2021-07-27,15746.45019531
2021-07-28,15709.40039062
2021-07-29,15778.45019531
2021-07-30,15763.04980469
2021-08-02,15885.15039062
2021-08-03,16130.75000000
2021-08-04,16258.79980469
2021-08-05,16294.59960938
2021-08-06,16238.20019531
2021-08-09,16258.25000000
2021-08-10,16280.09960938
2021-08-11,16282.25000000
2021-08-12,16364.40039062
2021-08-13,16529.09960938
2021-08-16,16563.05078125
2021-08-17,16614.59960938
2021-08-18,16568.84960938
2021-08-20,16450.50000000
2021-08-23,16496.44921875
2021-08-24,16624.59960938
2021-08-25,16634.65039062
2021-08-26,16636.90039062
2021-08-27,16705.19921875
2021-08-30,16931.05078125
2021-08-31,17132.19921875
2021-09-01,17076.25000000
2021-09-02,17234.15039062
2021-09-03,17323.59960938
2021-09-06,17377.80078125
2021-09-07,17362.09960938
2021-09-08,17353.50000000
2021-09-09,17369.25000000
2021-09-13,17355.30078125
2021-09-14,17380.00000000
2021-09-15,17519.44921875
2021-09-16,17629.50000000
2021-09-17,17585.15039062
2021-09-20,17396.90039062
2021-09-21,17562.00000000
2021-09-22,17546.65039062
2021-09-23,17822.94921875
2021-09-24,17853.19921875
2021-09-27,17855.09960938
2021-09-28,17748.59960938
2021-09-29,17711.30078125
2021-09-30,17618.15039062
2021-10-01,17532.05078125
2021-10-04,17691.25000000
2021-10-05,17822.30078125
2021-10-06,17646.00000000
2021-10-07,17790.34960938
2021-10-08,17895.19921875
2021-10-11,17945.94921875
2021-10-12,17991.94921875
2021-10-13,18161.75000000
2021-10-14,18338.55078125
2021-10-18,18477.05078125
2021-10-19,18418.75000000
2021-10-20,18266.59960938
2021-10-21,18178.09960938
2021-10-22,18114.90039062
2021-10-25,18125.40039062
2021-10-26,18268.40039062
2021-10-27,18210.94921875
2021-10-28,17857.25000000
2021-10-29,17671.65039062
2021-11-01,17929.65039062
2021-11-02,17888.94921875
2021-11-03,17829.19921875
2021-11-04,17916.80078125
2021-11-08,18068.55078125
2021-11-09,18044.25000000
2021-11-10,18017.19921875
2021-11-11,17873.59960938
2021-11-12,18102.75000000
2021-11-15,18109.44921875
2021-11-16,17999.19921875
2021-11-17,17898.65039062
2021-11-18,17764.80078125
2021-11-22,17416.55078125
2021-11-23,17503.34960938
2021-11-24,17415.05078125
2021-11-25,17536.25000000
2021-11-26,17026.44921875
2021-11-29,17053.94921875
2021-11-30,16983.19921875
2021-12-01,17166.90039062
2021-12-02,17401.65039062
2021-12-03,17196.69921875
2021-12-06,16912.25000000
2021-12-07,17176.69921875
2021-12-08,17469.75000000
2021-12-09,17516.84960938
2021-12-10,17511.30078125
2021-12-13,17368.25000000
2021-12-14,17324.90039062
2021-12-15,17221.40039062
2021-12-16,17248.40039062
2021-12-17,16985.19921875
2021-12-20,16614.19921875
2021-12-21,16770.84960938
2021-12-22,16955.44921875
2021-12-23,17072.59960938
2021-12-24,17003.75000000
2021-12-27,17086.25000000
2021-12-28,17233.25000000
2021-12-29,17213.59960938
2021-12-30,17203.94921875
2021-12-31,17354.05078125
2022-01-03,17625.69921875
2022-01-04,17805.25000000
2022-01-05,17925.25000000
2022-01-06,17745.90039062
2022-01-07,17812.69921875
2022-01-10,18003.30078125
2022-01-11,18055.75000000
2022-01-12,18212.34960938
2022-01-13,18257.80078125
2022-01-14,18255.75000000
2022-01-17,18308.09960938
2022-01-18,18113.05078125
2022-01-19,17938.40039062
2022-01-20,17757.00000000
2022-01-21,17617.15039062
2022-01-24,17149.09960938
2022-01-25,17277.94921875
2022-01-27,17110.15039062
2022-01-28,17101.94921875
2022-01-31,17339.84960938
2022-02-01,17576.84960938
2022-02-02,17780.00000000
2022-02-03,17560.19921875
2022-02-04,17516.30078125
2022-02-07,17213.59960938
2022-02-08,17266.75000000
2022-02-09,17463.80078125
2022-02-10,17605.84960938
2022-02-11,17374.75000000
2022-02-14,16842.80078125
2022-02-15,17352.44921875
2022-02-16,17322.19921875
2022-02-17,17304.59960938
2022-02-18,17276.30078125
2022-02-21,17206.65039062
2022-02-22,17092.19921875
2022-02-23,17063.25000000
2022-02-24,16247.95019531
2022-02-25,16658.40039062
2022-02-28,16793.90039062
2022-03-02,16605.94921875
2022-03-03,16498.05078125
2022-03-04,16245.34960938
2022-03-07,15863.15039062
2022-03-08,16013.45019531
2022-03-09,16345.34960938
2022-03-10,16594.90039062
2022-03-11,16630.44921875
2022-03-14,16871.30078125
2022-03-15,16663.00000000
2022-03-16,16975.34960938
2022-03-17,17287.05078125
2022-03-21,17117.59960938
2022-03-22,17315.50000000
2022-03-23,17245.65039062
2022-03-24,17222.75000000
2022-03-25,17153.00000000
2022-03-28,17222.00000000
2022-03-29,17325.30078125
2022-03-30,17498.25000000
2022-03-31,17464.75000000
2022-04-01,17670.44921875
2022-04-04,18053.40039062
2022-04-05,17957.40039062
2022-04-06,17807.65039062
2022-04-07,17639.55078125
2022-04-08,17784.34960938
2022-04-11,17674.94921875
2022-04-12,17530.30078125
2022-04-13,17475.65039062
2022-04-18,17173.65039062
2022-04-19,16958.65039062
2022-04-20,17136.55078125
2022-04-21,17392.59960938
2022-04-22,17171.94921875
2022-04-25,16953.94921875
2022-04-26,17200.80078125
2022-04-27,17038.40039062
2022-04-28,17245.05078125
2022-04-29,17102.55078125
2022-05-02,17069.09960938
2022-05-04,16677.59960938
2022-05-05,16682.65039062
2022-05-06,16411.25000000
2022-05-09,16301.84960938
2022-05-10,16240.04980469
2022-05-11,16167.09960938
2022-05-12,15808.00000000
2022-05-13,15782.15039062
2022-05-16,15842.29980469
2022-05-17,16259.29980469
2022-05-18,16240.29980469
2022-05-19,15809.40039062
2022-05-20,16266.15039062
2022-05-23,16214.70019531
2022-05-24,16125.15039062
2022-05-25,16025.79980469
2022-05-26,16170.15039062
2022-05-27,16352.45019531
2022-05-30,16661.40039062
2022-05-31,16584.55078125
2022-06-01,16522.75000000
2022-06-02,16628.00000000
2022-06-03,16584.30078125
2022-06-06,16569.55078125
2022-06-07,16416.34960938
2022-06-08,16356.25000000
2022-06-09,16478.09960938
2022-06-10,16201.79980469
2022-06-13,15774.40039062
2022-06-14,15732.09960938
2022-06-15,15692.15039062
2022-06-16,15360.59960938
2022-06-17,15293.50000000
2022-06-20,15350.15039062
2022-06-21,15638.79980469
2022-06-22,15413.29980469
2022-06-23,15556.65039062
2022-06-24,15699.25000000
2022-06-27,15832.04980469
2022-06-28,15850.20019531
2022-06-29,15799.09960938
2022-06-30,15780.25000000
2022-07-01,15752.04980469
2022-07-04,15835.34960938
2022-07-05,15810.84960938
2022-07-06,15989.79980469
2022-07-07,16132.90039062
2022-07-08,16220.59960938
2022-07-11,16216.00000000
2022-07-12,16058.29980469
2022-07-13,15966.65039062
2022-07-14,15938.65039062
2022-07-15,16049.20019531
2022-07-18,16278.50000000
2022-07-19,16340.54980469
2022-07-20,16520.84960938
2022-07-21,16605.25000000
2022-07-22,16719.44921875
2022-07-25,16631.00000000
2022-07-26,16483.84960938
2022-07-27,16641.80078125
2022-07-28,16929.59960938
2022-07-29,17158.25000000
2022-08-01,17340.05078125
2022-08-02,17345.44921875
2022-08-03,17388.15039062
2022-08-04,17382.00000000
2022-08-05,17397.50000000
2022-08-08,17525.09960938
2022-08-10,17534.75000000
2022-08-11,17659.00000000
2022-08-12,17698.15039062
2022-08-16,17825.25000000
2022-08-17,17944.25000000
2022-08-18,17956.50000000
2022-08-19,17758.44921875
2022-08-22,17490.69921875
2022-08-23,17577.50000000
2022-08-24,17604.94921875
2022-08-25,17522.44921875
2022-08-26,17558.90039062
2022-08-29,17312.90039062
2022-08-30,17759.30078125
2022-09-01,17542.80078125
2022-09-02,17539.44921875
2022-09-05,17665.80078125
2022-09-06,17655.59960938
2022-09-07,17624.40039062
2022-09-08,17798.75000000
2022-09-09,17833.34960938
2022-09-12,17936.34960938
2022-09-13,18070.05078125
2022-09-14,18003.75000000
2022-09-15,17877.40039062
2022-09-16,17530.84960938
2022-09-19,17622.25000000
2022-09-20,17816.25000000
2022-09-21,17718.34960938
2022-09-22,17629.80078125
2022-09-23,17327.34960938
2022-09-26,17016.30078125
2022-09-27,17007.40039062
2022-09-28,16858.59960938
2022-09-29,16818.09960938
2022-09-30,17094.34960938
2022-10-03,16887.34960938
2022-10-04,17274.30078125
2022-10-06,17331.80078125
2022-10-07,17314.65039062
2022-10-10,17241.00000000
2022-10-11,16983.55078125
2022-10-12,17123.59960938
2022-10-13,17014.34960938
2022-10-14,17185.69921875
2022-10-17,17311.80078125
2022-10-18,17486.94921875
2022-10-19,17512.25000000
2022-10-20,17563.94921875
2022-10-21,17576.30078125
2022-10-24,17730.75000000
2022-10-25,17656.34960938
2022-10-27,17736.94921875
2022-10-28,17786.80078125
2022-10-31,18012.19921875
2022-11-01,18145.40039062
2022-11-02,18082.84960938
2022-11-03,18052.69921875
2022-11-04,18117.15039062
2022-11-07,18202.80078125
2022-11-09,18157.00000000
2022-11-10,18028.19921875
2022-11-11,18349.69921875
2022-11-14,18329.15039062
2022-11-15,18403.40039062
2022-11-16,18409.65039062
2022-11-17,18343.90039062
2022-11-18,18307.65039062
2022-11-21,18159.94921875
2022-11-22,18244.19921875
2022-11-23,18267.25000000
2022-11-24,18484.09960938
2022-11-25,18512.75000000
2022-11-28,18562.75000000
2022-11-29,18618.05078125
2022-11-30,18758.34960938
2022-12-01,18812.50000000
2022-12-02,18696.09960938
2022-12-05,18701.05078125
2022-12-06,18642.75000000
2022-12-07,18560.50000000
2022-12-08,18609.34960938
2022-12-09,18496.59960938
2022-12-12,18497.15039062
2022-12-13,18608.00000000
2022-12-14,18660.30078125
2022-12-15,18414.90039062
2022-12-16,18269.00000000
2022-12-19,18420.44921875
2022-12-20,18385.30078125
2022-12-21,18199.09960938
2022-12-22,18127.34960938
2022-12-23,17806.80078125
2022-12-26,18014.59960938
2022-12-27,18132.30078125
2022-12-28,18122.50000000
2022-12-29,18191.00000000
2022-12-30,18105.30078125
2023-01-02,18197.44921875
2023-01-03,18232.55078125
2023-01-04,18042.94921875
2023-01-05,17992.15039062
2023-01-06,17859.44921875
2023-01-09,18101.19921875
2023-01-10,17914.15039062
2023-01-11,17895.69921875
2023-01-12,17858.19921875
2023-01-13,17956.59960938
2023-01-16,17894.84960938
2023-01-17,18053.30078125
2023-01-18,18165.34960938
2023-01-19,18107.84960938
2023-01-20,18027.65039062
2023-01-23,18118.55078125
2023-01-24,18118.30078125
2023-01-25,17891.94921875
2023-01-27,17604.34960938
2023-01-30,17648.94921875
2023-01-31,17662.15039062
2023-02-01,17616.30078125
2023-02-02,17610.40039062
2023-02-03,17854.05078125
2023-02-06,17764.59960938
2023-02-07,17721.50000000
2023-02-08,17871.69921875
2023-02-09,17893.44921875
2023-02-10,17856.50000000
2023-02-13,17770.90039062
2023-02-14,17929.84960938
2023-02-15,18015.84960938
2023-02-16,18035.84960938
2023-02-17,17944.19921875
2023-02-20,17844.59960938
2023-02-21,17826.69921875
2023-02-22,17554.30078125
2023-02-23,17511.25000000
2023-02-24,17465.80078125
2023-02-27,17392.69921875
2023-02-28,17303.94921875
2023-03-01,17450.90039062
2023-03-02,17321.90039062
2023-03-03,17594.34960938
2023-03-06,17711.44921875
2023-03-08,17754.40039062
2023-03-09,17589.59960938
2023-03-10,17412.90039062
2023-03-13,17154.30078125
2023-03-14,17043.30078125
2023-03-15,16972.15039062
2023-03-16,16985.59960938
2023-03-17,17100.05078125
2023-03-20,16988.40039062
2023-03-21,17107.50000000
2023-03-22,17151.90039062
2023-03-23,17076.90039062
2023-03-24,16945.05078125
2023-03-27,16985.69921875
2023-03-28,16951.69921875
2023-03-29,17080.69921875
2023-03-31,17359.75000000
2023-04-03,17398.05078125
2023-04-05,17557.05078125
2023-04-06,17599.15039062
2023-04-10,17624.05078125
2023-04-11,17722.30078125
2023-04-12,17812.40039062
2023-04-13,17828.00000000
2023-04-17,17706.84960938
2023-04-18,17660.15039062
2023-04-19,17618.75000000
2023-04-20,17624.44921875
2023-04-21,17624.05078125
2023-04-24,17743.40039062
2023-04-25,17769.25000000
2023-04-26,17813.59960938
2023-04-27,17915.05078125
2023-04-28,18065.00000000
2023-05-02,18147.65039062
2023-05-03,18089.84960938
2023-05-04,18255.80078125
2023-05-05,18069.00000000
2023-05-08,18264.40039062
2023-05-09,18265.94921875
2023-05-10,18315.09960938
2023-05-11,18297.00000000
2023-05-12,18314.80078125
2023-05-15,18398.84960938
2023-05-16,18286.50000000
2023-05-17,18181.75000000
2023-05-18,18129.94921875
2023-05-19,18203.40039062
2023-05-22,18314.40039062
2023-05-23,18348.00000000
2023-05-24,18285.40039062
2023-05-25,18321.15039062
2023-05-26,18499.34960938
2023-05-29,18598.65039062
2023-05-30,18633.84960938
2023-05-31,18534.40039062
2023-06-01,18487.75000000
2023-06-02,18534.09960938
2023-06-05,18593.84960938
2023-06-06,18599.00000000
2023-06-07,18726.40039062
2023-06-08,18634.55078125
2023-06-09,18563.40039062
2023-06-12,18601.50000000
2023-06-13,18716.15039062
2023-06-14,18755.90039062
2023-06-15,18688.09960938
2023-06-16,18826.00000000
2023-06-19,18755.44921875
2023-06-20,18816.69921875
2023-06-21,18856.84960938
2023-06-22,18771.25000000
2023-06-23,18665.50000000
2023-06-26,18691.19921875
2023-06-27,18817.40039062
2023-06-28,18972.09960938
2023-06-30,19189.05078125
2023-07-03,19322.55078125
2023-07-04,19389.00000000
2023-07-05,19398.50000000
2023-07-06,19497.30078125
2023-07-07,19331.80078125
2023-07-10,19355.90039062
2023-07-11,19439.40039062
2023-07-12,19384.30078125
2023-07-13,19413.75000000
2023-07-14,19564.50000000
2023-07-17,19711.44921875
2023-07-18,19749.25000000
2023-07-19,19833.15039062
2023-07-20,19979.15039062
2023-07-21,19745.00000000
2023-07-24,19672.34960938
2023-07-25,19680.59960938
2023-07-26,19778.30078125
2023-07-27,19659.90039062
2023-07-28,19646.05078125
2023-07-31,19753.80078125
2023-08-01,19733.55078125
2023-08-02,19526.55078125
2023-08-03,19381.65039062
2023-08-04,19517.00000000
2023-08-07,19597.30078125
2023-08-08,19570.84960938
2023-08-09,19632.55078125
2023-08-10,19543.09960938
2023-08-11,19428.30078125
2023-08-14,19434.55078125
2023-08-16,19465.00000000
2023-08-17,19365.25000000
2023-08-18,19310.15039062
2023-08-21,19393.59960938
2023-08-22,19396.44921875
2023-08-23,19444.00000000
2023-08-24,19386.69921875
2023-08-25,19265.80078125
2023-08-28,19306.05078125
2023-08-29,19342.65039062
2023-08-30,19347.44921875
2023-08-31,19253.80078125
2023-09-01,19435.30078125
2023-09-04,19528.80078125
2023-09-05,19574.90039062
2023-09-06,19611.05078125
2023-09-07,19727.05078125
2023-09-08,19819.94921875
2023-09-11,19996.34960938
2023-09-12,19993.19921875
2023-09-13,20070.00000000
2023-09-14,20103.09960938
2023-09-15,20192.34960938
2023-09-18,20133.30078125
2023-09-20,19901.40039062
2023-09-21,19742.34960938
2023-09-22,19674.25000000
2023-09-25,19674.55078125
2023-09-26,19664.69921875
2023-09-27,19716.44921875
2023-09-28,19523.55078125
2023-09-29,19638.30078125
2023-10-03,19528.75000000
2023-10-04,19436.09960938
2023-10-05,19545.75000000
2023-10-06,19653.50000000
2023-10-09,19512.34960938
2023-10-10,19689.84960938
2023-10-11,19811.34960938
2023-10-12,19794.00000000
2023-10-13,19751.05078125
2023-10-16,19731.75000000
2023-10-17,19811.50000000
2023-10-18,19671.09960938
2023-10-19,19624.69921875
2023-10-20,19542.65039062
2023-10-23,19281.75000000
2023-10-25,19122.15039062
2023-10-26,18857.25000000
2023-10-27,19047.25000000
2023-10-30,19140.90039062
2023-10-31,19079.59960938
2023-11-01,18989.15039062
2023-11-02,19133.25000000
2023-11-03,19230.59960938
2023-11-06,19411.75000000
2023-11-07,19406.69921875
2023-11-08,19443.50000000
2023-11-09,19395.30078125
2023-11-10,19425.34960938
2023-11-13,19443.55078125
2023-11-15,19675.44921875
2023-11-16,19765.19921875
2023-11-17,19731.80078125
2023-11-20,19694.00000000
2023-11-21,19783.40039062
2023-11-22,19811.84960938
2023-11-23,19802.00000000
2023-11-24,19794.69921875
2023-11-28,19889.69921875
2023-11-29,20096.59960938
2023-11-30,20133.15039062
2023-12-01,20267.90039062
2023-12-04,20686.80078125
2023-12-05,20855.09960938
2023-12-06,20937.69921875
2023-12-07,20901.15039062
2023-12-08,20969.40039062
2023-12-11,20997.09960938
2023-12-12,20906.40039062
2023-12-13,20926.34960938
2023-12-14,21182.69921875
2023-12-15,21456.65039062
2023-12-18,21418.65039062
2023-12-19,21453.09960938
2023-12-20,21150.15039062
2023-12-21,21255.05078125
2023-12-22,21349.40039062
2023-12-26,21441.34960938
2023-12-27,21654.75000000
2023-12-28,21778.69921875
2023-12-29,21731.40039062
2024-01-01,21741.90039062
2024-01-02,21665.80078125
2024-01-03,21517.34960938
2024-01-04,21658.59960938
2024-01-05,21710.80078125
2024-01-08,21513.00000000
2024-01-09,21544.84960938
2024-01-10,21618.69921875
2024-01-11,21647.19921875
2024-01-12,21894.55078125
2024-01-15,22097.44921875
2024-01-16,22032.30078125
2024-01-17,21571.94921875
2024-01-18,21462.25000000
2024-01-19,21622.40039062
2024-01-23,21238.80078125
2024-01-24,21453.94921875
2024-01-25,21352.59960938
2024-01-29,21737.59960938
2024-01-30,21522.09960938
2024-01-31,21725.69921875
2024-02-01,21697.44921875
2024-02-02,21853.80078125
2024-02-05,21771.69921875
2024-02-06,21929.40039062
2024-02-07,21930.50000000
2024-02-08,21717.94921875
2024-02-09,21782.50000000
2024-02-12,21616.05078125
2024-02-13,21743.25000000
2024-02-14,21840.05078125
2024-02-15,21910.75000000
2024-02-16,22040.69921875
2024-02-19,22122.25000000
2024-02-20,22196.94921875
2024-02-21,22055.05078125
2024-02-22,22217.44921875
2024-02-23,22212.69921875
2024-02-26,22122.05078125
2024-02-27,22198.34960938
2024-02-28,21951.15039062
2024-02-29,21982.80078125
2024-03-01,22338.75000000
2024-03-04,22405.59960938
2024-03-05,22356.30078125
2024-03-06,22474.05078125
2024-03-07,22493.55078125
2024-03-11,22332.65039062
2024-03-12,22335.69921875
2024-03-13,21997.69921875
2024-03-14,22146.65039062
2024-03-15,22023.34960938
2024-03-18,22055.69921875
2024-03-19,21817.44921875
2024-03-20,21839.09960938
2024-03-21,22011.94921875
2024-03-22,22096.75000000
2024-03-26,22004.69921875
2024-03-27,22123.65039062
2024-03-28,22326.90039062
2024-04-01,22462.00000000
2024-04-02,22453.30078125
2024-04-03,22434.65039062
2024-04-04,22514.65039062
2024-04-05,22513.69921875
2024-04-08,22666.30078125
2024-04-09,22642.75000000
2024-04-10,22753.80078125
2024-04-12,22519.40039062
2024-04-15,22272.50000000
2024-04-16,22147.90039062
2024-04-18,21995.84960938
2024-04-19,22147.00000000
2024-04-22,22336.40039062
2024-04-23,22368.00000000
2024-04-24,22402.40039062
2024-04-25,22570.34960938
2024-04-26,22419.94921875
2024-04-29,22643.40039062
2024-04-30,22604.84960938
2024-05-02,22648.19921875
2024-05-03,22475.84960938
2024-05-06,22442.69921875
2024-05-07,22302.50000000
2024-05-08,22302.50000000
2024-05-09,21957.50000000
2024-05-10,22055.19921875
2024-05-13,22104.05078125
2024-05-14,22217.84960938
2024-05-15,22200.55078125
2024-05-16,22403.84960938
2024-05-17,22466.09960938
2024-05-21,22529.05078125
2024-05-22,22597.80078125
2024-05-23,22967.65039062
2024-05-24,22957.09960938
2024-05-27,22932.44921875
2024-05-28,22888.15039062
2024-05-29,22704.69921875
2024-05-30,22488.65039062
2024-05-31,22530.69921875
2024-06-03,23263.90039062
2024-06-04,21884.50000000
2024-06-05,22620.34960938
2024-06-06,22821.40039062
2024-06-07,23290.15039062
2024-06-10,23259.19921875
2024-06-11,23264.84960938
2024-06-12,23322.94921875
2024-06-13,23398.90039062
2024-06-14,23465.59960938
2024-06-18,23557.90039062
2024-06-19,23516.00000000
2024-06-20,23567.00000000
2024-06-21,23501.09960938
2024-06-24,23537.84960938
2024-06-25,23721.30078125
2024-06-26,23868.80078125
2024-06-27,24044.50000000
2024-06-28,24010.59960938
2024-07-01,24141.94921875
2024-07-02,24123.84960938
2024-07-03,24286.50000000
2024-07-04,24302.15039062
2024-07-05,24323.84960938
2024-07-08,24320.55078125
2024-07-09,24433.19921875
2024-07-10,24324.44921875
2024-07-11,24315.94921875
2024-07-12,24502.15039062
2024-07-15,24586.69921875
2024-07-16,24613.00000000
2024-07-18,24800.84960938
2024-07-19,24530.90039062
2024-07-22,24509.25000000
2024-07-23,24479.05078125
2024-07-24,24413.50000000
2024-07-25,24406.09960938
2024-07-26,24834.84960938
2024-07-29,24836.09960938
2024-07-30,24857.30078125
2024-07-31,24951.15039062
2024-08-01,25010.90039062
2024-08-02,24717.69921875
2024-08-05,24055.59960938
2024-08-06,23992.55078125
2024-08-07,24297.50000000
2024-08-08,24117.00000000
2024-08-09,24367.50000000
2024-08-12,24347.00000000
2024-08-13,24139.00000000
2024-08-14,24143.75000000
2024-08-16,24541.15039062
2024-08-19,24572.65039062
2024-08-20,24698.84960938
2024-08-21,24770.19921875
2024-08-22,24811.50000000
2024-08-23,24823.15039062
2024-08-26,25010.59960938
2024-08-27,25017.75000000
2024-08-28,25052.34960938
2024-08-29,25151.94921875
2024-08-30,25235.90039062
2024-09-02,25278.69921875
2024-09-03,25279.84960938
2024-09-04,25198.69921875
2024-09-05,25145.09960938
2024-09-06,24852.15039062
2024-09-09,24936.40039062
2024-09-10,25041.09960938
2024-09-11,24918.44921875
2024-09-12,25388.90039062
2024-09-13,25356.50000000
2024-09-16,25383.75000000
2024-09-17,25418.55078125
2024-09-18,25377.55078125
2024-09-19,25415.80078125
2024-09-20,25790.94921875
2024-09-23,25939.05078125
2024-09-24,25940.40039062
2024-09-25,26004.15039062
2024-09-26,26216.05078125
2024-09-27,26178.94921875
2024-09-30,25810.84960938
2024-10-01,25796.90039062
2024-10-03,25250.09960938
2024-10-04,25014.59960938
2024-10-07,24795.75000000
2024-10-08,25013.15039062
2024-10-09,24981.94921875
2024-10-10,24998.44921875
2024-10-11,24964.25000000
2024-10-14,25127.94921875
2024-10-15,25057.34960938
2024-10-16,24971.30078125
2024-10-17,24749.84960938
2024-10-18,24854.05078125
2024-10-21,24781.09960938
2024-10-22,24472.09960938
2024-10-23,24435.50000000
2024-10-24,24399.40039062
2024-10-25,24180.80078125
2024-10-28,24339.15039062
2024-10-29,24466.84960938
2024-10-30,24340.84960938
2024-10-31,24205.34960938
2024-11-01,24304.34960938
2024-11-04,23995.34960938
2024-11-05,24213.30078125
2024-11-06,24484.05078125
2024-11-07,24199.34960938
2024-11-08,24148.19921875
2024-11-11,24141.30078125
2024-11-12,23883.44921875
2024-11-13,23559.05078125
2024-11-14,23532.69921875
2024-11-18,23453.80078125
2024-11-19,23518.50000000
2024-11-21,23349.90039062
2024-11-22,23907.25000000
2024-11-25,24221.90039062
2024-11-26,24194.50000000
2024-11-27,24274.90039062
2024-11-28,23914.15039062
2024-11-29,24131.09960938
2024-12-02,24276.05078125
2024-12-03,24457.15039062
2024-12-04,24467.44921875
2024-12-05,24708.40039062
2024-12-06,24677.80078125
2024-12-09,24619.00000000
2024-12-10,24610.05078125
2024-12-11,24641.80078125
2024-12-12,24548.69921875
2024-12-13,24768.30078125
2024-12-16,24668.25000000
2024-12-17,24336.00000000
2024-12-18,24198.84960938
2024-12-19,23951.69921875
2024-12-20,23587.50000000
2024-12-23,23753.44921875
2024-12-24,23727.65039062
2024-12-26,23750.19921875
2024-12-27,23813.40039062
2024-12-30,23644.90039062
2024-12-31,23644.80078125
2025-01-01,23742.90039062
2025-01-02,24188.65039062
2025-01-03,24004.75000000
2025-01-06,23616.05078125
2025-01-07,23707.90039062
2025-01-08,23688.94921875
2025-01-09,23526.50000000
2025-01-10,23431.50000000
2025-01-13,23085.94921875
2025-01-14,23176.05078125
2025-01-15,23213.19921875
2025-01-16,23311.80078125
2025-01-17,23203.19921875
2025-01-20,23344.75000000
2025-01-21,23024.65039062
2025-01-22,23155.34960938
2025-01-23,23205.34960938
2025-01-24,23092.19921875
2025-01-27,22829.15039062
2025-01-28,22957.25000000
2025-01-29,23163.09960938
2025-01-30,23249.50000000
2025-01-31,23508.40039062
2025-02-01,23482.15039062
2025-02-03,23361.05078125
2025-02-04,23739.25000000
2025-02-05,23696.30078125
2025-02-06,23603.34960938
2025-02-07,23559.94921875
2025-02-10,23381.59960938
2025-02-11,23071.80078125
2025-02-12,23045.25000000
2025-02-13,23031.40039062
2025-02-14,22929.25000000
2025-02-17,22959.50000000
2025-02-18,22945.30078125
2025-02-19,22932.90039062
2025-02-20,22913.15039062
2025-02-21,22795.90039062
2025-02-24,22553.34960938
2025-02-25,22547.55078125
2025-02-27,22545.05078125
2025-02-28,22124.69921875
2025-03-03,22119.30078125
2025-03-04,22082.65039062
2025-03-05,22337.30078125
2025-03-06,22544.69921875
2025-03-07,22552.50000000
2025-03-10,22460.30078125
2025-03-11,22497.90039062
2025-03-12,22470.50000000
2025-03-13,22397.19921875
2025-03-17,22508.75000000
2025-03-18,22834.30078125
2025-03-19,22907.59960938
2025-03-20,23190.65039062
2025-03-21,23350.40039062
2025-03-24,23658.34960938
2025-03-25,23668.65039062
2025-03-26,23486.84960938
2025-03-27,23591.94921875
2025-03-28,23519.34960938
2025-04-01,23165.69921875
2025-04-02,23332.34960938
2025-04-03,23250.09960938
2025-04-04,22904.44921875
2025-04-07,22161.59960938
2025-04-08,22535.84960938
2025-04-09,22399.15039062
2025-04-11,22828.55078125
2025-04-15,23328.55078125
2025-04-16,23437.19921875
2025-04-17,23851.65039062
2025-04-21,24125.55078125
2025-04-22,24167.25000000
2025-04-23,24328.94921875
2025-04-24,24246.69921875
2025-04-25,24039.34960938
2025-04-28,24328.50000000
2025-04-29,24335.94921875
2025-04-30,24334.19921875
2025-05-02,24346.69921875
2025-05-05,24461.15039062
2025-05-06,24379.59960938
2025-05-07,24414.40039062
2025-05-08,24273.80078125
2025-05-09,24008.00000000
2025-05-12,24924.69921875
2025-05-13,24578.34960938
2025-05-14,24666.90039062
2025-05-15,25062.09960938
2025-05-16,25019.80078125
2025-05-19,24945.44921875
2025-05-20,24683.90039062
2025-05-21,24813.44921875
2025-05-22,24609.69921875
2025-05-23,24853.15039062
2025-05-26,25001.15039062
2025-05-27,24826.19921875
2025-05-28,24752.44921875
2025-05-29,24833.59960938
2025-05-30,24750.69921875
2025-06-02,24716.59960938
2025-06-03,24542.50000000
2025-06-04,24620.19921875
2025-06-05,24750.90039062
2025-06-06,25003.05078125
2025-06-09,25103.19921875
2025-06-10,25104.25000000
2025-06-11,25141.40039062
2025-06-12,24888.19921875
2025-06-13,24718.59960938
2025-06-16,24946.50000000
2025-06-17,24853.40039062
2025-06-18,24812.05078125
2025-06-19,24793.25000000
2025-06-20,25112.40039062
2025-06-23,24971.90039062
2025-06-24,25044.34960938
2025-06-25,25244.75000000
2025-06-26,25549.00000000
2025-06-27,25637.80078125
2025-06-30,25517.05078125
2025-07-01,25541.80078125
2025-07-02,25453.40039062
2025-07-03,25405.30078125
2025-07-04,25461.00000000
2025-07-07,25461.30078125
2025-07-08,25522.50000000
2025-07-09,25476.09960938
2025-07-10,25355.25000000
2025-07-11,25149.84960938
2025-07-14,25082.30078125
2025-07-15,25195.80078125
2025-07-16,25212.05078125
2025-07-17,25111.44921875
2025-07-18,24968.40039062
2025-07-21,25090.69921875
2025-07-22,25060.90039062
2025-07-23,25219.90039062
2025-07-24,25062.09960938
2025-07-25,24837.00000000
2025-07-28,24680.90039062
2025-07-29,24821.09960938
2025-07-30,24855.05078125
2025-07-31,24768.34960938
2025-08-01,24565.34960938
2025-08-04,24722.75000000
2025-08-05,24649.55078125
2025-08-06,24574.19921875
2025-08-07,24596.15039062
2025-08-08,24363.30078125
2025-08-11,24585.05078125
2025-08-12,24487.40039062
2025-08-13,24619.34960938
2025-08-14,24631.30078125
2025-08-18,24876.94921875
2025-08-19,24980.65039062
2025-08-20,25050.55078125
2025-08-21,25083.75000000
2025-08-22,24870.09960938
2025-08-25,24967.75000000
2025-08-26,24712.05078125
2025-08-28,24500.90039062
2025-08-29,24426.84960938
2025-09-01,24625.05078125
2025-09-02,24579.59960938
2025-09-03,24715.05078125
2025-09-04,24734.30078125
2025-09-05,24741.00000000
2025-09-08,24773.15039062
2025-09-09,24868.59960938
2025-09-10,24973.09960938
2025-09-11,25005.50000000
2025-09-12,25114.00000000
2025-09-15,25069.19921875
2025-09-16,25239.09960938
2025-09-17,25330.25000000
2025-09-18,25423.59960938
2025-09-19,25327.05078125
2025-09-22,25202.34960938
2025-09-23,25169.50000000
2025-09-24,25056.90039062
2025-09-25,24890.84960938
2025-09-26,24654.69921875
2025-09-29,24634.90039062
2025-09-30,24611.09960938
2025-10-01,24836.30078125
2025-10-03,24894.25000000
2025-10-06,25077.65039062
2025-10-07,25108.30078125
2025-10-08,25046.15039062
2025-10-09,25181.80078125
2025-10-10,25285.34960938
2025-10-13,25227.34960938
2025-10-14,25145.50000000
2025-10-15,25323.55078125
2025-10-16,25585.30078125
2025-10-17,25709.84960938
2025-10-20,25843.15039062
2025-10-21,25868.59960938
2025-10-23,25891.40039062
2025-10-24,25795.15039062
2025-10-27,25966.05078125
2025-10-28,25936.19921875
2025-10-29,26053.90039062
2025-10-30,25877.84960938
2025-10-31,25722.09960938
2025-11-03,25763.34960938
2025-11-04,25597.65039062
2025-11-06,25509.69921875
2025-11-07,25492.30078125
2025-11-10,25574.34960938
2025-11-11,25694.94921875
2025-11-12,25875.80078125
2025-11-13,25879.15039062
2025-11-14,25910.05078125
2025-11-17,26013.44921875
2025-11-18,25910.05078125
2025-11-19,26052.65039062
2025-11-20,26192.15039062
2025-11-21,26068.15039062
2025-11-24,25959.50000000
2025-11-25,25884.80078125
2025-11-26,26205.30078125
2025-11-27,26215.55078125
2025-11-28,26202.94921875
2025-12-01,26175.75000000
2025-12-02,26032.19921875
2025-12-03,25986.00000000
2025-12-04,26033.75000000
2025-12-05,26186.44921875
2025-12-08,25960.55078125
2025-12-09,25839.65039062
2025-12-10,25758.00000000
2025-12-11,25898.55078125
2025-12-12,26046.94921875
2025-12-15,26027.30078125
2025-12-16,25860.09960938
2025-12-17,25818.55078125
2025-12-18,25815.55078125
2025-12-19,25966.40039062
2025-12-22,26172.40039062
2025-12-23,26177.15039062
2025-12-24,26142.09960938
2025-12-26,26042.30078125
2025-12-29,25942.09960938
2025-12-30,25938.84960938
2025-12-31,26129.59960938
2026-01-01,26146.55078125
2026-01-02,26328.55078125
2026-01-05,26250.30078125
2026-01-06,26178.69921875
2026-01-07,26140.75000000
2026-01-08,25876.84960938
2026-01-09,25683.30078125
2026-01-12,25790.25000000
2026-01-13,25732.30078125
2026-01-14,25665.59960938
2026-01-16,25694.34960938
2026-01-19,25585.50000000
2026-01-20,25232.50000000
2026-01-21,25157.50000000
2026-01-22,25289.90039062
2026-01-23,25048.65039062
2026-01-27,25175.40039062
2026-01-28,25342.75000000
2026-01-29,25418.90039062
2026-01-30,25320.65039062
2026-02-02,25088.40039062
2026-02-03,25727.55078125
2026-02-04,25776.00000000
2026-02-05,25642.80078125
2026-02-06,25693.69921875
2026-02-09,25867.30078125
2026-02-10,25935.15039062
2026-02-11,25953.84960938
2026-02-12,25807.19921875
2026-02-13,25471.09960938
2026-02-16,25682.75000000
2026-02-17,25725.40039062
2026-02-18,25819.34960938
2026-02-19,25454.34960938
2026-02-20,25571.25000000
2026-02-23,25713.00000000
2026-02-24,25424.65039062
2026-02-25,25482.50000000
2026-02-26,25496.55078125
2026-02-27,25178.65039062
2026-03-02,24865.69921875
2026-03-04,24480.50000000
2026-03-05,24765.90039062
2026-03-06,24450.44921875
2026-03-09,24028.05078125
2026-03-10,24261.59960938
2026-03-11,23866.84960938
2026-03-12,23639.15039062
2026-03-13,23151.09960938
2026-03-16,23408.80078125
2026-03-17,23581.15039062
2026-03-18,23777.80078125
2026-03-19,23002.15039062
2026-03-20,23114.50000000
2026-03-23,22512.65039062
2026-03-24,22912.40039062
2026-03-25,23306.44921875
2026-03-27,22819.59960938
2026-03-30,22331.40039062
2026-04-01,22679.40039062
2026-04-02,22713.09960938
2026-04-06,22968.25000000
2026-04-07,23123.65039062
2026-04-08,23997.34960938
2026-04-09,23775.09960938
2026-04-10,24050.59960938
2026-04-13,23842.65039062
2026-04-15,24231.30078125
2026-04-16,24196.75000000
2026-04-17,24353.55078125
2026-04-20,24364.84960938
2026-04-21,24576.59960938
2026-04-22,24378.09960938
2026-04-23,24173.05078125
2026-04-24,23897.94921875
2026-04-27,24092.69921875
2026-04-28,23995.69921875
2026-04-29,24177.65039062
2026-04-30,23997.55078125
2026-05-04,24119.30078125
2026-05-05,24032.80078125
2026-05-06,24330.94921875
2026-05-07,24326.65039062
2026-05-08,24176.15039062
2026-05-11,23815.84960938
2026-05-12,23379.55078125
2026-05-13,23412.59960938
2026-05-14,23689.59960938
2026-05-15,23643.50000000
2026-05-18,23649.94921875
2026-05-19,23618.00000000
2026-05-20,23659.00000000
2026-05-21,23654.69921875
2026-05-22,23719.30078125
2026-05-25,24031.69921875
2026-05-26,23913.69921875
2026-05-27,23907.15039062
2026-05-29,23547.75000000
2026-06-01,23382.59960938
2026-06-02,23483.55078125
2026-06-03,23405.59960938
2026-06-04,23416.55078125
2026-06-05,23366.69921875
2026-06-08,23123.00000000
2026-06-09,23242.09960938
2026-06-10,23214.94921875
2026-06-11,23161.59960938
2026-06-12,23622.90039062
2026-06-15,23853.90039062
2026-06-16,23989.15039062
2026-06-17,24085.69921875
2026-06-18,24168.00000000
2026-06-19,24013.09960938
2026-06-22,24102.90039062
2026-06-23,23824.09960938
2026-06-24,24021.65039062
2026-06-25,24056.00000000
2026-06-29,23946.25000000
2026-06-30,23865.75000000
2026-07-01,24005.84960938
2026-07-02,24175.69921875
2026-07-03,24270.84960938
2026-07-06,24430.34960938
2026-07-07,24398.69921875
2026-07-08,23882.05078125
2026-07-09,23962.80078125
2026-07-10,24206.90039062
2026-07-13,24211.00000000
2026-07-14,24052.05078125
2026-07-15,24078.50000000
2026-07-16,24072.75000000
2026-07-17,24334.30078125
2026-07-20,24238.50000000
2026-07-21,24187.69921875
2026-07-22,23996.25000000
2026-07-23,23869.59960938
2026-07-24,23767.44921875
2026-07-27,23995.94921875
2026-07-28,23985.34960938
2026-07-29,24250.19921875
2026-07-30,24317.15039062
2026-07-31,24383.59960938
2026-08-03,24774.30078125
2026-08-04,24614.90039062
2026-08-05,24624.65039062
2026-08-06,24636.00000000
2026-08-07,24570.65039062
2026-08-10,24583.80078125
2026-08-11,24471.69921875
2026-08-12,24435.94921875
2026-08-13,24395.84960938
2026-08-14,24366.00000000
2026-08-17,24287.65039062
2026-08-18,24154.90039062
2026-08-19,24078.30078125
2026-08-20,24231.84960938
2026-08-21,24252.00000000
2026-08-24,24219.05078125
2026-08-25,24334.55078125
2026-08-26,24207.75000000
2026-08-27,24090.84960938
2026-08-28,24175.65039062
2026-08-31,24080.40039062
2026-09-01,24055.80078125
2026-09-02,23914.44921875
2026-09-03,23873.44921875
2026-09-04,23897.69921875
